"entity_name","entity_id","team_name","year","runner_runs","fielder_runs","runner_runs_advances","runner_runs_thrown_out","runner_runs_hold","fielder_runs_advances","fielder_runs_thrown_out","fielder_runs_hold","n_opp_xb","n_att_xb","rate_att_xb","est_rate_att_generic_runner","est_rate_att_generic_fielder","n_out","n_safe","rate_safe","rate_safe_per_attempt"
"Naylor, Josh",647304,"SEA",2026,-3.826195072800848,1.7387243945215376,0.706743264431182,-2.6133985621918834,-1.919539775040146,-1.6173019596647564,2.5074057875524174,0.8486205666338766,101,26,0.2574257425742574,0.3256541115296721,0.23991374745748972,3,23,0.2277227722772278,0.8846153846153846
"Springer, George",543807,"TOR",2026,-0.6239769485512356,1.0031109299401801,1.0786531527947818,-0.817517605413485,-0.8851124959325325,-0.9172605557887459,0.8529721284304401,1.067399357298486,70,24,0.342857142857143,0.35797171704724917,0.37839951193035753,1,23,0.32857142857142874,0.9583333333333334
"Alvarez, Yordan",670541,"HOU",2026,-2.972241694817634,1.4061388583195662,0.8268075630773536,-0.865992014213558,-2.933057243681429,-1.293976335983499,0.8037451132430207,1.8963700810600443,105,29,0.2761904761904763,0.3871405192881023,0.32650422735056733,1,28,0.2666666666666667,0.9655172413793104
"Stephenson, Tyler",663886,"CIN",2026,-1.0705386627885636,0.5246730414436119,0.21697559389323173,0,-1.2875142566817956,-0.29305972496778887,0,0.8177327664114008,60,14,0.23333333333333334,0.33430564188912726,0.291811932761671,0,14,0.23333333333333334,1
"Duran, Ezequiel",677649,"TEX",2026,0.528450248411855,0.3719787286991348,1.9533827700821902,-0.8247168554215561,-0.6002156662487789,-1.4444073547703238,0.9196797390945913,0.8967063443748673,64,29,0.453125,0.40054273891063047,0.4584173828740657,1,28,0.43749999999999994,0.9655172413793104
"Soto, Juan",665742,"NYM",2026,-0.607474576283049,0.05718872244829201,1.4000299086745969,-0.7824332651677162,-1.22507121978993,-1.7139962406834455,0.7752141712859567,0.995970791845781,63,22,0.3492063492063492,0.37146031534447926,0.33636223755264544,1,21,0.3333333333333334,0.9545454545454546
"Judge, Aaron",592450,"NYY",2026,0.2793135061639882,-0.6458992070716252,0.7921606657006596,0,-0.5128471595366714,-0.9835887854336793,0,0.33768957836205427,42,15,0.3571428571428571,0.3851159225689627,0.35267026073536206,0,15,0.3571428571428571,1
"Schneemann, Daniel",682177,"CLE",2026,-0.5940935069946598,0.8268195108048845,1.4755957968284175,-1.5829348042110636,-0.4867544996120141,-1.3140608011488184,1.6126591812385782,0.528221130715125,46,21,0.4565217391304348,0.3831310484344011,0.4045804965045367,2,19,0.4130434782608695,0.9047619047619048
"Burleson, Alec",676475,"STL",2026,-0.22851170871185758,-1.8876591587120952,1.7311292584879263,0,-1.9596409671997839,-2.8117931822122006,0,0.9241340235001058,96,38,0.3958333333333335,0.4466664125148683,0.3605305673270528,0,38,0.3958333333333335,1
"Caminero, Junior",691406,"TB",2026,-0.2880434283102785,-0.6251117538655919,1.06067598368265,0,-1.3487194119929289,-1.457166107405095,0,0.8320543535395033,79,23,0.2911392405063292,0.3463790495314629,0.2947121041215987,0,23,0.2911392405063292,1
"Fermín, José",665877,"STL",2026,0.22108701975262562,-0.21436228412615937,0.8862999654351055,0,-0.66521294568248,-0.9013708077472399,0,0.6870085236210804,44,14,0.3181818181818182,0.33148636021583106,0.33366085313399046,0,14,0.3181818181818182,1
"Dubón, Mauricio",643289,"ATL",2026,1.2000014392335385,-0.9750185337873452,2.0669503855072433,0,-0.866948946273705,-1.9985818473360557,0,1.0235633135487106,89,28,0.31460674157303387,0.29823803276149613,0.310228423703582,0,28,0.31460674157303387,1
"Hicks, Liam",689414,"MIA",2026,-4.525339925329974,2.590705038408997,1.4207254759075802,-3.476702849993969,-2.469362551243585,-1.997073381830072,3.315088265212219,1.2726901550268492,93,22,0.2365591397849463,0.31397562336918194,0.22026589068316463,4,18,0.1935483870967742,0.8181818181818182
"Mead, Curtis",678554,"MLB",2026,-0.6217271492524256,0.1093426879266317,1.5796096990178219,-0.788496152758687,-1.4128406955115607,-1.7689428121413824,0.765656323863258,1.1126291762047562,60,25,0.41666666666666663,0.4378537547588065,0.3981833810407274,1,24,0.4,0.96
"Lee, Brooks",686797,"MIN",2026,0.49967602248421655,-1.5667837972329781,1.2495849061009126,0,-0.7499088836166964,-1.9574170528362653,0,0.3906332556032875,75,25,0.3333333333333334,0.3380293584480006,0.28208439328743506,0,25,0.3333333333333334,1
"Hedges, Austin",595978,"CLE",2026,-0.6551905645879051,-0.609327845661921,0.4343795016010974,0,-1.089570066189002,-0.9377047617483949,0,0.32837691608647385,38,10,0.26315789473684215,0.3733303906720165,0.24021600255279893,0,10,0.26315789473684215,1
"Albies, Ozzie",645277,"ATL",2026,0.9902200048285261,-0.13160867450247174,2.336956676150955,0,-1.3467366713224285,-1.9260748210792857,0,1.794466146576814,95,36,0.3789473684210527,0.38079899596618905,0.41693558645520784,0,36,0.3789473684210527,1
"House, Brady",691781,"WSH",2026,-0.6654250446172679,0.6982704135735619,0.6116938425819973,-0.839491551317353,-0.43762733588191244,-0.5901311689506075,0.8225601515483212,0.4658414309758483,37,13,0.35135135135135126,0.35446284504300213,0.3567421181219296,1,12,0.32432432432432423,0.9230769230769231
"Ward, Taylor",621493,"BAL",2026,-2.795503458027578,2.6973793989551407,1.9784043314583826,-2.4260212600125852,-2.347886529473376,-1.9977957945545994,2.470100581976455,2.225074611533284,133,45,0.33834586466165395,0.37614184469456635,0.3721699872030957,3,42,0.3157894736842105,0.9333333333333333
"Vierling, Matt",663837,"DET",2026,0.12522697015776496,0.3297987304373495,1.3329157851938505,-0.9079965785081652,-0.2996922365279204,-1.0352761552809318,0.9291441762770346,0.4359307094412462,51,23,0.4509803921568627,0.3996924981001396,0.43569063564660937,1,22,0.4313725490196078,0.9565217391304348
"Herrera, Iván",671056,"STL",2026,-3.4871351152000627,1.899447270319712,1.2327244599142744,-2.748941715833542,-1.970917859280797,-1.7311880848872436,2.505545438232174,1.125089916974783,105,31,0.29523809523809535,0.35419327916597404,0.28807133054815237,3,28,0.26666666666666655,0.9032258064516129
"Caballero, José",676609,"NYY",2026,1.4060668132265297,-1.0330334871902886,1.7277485580653344,0,-0.32168174483880474,-1.423797415397304,0,0.3907639282070157,53,23,0.4339622641509434,0.37784012984085413,0.4032236864839448,0,23,0.4339622641509434,1
"McKinstry, Zach",656716,"DET",2026,0.125320709195096,0.3756296931519024,2.1074328776777875,-1.538506314911742,-0.44360585357094967,-1.8048453224211372,1.5631080603054945,0.617366955267545,57,23,0.4035087719298246,0.28059180692782554,0.32166981145720314,2,21,0.36842105263157887,0.9130434782608695
"Ramos, Heliot",671218,"SF",2026,0.6084020579734873,-0.7228762077204542,1.3580054087371618,0,-0.7496033507636743,-1.4638684337837258,0,0.7409922260632719,72,25,0.3472222222222224,0.3440992979265569,0.3365998803981726,0,25,0.3472222222222224,1
"Arenado, Nolan",571448,"AZ",2026,-1.4412596955514454,-0.18329229389207388,1.1320860411266895,-0.9180864682949665,-1.6552592683831684,-1.9115868351403327,0.8266152886884071,0.901679252559852,74,26,0.35135135135135126,0.416720952190957,0.33752166754830143,1,25,0.33783783783783816,0.9615384615384616
"Lindor, Francisco",596019,"NYM",2026,0.06799399517991904,-0.04119229564604051,1.3089656074846712,-0.7711801778176952,-0.46979143448705696,-1.3541268556064605,0.7943430695975228,0.5185914903628973,42,17,0.4047619047619047,0.36073230806414563,0.3679121320119321,1,16,0.3809523809523809,0.9411764705882353
"Contreras, William",661388,"MIL",2026,-1.1872346859584975,-0.046957075269426815,0.9603070524605714,0,-2.147541738419068,-1.4033488294523846,0,1.3563917541829575,88,19,0.21590909090909097,0.31272467295644146,0.2479082923822243,0,19,0.21590909090909097,1
"Grissom, Vaughn",687093,"LAA",2026,0.10130742243054566,-0.35325061741159536,0.9296667752254664,0,-0.8283593527949209,-1.0175659851629657,0,0.6643153677513701,43,16,0.372093023255814,0.3961190077025179,0.3709937274712277,0,16,0.372093023255814,1
"Rafaela, Ceddanne",678882,"BOS",2026,2.924347217859859,-1.0341309887673928,4.309251968737697,-0.7789636888618564,-0.6059410620159814,-2.9981710047642203,0.8276683446767461,1.136371671320082,94,39,0.4148936170212766,0.29843417167134106,0.38228837064394455,1,38,0.4042553191489362,0.9743589743589743
"O'Hoppe, Logan",681351,"LAA",2026,-2.0124450877582225,1.9770736729508598,0.36371351519602,-0.925885482532834,-1.4502731204214088,-0.3713132291632121,0.9082316671327407,1.4401552349813311,38,9,0.2368421052631579,0.3958152850648336,0.3900679964118855,1,8,0.21052631578947373,0.8888888888888888
"Swanson, Dansby",621020,"CHC",2026,2.183023848867989,-1.106897928502239,3.505579785565251,-0.7607358713760749,-0.5618200653211874,-2.731228160217203,0.7710364415671309,0.8532937901478338,80,40,0.5000000000000001,0.389641141467758,0.44266162074710186,1,39,0.4874999999999999,0.975
"Seager, Corey",608369,"TEX",2026,-0.9488884680151137,0.20274835435164007,0.21940068029694004,0,-1.1682891483120539,-0.4458912203946785,0,0.6486395747463184,36,9,0.25000000000000006,0.3932962580176324,0.30483332036441013,0,9,0.25000000000000006,1
"Díaz, Yandy",650490,"TB",2026,-1.1433222571820674,-0.21652502142688976,2.1598278676143696,-0.7730884116597126,-2.530061713136724,-2.7722244718001434,0.7649674567070105,1.7907319936662434,101,33,0.32673267326732686,0.38226943177305506,0.32599996215837584,1,32,0.3168316831683167,0.9696969696969697
"Caratini, Victor",605170,"MIN",2026,-2.5358440719265682,0.24169348579384642,0.41876751101546894,-0.8885807091795848,-2.0660308737624526,-1.3066603624204458,0.807218443758041,0.7411354044562511,59,13,0.22033898305084745,0.372732145316424,0.2172729532031302,1,12,0.2033898305084746,0.9230769230769231
"Lee, Hao-Yu",701678,"DET",2026,-1.4073474437333011,1.6321493829519604,0.7334074094988662,-1.6864319174497449,-0.45432293578242267,-0.59993528074065,1.696999181975607,0.5350854817170025,44,16,0.36363636363636365,0.3459380179946953,0.3642044698187648,2,14,0.3181818181818182,0.875
"Duran, Jarren",680776,"BOS",2026,1.4882596704515343,-0.39403695078116596,2.6795899603724944,-0.7513828784699793,-0.4399474114509814,-1.9393712867976893,0.7583795650802764,0.7869547709362473,60,26,0.43333333333333324,0.3066904975665184,0.38463915323922493,1,25,0.4166666666666667,0.9615384615384616
"Perez, Salvador",521692,"KC",2026,-1.6689033130014843,-0.21894381464559648,0.429444981179137,0,-2.098348294180621,-0.8547076060578612,0,0.6357637914122646,70,19,0.27142857142857135,0.410851069237916,0.29341522461120717,0,19,0.27142857142857135,1
"Holliday, Jackson",702616,"BAL",2026,0.23039460514325924,0.20469116980515673,0.9826487556089538,0,-0.7522541504656944,-0.7721518880087025,0,0.9768430578138592,40,11,0.275,0.283137662095758,0.33217393473910517,0,11,0.275,1
"Clemens, Kody",665019,"MIN",2026,0.5938816788030883,-0.5007124341448355,2.68285439875847,-1.540236098273672,-0.5487366216817096,-2.6144767821051818,1.5396867810556658,0.5740775669046806,70,36,0.5142857142857142,0.414313867889798,0.417674823466844,2,34,0.48571428571428554,0.9444444444444444
"Contreras, Willson",575929,"BOS",2026,-1.0490927591706933,1.094695139798771,1.9422156547822782,-1.5364978561443068,-1.4548105578086652,-1.9316784421948927,1.531712005468199,1.494661576525465,88,31,0.35227272727272724,0.3455580097185019,0.34891749113925513,2,29,0.32954545454545453,0.9354838709677419
"Steer, Spencer",668715,"CIN",2026,1.5143062458503371,-1.2650716953647396,1.9185486622771546,0,-0.4042424164268169,-1.7006787862104191,0,0.4356070908456795,67,26,0.38805970149253743,0.33855612536722307,0.3520141417930336,0,26,0.38805970149253743,1
"Paredes, Isaac",670623,"HOU",2026,-0.676519504976339,-1.004036006763899,0.7594134544189218,0,-1.435932959395261,-1.5931169171730868,0,0.5890809104091878,83,24,0.2891566265060242,0.3526624983851365,0.2691417311277759,0,24,0.2891566265060242,1
"McGonigle, Kevin",805808,"DET",2026,2.798008574782284,-1.6230092856094278,5.181551064908181,-0.7548271163113343,-1.6287153738145639,-4.403034013621566,0.7543541200071913,2.0256706080049467,127,53,0.4173228346456692,0.3494337645709059,0.38428176758416605,1,52,0.40944881889763773,0.9811320754716981
"Rushing, Dalton",687221,"LAD",2026,0.6960261098099285,-0.6928642405519293,1.4858515959079577,0,-0.7898254860980289,-1.4520083042841456,0,0.7591440637322164,54,23,0.4259259259259259,0.4083513169977241,0.4094852639131304,0,23,0.4259259259259259,1
"Lee, Jung Hoo",808982,"SF",2026,-0.31200542370493933,0.8207176915740627,2.420617955207607,-1.5543256858031969,-1.1782976931093496,-2.117425739927359,1.5586394492057167,1.3795039822957051,110,41,0.3727272727272727,0.3490188979369348,0.3697054817262787,2,39,0.3545454545454546,0.9512195121951219
"Aranda, Jonathan",666018,"TB",2026,-2.103257417174256,0.5030507350900645,0.9577669871537416,-0.8583281327343844,-2.2026962715936134,-1.506476670804569,0.7838937971433627,1.2256336087512707,88,25,0.28409090909090917,0.37677757224016434,0.30206921644694656,1,24,0.27272727272727276,0.96
"Marsee, Jakob",805300,"MIA",2026,1.038419738649436,-0.7792571169646316,2.0397657256753616,0,-1.0013459870259267,-1.8704418113065613,0,1.0911846943419299,76,30,0.3947368421052632,0.3806725552472487,0.39232416456047764,0,30,0.3947368421052632,1
"Langeliers, Shea",669127,"ATH",2026,-0.04646881751279191,0.2867887636681588,1.4713220843289614,0,-1.517790901841753,-1.3330549239483505,0,1.6198436876165094,75,26,0.3466666666666667,0.39332025552443634,0.40191519331037767,0,26,0.3466666666666667,1
"Tena, José",677588,"WSH",2026,1.2722465447959146,-0.8993819868737686,1.7873555090739082,0,-0.5151089642779939,-1.571615710339442,0,0.6722337234656732,52,20,0.38461538461538464,0.3270222533590381,0.36126143602672606,0,20,0.38461538461538464,1
"Soler, Jorge",624585,"LAA",2026,-1.847711535658035,1.4211607465801543,0.6296465845608255,-0.8929169177894358,-1.5844412024294243,-0.7917001997941269,0.9579989562359053,1.2548619901383762,63,16,0.253968253968254,0.34525453344984175,0.31225782566956567,1,15,0.23809523809523814,0.9375
"Jung, Josh",673962,"TEX",2026,-1.433916547201639,0.202534123498878,1.0683841429708316,-0.7670998586001767,-1.7352008315722935,-1.5408045415733647,0.7564083714657133,0.9869302936065297,117,33,0.2820512820512823,0.33338185596788755,0.28772516071617316,1,32,0.2735042735042737,0.9696969696969697
"Andujar, Miguel",609280,"SD",2026,0.049993110139273225,-0.31956511856303593,1.1423350025158556,0,-1.092341892376583,-1.240559492250496,0,0.9209943736874604,63,20,0.31746031746031744,0.3464616589184501,0.3268764688998148,0,20,0.31746031746031744,1
"France, Ty",664034,"SD",2026,-1.8015568682391012,0.19868500946151152,0.5875411089841261,-1.594049812094585,-0.7950481651286426,-1.4905086856811145,1.5138062486102435,0.17538744653238247,58,20,0.3448275862068965,0.37122350715065566,0.26375003184177664,2,18,0.31034482758620696,0.9
"Alexander, Blaze",677942,"BAL",2026,1.563810820733695,-0.8273011952100764,2.1613783304894585,0,-0.597567509755763,-1.5813665224912903,0,0.7540653272812144,67,25,0.3731343283582091,0.323806551113895,0.3646972299543271,0,25,0.3731343283582091,1
"Gonzales, Nick",693304,"PIT",2026,0.8142975476943113,0.14321059206312794,2.5433554404304606,-0.7936101398826652,-0.9354477528534838,-2.105459860115044,0.8364757226530479,1.4121947295251238,94,32,0.3404255319148938,0.2938365008260579,0.3377475811880943,1,31,0.3297872340425531,0.96875
"Walker, Jordan",691023,"STL",2026,0.595896409826778,0.45578892937905857,2.388596534173531,0,-1.7927001243467537,-1.9684554159310148,0,2.4242443453100737,101,36,0.35643564356435636,0.3831699237471024,0.4252226639016983,0,36,0.35643564356435636,1
"Crawford, J.P.",641487,"SEA",2026,0.2597922210752977,-0.39594887702992404,0.7583134769269536,0,-0.4985212558516559,-0.8343462312775757,0,0.4383973542476514,41,10,0.2439024390243903,0.25652349475177266,0.23997597454576633,0,10,0.2439024390243903,1
"Peters, Tristan",671976,"CWS",2026,2.259023343087837,-1.5657124389326929,2.447203814015806,0,-0.1881804709279693,-1.8909442287558087,0,0.32523178982311557,69,27,0.39130434782608703,0.29343754219484863,0.33064089280330355,0,27,0.39130434782608703,1
"Hernández, Teoscar",606192,"LAD",2026,0.2429254125352259,0.3848927853862736,2.007000496892189,-0.8023643338024302,-0.9617107505545324,-1.6783952863044116,0.8417693998613021,1.2215186718293827,63,26,0.4126984126984127,0.3751649248135432,0.41755636522427664,1,25,0.39682539682539675,0.9615384615384616
"Mack, Joe",691788,"MIA",2026,-0.03987005529841166,-0.5526974437271592,0.4080321697379022,0,-0.44790222503631394,-0.7502745541954685,0,0.1975771104683094,38,10,0.26315789473684215,0.29576040829407907,0.23237744886458375,0,10,0.26315789473684215,1
"Edman, Tommy",669242,"LAD",2026,0.42132459593724003,0.2685757504531076,1.0435107414992109,0,-0.6221861455619708,-0.8497453676042959,0,1.1183211180574035,37,15,0.40540540540540543,0.4078183064174504,0.4902918595064757,0,15,0.40540540540540543,1
"Semien, Marcus",543760,"NYM",2026,0.7830987958620899,-0.540903702117267,1.551401447163057,0,-0.7683026513009673,-1.4175493309999816,0,0.8766456288827148,50,18,0.35999999999999993,0.3270143672569063,0.3484642957595616,0,18,0.35999999999999993,1
"Jensen, Carter",695600,"KC",2026,0.35883354951528734,-0.0013851657977016242,2.0372917375973882,-0.8064993737314982,-0.8719588143506031,-1.825144680730782,0.8182388335962426,1.005520681336838,80,32,0.4,0.379210363998681,0.3978575100411269,1,31,0.38749999999999996,0.96875
"Lewis, Royce",668904,"MIN",2026,0.9436349133482911,-0.9293418277013081,1.3150506035262088,0,-0.37141569017791737,-1.3792197853933472,0,0.4498779576920393,53,21,0.39622641509433965,0.3678072729298682,0.36843217527248884,0,21,0.39622641509433965,1
"Young, Jacob",696285,"WSH",2026,1.885011268797221,-0.9223647143143234,2.0572489393349027,0,-0.172237670537682,-1.4099137871834522,0,0.48754907286912863,59,25,0.42372881355932196,0.33163504843038266,0.40102840887288804,0,25,0.42372881355932196,1
"Vargas, Miguel",678246,"CWS",2026,0.5178305039997223,-0.2752645354364415,2.8656828537670322,-1.5931957236606173,-0.7546566261066929,-2.7876967825819055,1.586867859885852,0.9255643872596115,84,44,0.5238095238095237,0.4440423329008992,0.4571944387674522,2,42,0.49999999999999994,0.9545454545454546
"Yelich, Christian",592885,"MIL",2026,-0.06903417993220337,0.737310382057211,1.3974373191146219,-0.8911882827125905,-0.575283216334235,-1.1311876499973912,0.9781490042576435,0.8903490277969583,57,25,0.43859649122807026,0.4161964895865842,0.4623633641149451,1,24,0.42105263157894735,0.96
"Rutschman, Adley",668939,"BAL",2026,-0.42039597471434165,0.015706175048809185,0.830989480510234,-0.8051733576319191,-0.4462120975926567,-1.0448372084514004,0.7862228267224494,0.27432055677776007,50,20,0.39999999999999997,0.3932534947404406,0.35648855662317314,1,19,0.38000000000000006,0.95
"Myers, Dane",667472,"CIN",2026,0.4712613916067651,-0.14828961359144202,0.895065477647231,0,-0.4238040860404659,-0.6540981637537785,0,0.5058085501623364,37,14,0.37837837837837834,0.373833310565086,0.4078411302186038,0,14,0.37837837837837834,1
"Kurtz, Nick",701762,"ATH",2026,-0.7184515344330011,0.22216312858387774,1.4869897202785913,-0.9334535071826391,-1.2719877475289536,-1.726146052394375,0.9285690799837609,1.0197401009944915,83,28,0.33734939759036153,0.36562444648004166,0.3377943267303752,1,27,0.32530120481927716,0.9642857142857143
"Palacios, Richie",680700,"TB",2026,0.7644657375426855,-0.6756263118769155,1.2017941680905582,0,-0.4373284305478728,-1.1657110773058226,0,0.4900847654289071,45,17,0.3777777777777779,0.34836920593972975,0.35626245205522683,0,17,0.3777777777777779,1
"Eldridge, Bryce",805811,"SF",2026,-2.503623950563431,0.9508837489400648,0.36804883105736896,-0.8542687057880373,-2.0174040758327623,-0.7326415043212682,0.7980348831680288,0.8854903700933039,61,20,0.3278688524590165,0.4683183172724581,0.36401324009811054,1,19,0.3114754098360656,0.95
"Sheets, Gavin",657757,"SD",2026,-1.2670536843485747,0.5504751364923873,0.9968065807049489,-0.9386267645542643,-1.325233500499259,-1.2262698002408126,0.9042141266913553,0.8725308100418447,64,21,0.32812500000000006,0.3869623180487622,0.33970413967528496,1,20,0.3125,0.9523809523809523
"Nimmo, Brandon",607043,"TEX",2026,0.8777437116845943,-0.13183611030486936,2.0668703727030557,0,-1.1891266610184619,-1.7629539166401567,0,1.631117806335287,96,31,0.32291666666666663,0.32162230060315106,0.35747716544374775,0,31,0.32291666666666663,1
"Carpenter, Kerry",681481,"DET",2026,-0.5265213186113885,0.5673371371850227,0.31607838822227724,0,-0.842599706833666,-0.31891487980590094,0,0.8862520169909237,35,10,0.2857142857142857,0.37682708550517563,0.3809239013799309,0,10,0.2857142857142857,1
"Busch, Michael",683737,"CHC",2026,-2.3845621475543997,1.5218176367610177,0.8466503952913824,-1.643766961489684,-1.5874455813560986,-1.2055690421909933,1.5988785315202239,1.1285081474317866,80,25,0.3124999999999999,0.37158765844096414,0.32510725189888773,2,23,0.28750000000000014,0.92
"Yastrzemski, Mike",573262,"ATL",2026,0.8099087902032558,-1.0905290081252879,1.7044938748260505,0,-0.8945850846227946,-1.8881940902231475,0,0.79766508209786,57,23,0.4035087719298246,0.38567515165492333,0.36790255415004697,0,23,0.4035087719298246,1
"Garcia, Maikel",672580,"KC",2026,1.5131254291060192,-1.2788372666856787,1.978479565983865,0,-0.4653541368778463,-1.7555536771328892,0,0.4767164104472113,82,34,0.4146341463414633,0.3822681284227094,0.3919465059441664,0,34,0.4146341463414633,1
"Benintendi, Andrew",643217,"CWS",2026,-0.7909907356431821,0.8377126174859588,1.3930424782100719,-0.8759477873527776,-1.3080854265004758,-1.432648946632837,0.8911903990743524,1.379171165044443,62,23,0.37096774193548376,0.40766963426312375,0.4089599729506294,1,22,0.3548387096774193,0.9565217391304348
"Baldwin, Drake",686948,"ATL",2026,-0.5576122897753737,-0.6441710504761811,1.267573193311791,0,-1.8251854830871639,-1.719544119190802,0,1.075373068714621,72,19,0.2638888888888889,0.3396288483588825,0.2660904416220985,0,19,0.2638888888888889,1
"Torkelson, Spencer",679529,"DET",2026,-0.17377032795162253,-0.3758376727618664,0.9478066141078144,0,-1.121576942059437,-1.1142296573077068,0,0.7383919845458405,72,24,0.3333333333333336,0.3808524311430337,0.3452809191147207,0,24,0.3333333333333336,1
"Cronenworth, Jake",630105,"SD",2026,0.37588724870221507,-0.12638434029594697,0.9515586488692115,0,-0.5756714001669962,-0.832582279601423,0,0.7061979393054761,36,12,0.3333333333333333,0.34304297895375,0.37030232056582474,0,12,0.3333333333333333,1
"Marte, Ketel",606466,"AZ",2026,0.13015511582283715,0.13452061978944221,1.4060558289977427,0,-1.2759007131749056,-1.290323864434899,0,1.424844484224341,102,35,0.3431372549019607,0.36689976695544835,0.378410554920468,0,35,0.3431372549019607,1
"Realmuto, J.T.",592663,"PHI",2026,0.8418901206664677,-0.3090288523671866,1.3832276244694088,0,-0.541337503802941,-1.1903780053788555,0,0.8813491530116688,50,19,0.38,0.38466864837076525,0.4279979973133704,0,19,0.38,1
"Vivas, Jorbit",678391,"WSH",2026,0.6252198703761633,-0.9552466062656266,1.2343328870430939,0,-0.6091130166669305,-1.3874396074747397,0,0.4321930012091134,49,18,0.3673469387755102,0.35193242222242466,0.3214305019506046,0,18,0.3673469387755102,1
"Goodman, Hunter",696100,"COL",2026,-2.0452006258928903,1.8471769015784212,1.220362995137272,-1.6070777058553014,-1.658485915174861,-1.3089997590753268,1.6319187951548537,1.5242578654988945,79,27,0.3417721518987342,0.38598427786239425,0.37331073904550754,2,25,0.31645569620253167,0.9259259259259259
"Sanoja, Javier",691594,"MIA",2026,0.6642528142842161,-0.2541252262808286,1.9176700621427043,-0.7739199738303022,-0.47949727402818576,-1.5949420674265038,0.7895570616071492,0.5512597795385262,69,30,0.43478260869565216,0.37144866409588323,0.39207795277594826,1,29,0.42028985507246375,0.9666666666666667
"McCarthy, Jake",664983,"COL",2026,2.395549391602913,-0.2520580201704131,4.927666645206625,-2.3026869492883284,-0.2294303043153836,-3.2708670703814895,2.387903907166944,0.6309051430441319,75,41,0.5466666666666665,0.3028210143199392,0.4231067350042446,3,38,0.5066666666666664,0.926829268292683
"Abrams, CJ",682928,"WSH",2026,0.5363230506986971,0.4873722387064951,3.0330617981536068,-0.8377701082351038,-1.658968639219805,-2.5193925823961827,0.8725872286396487,2.1341775924630295,99,40,0.404040404040404,0.3802458078559548,0.4233385588492876,1,39,0.39393939393939387,0.975
"Thomas, Lane",657041,"KC",2026,0.9714535263699888,-0.07400854656487335,2.2402093622241672,-0.9105637805848088,-0.3581920552693699,-1.692165710983317,0.9748593213759429,0.6432978430425008,62,30,0.4838709677419354,0.39343653744277296,0.4514317886919446,1,29,0.467741935483871,0.9666666666666667
"Mayer, Marcelo",691785,"BOS",2026,-0.19845526477011102,0.07744207995227197,0.5803479882928382,0,-0.7788032530629493,-0.5935847764061251,0,0.671026856358397,46,15,0.32608695652173925,0.38433437796600095,0.36966034101609285,0,15,0.32608695652173925,1
"Church, Nathan",701675,"STL",2026,0.4211744571081471,0.15176151519694514,1.5797716362842726,-0.7625825502797698,-0.39601462889635586,-1.2335640960889251,0.7786314345894929,0.6066941766963775,52,23,0.44230769230769235,0.3693314982618405,0.4143240461385479,1,22,0.42307692307692313,0.9565217391304348
"Crews, Dylan",686611,"WSH",2026,0.49654843823557004,0.020752771232186745,1.2052280454371964,0,-0.7086796072016264,-0.9870540238997794,0,1.0078067951319667,45,18,0.39999999999999997,0.3833313581272244,0.43840312556709665,0,18,0.39999999999999997,1
"Stewart, Sal",701398,"CIN",2026,-2.3626908040939556,1.7261255450802144,0.7825857371340725,-1.7402163290663826,-1.4050602121616456,-0.9568869687764904,1.7022043851022,0.9808081287545047,83,26,0.31325301204819284,0.36291761542770556,0.3282131427101952,2,24,0.28915662650602414,0.9230769230769231
"Johnston, Troy",687859,"COL",2026,0.2598518611554401,-1.5029127898663195,1.9034494127282708,-0.7582516827187632,-0.8853458688540674,-2.645411317668865,0.7527972429139532,0.3897012848885927,82,33,0.402439024390244,0.37837621456104803,0.3177779093282688,1,32,0.3902439024390245,0.9696969696969697
"Butler, Lawrence",671732,"ATH",2026,-0.5881647830776866,0.15382148867376433,1.3398128807015224,-0.7613230710240557,-1.166654592755154,-1.5243701293196663,0.7577700744314757,0.9204215435619549,55,23,0.41818181818181815,0.44230218318131187,0.4083660275648148,1,22,0.39999999999999997,0.9565217391304348
"Bell, Josh",605137,"MIN",2026,-2.486243122311484,1.1508413964251702,1.1605124378052591,-1.8772535291085286,-1.7695020310082166,-1.9266763665567415,1.8769803874477593,1.2005373755341522,89,28,0.3146067415730338,0.3755751316167923,0.31669511054878113,2,26,0.2921348314606741,0.9285714285714286
"Stott, Bryson",681082,"PHI",2026,2.463200299747785,-0.9493085329389058,3.3608386471909513,0,-0.8976383474431654,-2.4007029521915375,0,1.4513944192526318,91,34,0.3736263736263737,0.3035945666563905,0.37084537915763044,0,34,0.3736263736263737,1
"Grichuk, Randal",545341,"MLB",2026,1.0127301785901914,-0.9502075147112865,1.3886291491156935,0,-0.3758989705255014,-1.359302038322166,0,0.40909452361087906,36,14,0.38888888888888895,0.33259244950537475,0.3367907459529191,0,14,0.38888888888888895,1
"O'Hearn, Ryan",656811,"PIT",2026,-2.8833796678598875,2.657724796404708,0.6913790509135194,-0.9386267645542643,-2.6361319542191426,-0.703117248839225,0.9384901937238797,2.422351851520054,89,24,0.2696629213483147,0.38463702033848174,0.37440236395154075,1,23,0.2584269662921347,0.9583333333333334
"Harris II, Michael",671739,"ATL",2026,-1.3599588827873639,2.4264100195689338,1.5053225525100162,-1.6162612782993668,-1.249020156998013,-1.0934143328613963,1.7054156337626691,1.8144087186676612,88,25,0.28409090909090906,0.29672289386954787,0.35020215996549686,2,23,0.26136363636363635,0.92
"Wood, James",695578,"WSH",2026,0.25131101604111883,0.49402574854634584,2.846151676916887,-0.7595507995235179,-1.8352898613522504,-2.4269700400722116,0.7731239976488257,2.1478717909697314,118,43,0.36440677966101703,0.36803749743926617,0.39497960035483176,1,42,0.35593220338983056,0.9767441860465116
"Schanuel, Nolan",694384,"LAA",2026,-0.5559528303716784,-1.3537048545808876,2.3183483579696125,-0.8148028457225664,-2.059498342618725,-3.249021641969281,0.7873031572291461,1.108013630159247,101,31,0.30693069306930687,0.33849834020869024,0.2599433984497188,1,30,0.29702970297029707,0.967741935483871
"Call, Alex",669743,"LAD",2026,0.7969270970369479,-0.507042652171828,1.0255570666930014,0,-0.22862996965605353,-0.7582748245850357,0,0.25123217241320744,38,18,0.4736842105263159,0.4353291050354344,0.45640689870490875,0,18,0.4736842105263159,1
"Hoskins, Rhys",656555,"CLE",2026,-1.9023584539867544,0.9275424238726272,0.6429803530002056,-1.669066296415958,-0.8762725105710019,-1.0374296438926949,1.536643430991731,0.42832863677359134,43,18,0.4186046511627907,0.44725647796402135,0.35416018205858435,2,16,0.37209302325581395,0.8888888888888888
"Chisholm Jr., Jazz",665862,"NYY",2026,1.5070733155128955,-0.5266047673217816,2.0792928276500264,0,-0.5722195121371321,-1.549176711999208,0,1.0225719446774268,68,24,0.35294117647058837,0.3022974276077738,0.36664890746631923,0,24,0.35294117647058837,1
"Bazzana, Travis",683953,"CLE",2026,2.144037272861363,-1.5362966958692166,2.704235224551113,0,-0.5601979516897505,-2.308479414005995,0,0.7721827181367787,62,22,0.35483870967741943,0.2608401210351686,0.30350278313518214,0,22,0.35483870967741943,1
"Crawford, Justin",702222,"PHI",2026,0.3166335394709442,1.0439212363030705,1.4524082530237599,0,-1.135774713552816,-0.8718025976899166,0,1.915723833992987,62,19,0.3064516129032258,0.32481225103446343,0.4194912894291662,0,19,0.3064516129032258,1
"Acuña Jr., Ronald",660670,"ATL",2026,0.6672252841112436,-0.24264850185464915,1.0404956817123523,0,-0.3732703976011087,-0.8755394948402263,0,0.632890992985577,57,22,0.3859649122807018,0.3608804642343249,0.39196754269256384,0,22,0.3859649122807018,1
"Dingler, Dillon",693307,"DET",2026,0.7608930097750127,-0.9387760558961724,2.6393803796701136,-0.9386267645542643,-0.939860605340836,-2.6382639778004395,0.9384901937238797,0.7609977281803864,84,40,0.4761904761904762,0.4326391822198388,0.42038410763067396,1,39,0.46428571428571425,0.975
"Peña, Jeremy",665161,"HOU",2026,0.9235592359305442,0.07115822597070565,2.5453519400532967,-0.9863296467611036,-0.6354630573616488,-1.8026854653289979,0.986276224389973,0.8875674669097307,64,27,0.4218749999999999,0.3365225073638775,0.40114643216319995,1,26,0.4062499999999999,0.9629629629629629
"Meckler, Wade",685133,"LAA",2026,0.5693998469249584,0.06472131162526396,0.9878633208408121,0,-0.4184634739158535,-0.6249464315737637,0,0.6896677431990275,37,13,0.35135135135135137,0.31666590790896976,0.3891158101238881,0,13,0.35135135135135137,1
"Ortiz, Joey",687401,"MIL",2026,-0.13380722801977943,0.5924423791172465,0.6990456566454134,0,-0.8328528846651928,-0.5128532001114618,0,1.105295579228708,47,15,0.31914893617021284,0.36713121988236935,0.40891284490709656,0,15,0.31914893617021284,1
"Lile, Daylen",695734,"WSH",2026,1.740840353504369,0.1457933033543194,3.098672906186213,0,-1.3578325526818429,-2.0574154747474855,0,2.2032087781018057,99,40,0.40404040404040403,0.3774282053925584,0.45281478638262873,0,40,0.40404040404040403,1
"Young, Cole",702284,"SEA",2026,0.5404013506958995,-0.3566451351372723,2.223934773953772,-0.7948773291492526,-0.8886560941086201,-2.131826178433821,0.8054724456116474,0.9697085976849011,93,36,0.38709677419354865,0.3556853448004921,0.3641428218592338,1,35,0.3763440860215056,0.9722222222222222
"Carter, Evan",694497,"TEX",2026,1.0384429960960544,-0.15578114128635284,1.7610029091358943,0,-0.7225599130398401,-1.3318744726253609,0,1.1760933313390078,51,23,0.45098039215686264,0.40740578042961284,0.4831255118840531,0,23,0.45098039215686264,1
"Okamoto, Kazuma",672960,"TOR",2026,-1.5442416881094279,0.24667288792096198,1.142903031037238,-0.8649024163777533,-1.8222423027689125,-1.7227500022946707,0.8105393233139327,1.1588835669016997,73,25,0.34246575342465757,0.4311907685858095,0.36268637378817836,1,24,0.3287671232876713,0.96
"Simpson, Chandler",802415,"TB",2026,4.2614325629668555,-1.678379805053443,5.316775207344696,-0.7758485777832864,-0.2794940665945569,-3.44639918222691,0.846602989987103,0.9214163871863639,104,46,0.4423076923076924,0.2741934878095722,0.38196515808718773,1,45,0.43269230769230754,0.9782608695652174
"Marsh, Brandon",669016,"PHI",2026,0.93426413644231,-0.2372935317447469,1.6417796426973712,0,-0.7075155062550614,-1.3587899559577465,0,1.1214964242129999,82,25,0.3048780487804878,0.3003546879677197,0.3378277772426404,0,25,0.3048780487804878,1
"Adames, Willy",642715,"SF",2026,-1.7058946554191914,1.8818548756225437,1.3316239356975708,-1.737172209185848,-1.3003463819309142,-1.2835003321419316,1.758920745808822,1.4064344619556537,93,33,0.3548387096774193,0.3715855232307998,0.3819883061760186,2,31,0.33333333333333337,0.9393939393939394
"Tucker, Kyle",663656,"LAD",2026,0.21339646708955856,-0.9154244083783658,1.5056647201147648,0,-1.2922682530252063,-1.900772027939013,0,0.9853476195606474,79,28,0.3544303797468355,0.3841164411571803,0.3465757531642058,0,28,0.3544303797468355,1
"Tovar, Ezequiel",678662,"COL",2026,0.15692062055717837,-0.15097101965857315,0.7747782522271288,0,-0.6178576316699503,-0.7962716777552282,0,0.6453006580966552,52,20,0.3846153846153847,0.40163882734501605,0.4025394635965424,0,20,0.3846153846153847,1
"Bolte, Henry",703607,"ATH",2026,0.49968626156600915,0.8069348906394285,1.397054268932759,0,-0.8973680073667497,-0.7997590518475939,0,1.6066939424870224,37,16,0.43243243243243235,0.4218815911933911,0.5632651769361839,0,16,0.43243243243243235,1
"Varsho, Daulton",662139,"TOR",2026,-0.2561870553699778,0.8811097860721513,1.5408579083150808,-0.7551380523304196,-1.041906911354639,-1.2508413772386946,0.7615426416956828,1.3704085216151631,75,28,0.3733333333333333,0.3786232011544234,0.4137614338427521,1,27,0.35999999999999993,0.9642857142857143
"Gurriel Jr., Lourdes",666971,"AZ",2026,0.5473417538368315,-0.7023863453434597,0.9054468021215137,0,-0.35810504828468237,-0.9446909950710578,0,0.24230464972759813,38,11,0.2894736842105262,0.2631599493578425,0.24356711551742843,0,11,0.2894736842105262,1
"Reynolds, Bryan",668804,"PIT",2026,0.28723920775175704,0.1629068948838447,2.302678856808088,-0.7504509385734378,-1.2649887104828932,-2.1495013958305353,0.7505054037208224,1.561902886993558,110,45,0.40909090909090917,0.3971224889600667,0.41266599052059383,1,44,0.40000000000000013,0.9777777777777777
"Heim, Jonah",641680,"MLB",2026,-0.13132843855401244,-0.8936551207026403,0.5508221882529561,0,-0.6821506268069686,-1.0650980312408438,0,0.17144291053820343,36,10,0.2777777777777778,0.3428024374232167,0.21645993821137616,0,10,0.2777777777777778,1
"De La Cruz, Elly",682829,"CIN",2026,1.4017336892256986,0.5116040058566016,3.0943722044153392,-0.7507139980284593,-0.9419245171611808,-2.057675446652355,0.7545602184988186,1.8147192340101377,88,33,0.3750000000000001,0.2992439214429535,0.3968782332845393,1,32,0.3636363636363636,0.9696969696969697
"Alvarez, Francisco",682626,"NYM",2026,0.262708649676608,-0.9139507452815697,0.7308402687121401,0,-0.46813161903553213,-1.1573891814003958,0,0.24343843611882598,45,13,0.28888888888888886,0.30662617722077506,0.2447159099561386,0,13,0.28888888888888886,1
"Grisham, Trent",663757,"NYY",2026,-2.5834526690878437,3.0062167973651763,1.5465952926448656,-2.3485541304829773,-1.7814938312497297,-1.3655831599107895,2.400399177921023,1.9714007793549424,69,22,0.3188405797101452,0.33383976996452625,0.36052227111237944,3,19,0.2753623188405799,0.8636363636363636
"Wilson, Jacob",805779,"ATH",2026,-0.3078744793628033,-0.2010850903667222,1.0992390690272864,0,-1.4071135483900896,-1.3382810760107715,0,1.137195985644049,62,15,0.2419354838709678,0.2996977936309674,0.2656176036349074,0,15,0.2419354838709678,1
"Greene, Riley",682985,"DET",2026,-0.01405942369062899,-0.011886416468600239,1.8485426232895066,-0.8034141822351188,-1.0591878647450164,-1.8624566788706083,0.804479022487159,1.0460912399148483,98,35,0.3571428571428572,0.3659545592019528,0.363446008881247,1,34,0.3469387755102042,0.9714285714285714
"Kwan, Steven",680757,"CLE",2026,0.1570498859812073,0.108612997754986,1.9315782199617348,-0.7731376402633837,-1.0013906937171435,-1.8569357765184031,0.7875292819179358,1.1780194923554532,90,27,0.3000000000000001,0.27860615924321364,0.29328596970503507,1,26,0.2888888888888889,0.9629629629629629
"Edwards, Xavier",669364,"MIA",2026,0.7878542423034881,0.21470951004144462,3.1166287100301626,-1.518834292567587,-0.8099401751590883,-2.491581386214708,1.5327552329596679,1.173535663296485,100,40,0.39999999999999997,0.3220727448663604,0.36394701776056615,2,38,0.37999999999999995,0.95
"Gelof, Zack",680869,"ATH",2026,0.9244996906791625,-0.14902416882713507,2.032608775640063,-0.7595835222439729,-0.34852556271692753,-1.564095703242923,0.7828601538994993,0.6322113805162888,58,26,0.4482758620689655,0.3651330494166859,0.4153432327002295,1,25,0.4310344827586208,0.9615384615384616
"Rengifo, Luis",650859,"MLB",2026,-0.08658718336450139,0.13236885859666486,1.1985214657868524,-0.7896216813521879,-0.495486967799166,-1.169942378418664,0.7864152153132845,0.5158960217020446,39,16,0.4102564102564103,0.3716986802821498,0.3769733847753851,1,15,0.3846153846153846,0.9375
"DeLuca, Jonny",676356,"TB",2026,1.068314965385537,-0.29344644723177843,1.2806744653478102,0,-0.21235949996227318,-0.8487237865970942,0,0.5552773393653159,37,16,0.4324324324324325,0.3487196184720191,0.4403683121692289,0,16,0.4324324324324325,1
"Freeman, Tyler",671289,"COL",2026,-1.1737397099781488,1.4430839407267222,0.726624999758916,-0.8755164740802303,-1.0248482356568347,-0.5610055915777563,0.8667132083481133,1.137376323956365,47,15,0.3191489361702128,0.38007030965506683,0.3971254220482461,1,14,0.2978723404255319,0.9333333333333333
"Rocchio, Brayan",677587,"CLE",2026,0.6001897482636137,-1.0815865664085762,1.8664149190875265,-0.7604135862906188,-0.5058115845332944,-2.1791876745276526,0.7538956849202496,0.343705423198827,84,27,0.32142857142857156,0.2844656711978628,0.2597104211599642,1,26,0.30952380952380937,0.9629629629629629
"Rumfield, TJ",681198,"COL",2026,-2.1053083943816304,-1.3278217975950855,1.248467929682082,0,-3.3537763240637117,-2.7780524496262067,0,1.450230652031121,121,33,0.2727272727272728,0.3800430344935992,0.26539425846053766,0,33,0.2727272727272728,1
"Taveras, Leody",665750,"BAL",2026,2.0984147719835935,-1.0591211411800328,2.787583477133967,0,-0.6891687051503732,-2.059577373257233,0,1.0004562320772006,56,29,0.5178571428571429,0.4203655701543372,0.49541469943139654,0,29,0.5178571428571429,1
"Scott II, Victor",687363,"STL",2026,0.7804578287289774,0.08707571610694645,1.0025361780749849,0,-0.22207834934600734,-0.5577536661065083,0,0.644829382213455,36,16,0.4444444444444444,0.38861609235073213,0.4946619873993676,0,16,0.4444444444444444,1
"Bogaerts, Xander",593428,"SD",2026,-0.4184923457585422,0.5923186737883346,1.2216847116449834,-0.7889238241807808,-0.851253233222745,-1.2056260601343336,0.8256541859999811,0.9722905479226869,55,16,0.290909090909091,0.2922841505182168,0.3086988280766042,1,15,0.27272727272727276,0.9375
"Kelly, Carson",608348,"CHC",2026,-0.4639806349578176,-0.8051191795513649,0.5769690620198671,0,-1.0409496969776844,-1.1657681683834653,0,0.36064898883210045,63,21,0.3333333333333333,0.39886742883543175,0.3145697017453257,0,21,0.3333333333333333,1
"Peraza, Oswald",672724,"LAA",2026,0.906004725719767,-0.4387359827272199,1.5611846059223888,0,-0.6551798802026216,-1.2404082374703675,0,0.8016722547431476,56,18,0.3214285714285714,0.2803921646242553,0.31667072299519267,0,18,0.3214285714285714,1
"Durbin, Caleb",702332,"BOS",2026,1.079642954479742,-0.8459925209485922,2.2319103041897908,-0.8729135729537103,-0.27935377675633816,-2.079020750611209,0.90002310165912,0.33300512800349663,71,32,0.45070422535211263,0.37456988938646585,0.38482804378401264,1,31,0.4366197183098592,0.96875
"Wong, Connor",657136,"BOS",2026,-1.729286685299791,1.9277633280684285,0.3819210406117438,-1.7660470295583521,-0.34516069635318264,-0.3034663636466584,1.8231822647431497,0.4080474269719373,35,14,0.39999999999999997,0.4096317720025977,0.4302325611446126,2,12,0.34285714285714286,0.8571428571428571
"Henderson, Gunnar",683002,"BAL",2026,2.717246185061885,-1.7277121976642462,3.2344070000593406,0,-0.5171608149974554,-2.5867445819599677,0,0.8590323842957222,74,32,0.4324324324324325,0.32763336953351874,0.38620964831385884,0,32,0.4324324324324325,1
"Crow-Armstrong, Pete",691718,"CHC",2026,2.1582700019906995,-0.19509294755954992,2.7544995877472953,0,-0.5962295857565942,-1.6974392445007842,0,1.5023462969412344,82,33,0.402439024390244,0.3391659589431527,0.44335252160827404,0,33,0.402439024390244,1
"Basallo, Samuel",694212,"BAL",2026,-1.3929671626899902,-0.31092713980205916,0.6861440514637066,-0.7881160486796472,-1.2909951654740497,-1.4087401694327726,0.7551464494049837,0.34266658022572993,53,14,0.26415094339622647,0.3416633714321819,0.19522663648929198,1,13,0.24528301886792458,0.9285714285714286
"McMahon, Ryan",641857,"NYY",2026,0.2481231238204516,-0.7220573004562433,0.6197338625812763,0,-0.3716107387608245,-0.8863006505748547,0,0.16424335011861135,40,13,0.325,0.32979670077665996,0.28299418828764705,0,13,0.325,1
"Manzardo, Kyle",700932,"CLE",2026,-1.251471753658213,-0.024530039874039948,0.5878922021986905,-0.8118557182213577,-1.0275082376355456,-1.243764791403959,0.7776719323159513,0.44156281921396734,57,19,0.3333333333333334,0.39162423688865183,0.3023018451292166,1,18,0.3157894736842106,0.9473684210526315
"Torrens, Luis",620443,"NYM",2026,0.32213580376881046,-0.8184156878884947,1.0668193201940495,0,-0.7446835164252389,-1.3337713773243385,0,0.5153556894358435,43,16,0.372093023255814,0.37638899947457044,0.32633730328228716,0,16,0.372093023255814,1
"Martínez, Angel",682657,"CLE",2026,0.48329175639193095,-0.3852948951908136,1.471025618002484,-0.7612032707329744,-0.22653059087757865,-1.371487950584572,0.7642431512454956,0.22194990414826266,49,20,0.4081632653061224,0.32231321883664443,0.33248349971540675,1,19,0.38775510204081626,0.95
"Pages, Andy",681624,"LAD",2026,0.9211879517436077,-0.6387561310068024,2.7894866825075555,-0.7686074607985285,-1.09969126996542,-2.648635647498465,0.7759610639763075,1.233918452515356,92,39,0.423913043478261,0.38221556644327254,0.3945527853751466,1,38,0.4130434782608695,0.9743589743589743
"Valenzuela, Brandon",678218,"TOR",2026,-0.2110028844978267,-0.5926724909866071,0.6663780262819552,0,-0.8773809107797821,-0.9903134519542678,0,0.3976409609676607,42,10,0.23809523809523814,0.3016208354527346,0.2283313157728275,0,10,0.23809523809523814,1
"Ruiz, Keibert",660688,"WSH",2026,-3.2802056155660413,1.2921687068150078,0.7212959131482711,-2.7270699479926854,-1.2744315807216262,-1.5559606722425405,2.4408910887463655,0.4072382903111827,60,20,0.33333333333333326,0.3887093776344812,0.2601853183238069,3,17,0.2833333333333333,0.85
"Langford, Wyatt",694671,"TEX",2026,-0.16306464012197483,0.9976948101018733,1.3248232186403042,-0.7902353665762555,-0.697652492186023,-0.9474627236052034,0.8418021266201706,1.1033554070869063,47,18,0.38297872340425515,0.3530088493385779,0.42196458932126324,1,17,0.3617021276595743,0.9444444444444444
"Walker, Christian",572233,"HOU",2026,0.1534806845739547,-1.0240062749336962,1.3429589130931514,-0.7515719592010688,-0.4379062693181281,-2.0043948519295385,0.7505220483041698,0.22986652869167223,72,31,0.4305555555555557,0.4124663356528107,0.36345527455108634,1,30,0.41666666666666674,0.967741935483871
"Keith, Colt",690993,"DET",2026,1.6038809192434251,-1.133480625943187,2.123192386164403,0,-0.5193114669209772,-1.8339227909867526,0,0.7004421650435648,71,29,0.40845070422535207,0.3463018034485812,0.3740357671032788,0,29,0.40845070422535207,1
"Mangum, Jake",663968,"PIT",2026,1.5833690535198774,-0.03777271443418391,2.2783797228180607,0,-0.6950106692981832,-1.451226445336598,0,1.4134537309024136,72,22,0.30555555555555547,0.25748998581942867,0.35486527525103917,0,22,0.30555555555555547,1
"Young, Jared",676724,"NYM",2026,0.5911827617575222,-0.399412034660164,1.1392572318844016,0,-0.5480744701268792,-1.040514481381798,0,0.6411024467216341,38,13,0.3421052631578947,0.3243677893641131,0.3463814685353187,0,13,0.3421052631578947,1
"Stowers, Kyle",669065,"MIA",2026,0.8939964131687611,-1.2205657971880308,1.8650214478999785,0,-0.9710250347312175,-2.0530389707272634,0,0.8324731735392328,59,19,0.32203389830508466,0.3085664161572972,0.28495205554488257,0,19,0.32203389830508466,1
"Antonacci, Sam",803011,"CWS",2026,0.8321836064561253,-0.3435653787769002,2.8246069016681448,-0.8158933243374968,-1.176529970874523,-2.578344625570572,0.8255305217708153,1.409248725022856,89,31,0.348314606741573,0.3161163527989503,0.3412632582587524,1,30,0.3370786516853932,0.967741935483871
"Pasquantino, Vinnie",686469,"KC",2026,-1.505153927307609,-0.44169003461089607,0.8446737345909164,-0.9566627430697873,-1.393164918828738,-1.9838619272100828,0.8900153883580599,0.6521565042411268,74,25,0.33783783783783794,0.4010611259526907,0.3045428765990992,1,24,0.32432432432432445,0.96
"Lowe, Brandon",664040,"PIT",2026,0.30404027171619585,-0.38789701708200547,1.5092523037329102,0,-1.2052120320167141,-1.5244410402323414,0,1.1365440231503356,97,34,0.35051546391752575,0.37376569398611165,0.37004057355162706,0,34,0.35051546391752575,1
"Vaughn, Andrew",683734,"MIL",2026,-0.5577711565882916,-0.7671721421639226,0.8638580909660564,0,-1.4216292475543473,-1.4951530803552615,0,0.7279809381913391,55,19,0.34545454545454546,0.4257206850495752,0.32536903690789454,0,19,0.34545454545454546,1
"Perdomo, Geraldo",672695,"AZ",2026,-0.12150933642433974,-0.5430437436765271,2.4203483363847567,-1.8236983606862949,-0.7181593121228014,-2.904469829162673,1.7995549944815417,0.5618710910046048,86,38,0.4418604651162791,0.39913519671741293,0.37246139708711073,2,36,0.41860465116279066,0.9473684210526315
"Martin, Austin",668885,"MIN",2026,-0.36150247375179445,0.5771496292311934,1.7914092490669986,-1.5151965402073775,-0.6377151826114158,-1.685875128081363,1.5253044924376333,0.7377202648749229,70,24,0.34285714285714286,0.309946222863529,0.32274060520672687,2,22,0.3142857142857143,0.9166666666666666
"Bregman, Alex",608324,"CHC",2026,0.40009713367449956,-0.9390610600365803,1.774002330402492,0,-1.3739051967279918,-1.9915244003399244,0,1.052463340303344,81,22,0.271604938271605,0.2954341638079938,0.26405460805058295,0,22,0.271604938271605,1
"Lopez, Nicky",670032,"MLB",2026,1.357508943777158,-1.077811140752788,1.689556695195637,0,-0.33204775141847903,-1.5681167578531,0,0.4903056171003118,45,15,0.3333333333333334,0.2587642601573812,0.2915221667219223,0,15,0.3333333333333334,1
"Rodríguez, Julio",677594,"SEA",2026,0.37558570560440796,0.6297061030398817,1.8079337708822993,-0.7809964403522249,-0.6513516249256663,-1.4228074761949867,0.8198956884933506,1.2326178907415173,78,31,0.3974358974358974,0.3563166365495429,0.4129385384328422,1,30,0.38461538461538464,0.967741935483871
"Carrigg, Cole",694249,"COL",2026,0.9294855934524671,-0.15949463779140347,1.5261730805339657,0,-0.5966874870814985,-1.114653078076942,0,0.9551584402855384,40,19,0.475,0.4300534662824847,0.5093193950855084,0,19,0.475,1
"Smith, Cam",701358,"HOU",2026,1.8502604214117333,-1.1852984552072918,2.071780671049363,0,-0.2215202496376296,-1.6593945131596826,0,0.47409605795239107,56,22,0.39285714285714296,0.29937174122236887,0.3546250391045581,0,22,0.39285714285714296,1
"Bellinger, Cody",641355,"NYY",2026,1.4760142036213393,-0.07336264250650629,3.7436272445071284,-1.52537393736164,-0.7422391035241502,-2.8589898491525565,1.5754626673468821,1.2101645392991691,87,39,0.4482758620689654,0.3391375855234547,0.4107380986835515,2,37,0.42528735632183917,0.9487179487179487
"Sánchez, Gary",596142,"MIL",2026,-0.8906036946020142,0.14304594390863132,0.3434207789214242,0,-1.2340244735234385,-0.5919460246708117,0,0.7349919685794429,36,10,0.2777777777777778,0.4049169790167697,0.3249778591892775,0,10,0.2777777777777778,1
"Massey, Michael",686681,"KC",2026,-0.9697906659497885,0.5842503662075633,1.4961395157331543,-1.6589739114518753,-0.8069562702310675,-1.6684001542283222,1.6143758236078574,0.6382746968280277,62,25,0.4032258064516129,0.3926787846043534,0.3649526449701764,2,23,0.3709677419354839,0.92
"Witt Jr., Bobby",677951,"KC",2026,1.6837778594098007,0.6806461574696239,3.017492861992696,-0.793909248615667,-0.5398057539672272,-1.8879852313213377,0.878224359834997,1.6904070289559654,100,39,0.39000000000000007,0.31864498263224733,0.41885374438552125,1,38,0.38000000000000006,0.9743589743589743
"Rojas, Miguel",500743,"LAD",2026,-0.7735530491713306,0.09994662844447956,0.5573234319225137,-0.8503843753413258,-0.48049210575251877,-0.9128407984977273,0.7892419692619578,0.22354545768024925,39,12,0.3076923076923077,0.3252975216390036,0.2530908641634494,1,11,0.2820512820512821,0.9166666666666666
"Caissie, Owen",683357,"MIA",2026,0.5632576779273144,-0.32107072928358216,0.9228985699422518,0,-0.35964089201493743,-0.8432909347750848,0,0.5222202054915026,43,14,0.3255813953488371,0.30909876260802777,0.3344664618283852,0,14,0.3255813953488371,1
"Riley, Austin",663586,"ATL",2026,0.0654874590192223,0.16391101485562265,1.8683750217724417,-0.7848574743696966,-1.0180300883835232,-1.7092349522537746,0.7830309010868941,1.0901150660225032,77,32,0.4155844155844156,0.40799538045417133,0.41800745586855603,1,31,0.40259740259740256,0.96875
"Mullins, Cedric",656775,"TB",2026,0.08980816827090042,0.29044018199302457,0.587235478236586,0,-0.49742730996568546,-0.4395755872975636,0,0.7300157692905882,36,9,0.25000000000000006,0.2693292803757007,0.3157330292238779,0,9,0.25000000000000006,1
"Carroll, Corbin",682998,"AZ",2026,3.997719342744699,-1.5063714067152465,5.345888702512723,-0.7632792285778593,-0.5848901311901651,-3.43435062162272,0.8325568660725112,1.095422348834962,97,51,0.5257731958762886,0.35141106416618956,0.4648753387752379,1,50,0.5154639175257734,0.9803921568627451
"Loftin, Nick",679845,"KC",2026,0.3573638411011451,-0.25865286891858474,1.911877908074512,-0.780310817403035,-0.7742032495703323,-1.8741692721934091,0.8059409715872332,0.8095754316875914,71,33,0.46478873239436624,0.43341408841409945,0.4363756901821692,1,32,0.45070422535211274,0.9696969696969697
"Keaschall, Luke",807712,"MIN",2026,2.8366533135668903,-1.6773589868348342,3.5906347994582357,0,-0.7539814858913458,-2.8897676412814195,0,1.2124086544465844,83,35,0.4216867469879518,0.3267134975525033,0.38912590090332216,0,35,0.4216867469879518,1
"Mayo, Coby",691723,"BAL",2026,0.8615174325214705,-0.7652776472053003,1.1995308932496407,0,-0.33801346072817035,-1.1726631136078556,0,0.407385466402555,48,18,0.375,0.357783714756871,0.3642444839504597,0,18,0.375,1
"Correa, Carlos",621043,"HOU",2026,0.3770252425648666,-0.5853670895048725,1.1030379179247112,0,-0.7260126753598447,-1.2218591316191112,0,0.6364920421142387,41,15,0.3658536585365854,0.4040403715052796,0.3845503730889918,0,15,0.3658536585365854,1
"Yoshida, Masataka",807799,"BOS",2026,-0.34422440091611883,-0.15462161988923165,0.36413287147739376,0,-0.7083572723935129,-0.5455555719666163,0,0.3909339520773848,53,16,0.3018867924528303,0.3502983951255928,0.3120537695900209,0,16,0.3018867924528303,1
"Chourio, Jackson",694192,"MIL",2026,0.2104011516546285,1.6708986521139313,1.9140103941525988,-0.7979939848312791,-0.905615257666691,-1.293804099581227,0.8422582900758064,2.122444461619352,83,30,0.36144578313253006,0.3455383542296506,0.4419605507903732,1,29,0.34939759036144574,0.9666666666666667
"Bauers, Jake",641343,"MIL",2026,2.003445588952679,-1.988518170253789,3.0784409173772675,0,-1.0749953284245883,-3.0217581720035955,0,1.0332400017498062,87,38,0.43678160919540215,0.39652758811551,0.3958033129145755,0,38,0.43678160919540215,1
"Narváez, Carlos",665966,"BOS",2026,-1.0690527490466197,-0.01528903309871918,0.46623838883970875,-0.951002021517889,-0.5842891163684388,-1.1084030520350983,0.8679329215316626,0.2251810974047166,36,13,0.3611111111111111,0.40781029839958277,0.304266907593427,1,12,0.33333333333333326,0.9230769230769231
"Benge, Carson",701807,"NYM",2026,1.314789190170041,-0.5147957613227764,2.367694463706533,0,-1.052905273536491,-2.006417851543009,0,1.4916220902202324,95,28,0.29473684210526313,0.27591193429738914,0.31112135811184477,0,28,0.29473684210526313,1
"Alonso, Pete",624413,"BAL",2026,-1.5298315184108044,0.32565363744781145,1.2071987705805043,-0.8288645651203285,-1.9081657238709804,-1.6388918616696302,0.8048959433412889,1.1596495557761535,83,26,0.3132530120481929,0.37633703528466633,0.31476559580099484,1,25,0.30120481927710857,0.9615384615384616
"McLain, Matt",680574,"CIN",2026,-1.8715326060916153,2.8367028221651336,0.8592358574046507,-1.6226701536360921,-1.1080983098601733,-0.5926820771340843,1.7474056454469857,1.6819792538522331,63,20,0.31746031746031744,0.3501351443808997,0.41511071361330176,2,18,0.28571428571428553,0.9
"Mitchell, Garrett",669003,"MIL",2026,1.9670633354311677,-0.06779687347340004,2.6029055796795295,0,-0.6358422442483611,-1.804163675786962,0,1.7363668023135626,75,35,0.46666666666666673,0.3918269805531685,0.5065386244691269,0,35,0.46666666666666673,1
"Tatis Jr., Fernando",665487,"SD",2026,0.3446185551404296,0.543996429642126,2.3994843897216307,-1.5202691571031075,-0.5345966774780937,-1.9536025469730585,1.550496671326992,0.9471023052881927,97,38,0.39175257731958774,0.3251393079907502,0.3655328905639064,2,36,0.3711340206185567,0.9473684210526315
"Nuñez, Nasim",683083,"WSH",2026,0.9767959113040054,0.8009300627998213,2.3095036085580536,-0.7828933748042193,-0.5498143224498289,-1.3223747142813653,0.8512176344242276,1.272087142656959,55,20,0.36363636363636365,0.28457195394425056,0.41215346922628315,1,19,0.3454545454545454,0.95
"Beavers, Dylan",687637,"BAL",2026,1.3939813321480623,-0.7221633497706328,1.8244689566404764,0,-0.4304876244924138,-1.4422298516910879,0,0.7200665019204553,40,20,0.5000000000000001,0.4079119117743545,0.4789149144915804,0,20,0.5000000000000001,1
"Moreno, Gabriel",672515,"AZ",2026,-0.4521801173566802,-0.10655009348739539,1.0904268298015805,0,-1.5426069471582609,-1.327181646809019,0,1.2206315533216232,93,29,0.3118279569892473,0.3689279296109261,0.3433671559335708,0,29,0.3118279569892473,1
"Karros, Kyle",691720,"COL",2026,0.7409064232844026,-1.2694277776587894,2.6723570205050033,-0.8238548440073128,-1.107595753213288,-2.9223137797373724,0.780308759727736,0.8725772423508461,88,37,0.4204545454545455,0.38151513756631084,0.35393520393941974,1,36,0.40909090909090917,0.972972972972973
"Cowser, Colton",681297,"BAL",2026,0.7430233651956514,-0.6110573084279647,1.0877226524336567,0,-0.34469928723800536,-0.9978323879607713,0,0.38677507953280676,36,13,0.36111111111111105,0.3267975374160013,0.3429497169463729,0,13,0.36111111111111105,1
"Cortes, Carlos",666126,"ATH",2026,-1.1180374347005566,0.3056518833008223,0.9181262781022943,-1.6325924988101919,-0.4035712139926591,-1.4475385887026393,1.5921712259879413,0.16101924601552037,56,17,0.3035714285714286,0.28004038159054784,0.21941355364911524,2,15,0.26785714285714307,0.8823529411764706
"Hernández, Heriberto",681715,"MIA",2026,-0.3661364937003503,0.5632172307385737,0.7291598980817565,-0.7624092870799204,-0.3328871047021864,-0.623856090906042,0.7661356071944816,0.42093771445013395,38,15,0.39473684210526305,0.3605758660209558,0.38203056199696683,1,14,0.36842105263157904,0.9333333333333333
"Neto, Zach",687263,"LAA",2026,-0.670734650584051,0.7856568109213404,2.0505450741675197,-1.534929592236317,-1.1863501325152535,-2.011301052088243,1.544729755676764,1.2522281073328192,104,41,0.3942307692307693,0.37244885965850416,0.377498087946641,2,39,0.37499999999999994,0.9512195121951219
"Adell, Jo",666176,"LAA",2026,0.17566258411888067,0.3990033292192987,1.584999130083684,0,-1.4093365459648042,-1.3368592070847085,0,1.7358625363040074,79,27,0.3417721518987343,0.37006463095084074,0.398749550181355,0,27,0.3417721518987343,1
"Winn, Masyn",691026,"STL",2026,0.878584088695904,-0.18202979880024162,1.6392061951861998,0,-0.7606221064902958,-1.2835722761451362,0,1.1015424773448945,75,25,0.33333333333333337,0.32396274812662407,0.3636582120400995,0,25,0.33333333333333337,1
"Ramírez, José",608070,"CLE",2026,0.9089903584528736,-0.49129453658888933,2.2351737289427893,-0.7645676249565739,-0.561615745533342,-1.9433570856138092,0.7819505462043774,0.6701120028205428,79,34,0.4303797468354432,0.377903764115719,0.4011095400131711,1,33,0.4177215189873419,0.9705882352941176
"Schmitt, Casey",669477,"SF",2026,-0.47991205175066776,0.3990445343640766,1.3639033625555441,-0.7507462495659789,-1.0930691647402329,-1.3894957808704096,0.7505221335462022,1.038018181688284,73,25,0.3424657534246575,0.3558886213338382,0.3540236866462409,1,24,0.3287671232876713,0.96
"Lukes, Nathan",664770,"TOR",2026,-0.42116338196269937,0.1545876338839302,0.9820488170725179,0,-1.4032121990352175,-1.1563666845588687,0,1.310954318442799,66,18,0.2727272727272729,0.34502588294784453,0.32963851807798006,0,18,0.2727272727272729,1
"Ewing, A.J.",805999,"NYM",2026,0.5176928156634764,0.5325279959456766,1.064549330549968,0,-0.5468565148864916,-0.7374992160941751,0,1.270027212039852,50,16,0.31999999999999995,0.31668947019682236,0.41101758930483984,0,16,0.31999999999999995,1
"Muncy, Max",571970,"LAD",2026,0.6104831976338837,-0.9554727252871258,1.8626809761334409,0,-1.252197778499557,-2.0464138767704974,0,1.0909411514833718,69,27,0.3913043478260871,0.40208589717254006,0.3828631547267501,0,27,0.3913043478260871,1
"Bleday, JJ",668709,"CIN",2026,0.6287405474044531,-0.6654101175487768,1.3641437728254675,0,-0.7354032254210144,-1.3338401623406921,0,0.6684300447919153,52,16,0.30769230769230776,0.29482743832158803,0.29087679480559325,0,16,0.30769230769230776,1
"Pederson, Joc",592626,"TEX",2026,-0.47884174705210764,-0.3412553506116982,1.2957836160615928,-0.8552177035364178,-0.9194076595772833,-1.6271014936124462,0.8052073592273467,0.48063878377340175,65,21,0.3230769230769231,0.3396442733112729,0.28569322416510246,1,20,0.3076923076923078,0.9523809523809523
"Jeffers, Ryan",680777,"MIN",2026,-0.9291009976768597,0.21324353722300932,1.0900036284867782,-0.7882608646192486,-1.2308437615443892,-1.4107759580622268,0.7819266491830308,0.8420928461022051,46,13,0.28260869565217395,0.31276329541377246,0.24180568071205857,1,12,0.26086956521739135,0.9230769230769231
"Cruz, Oneil",665833,"PIT",2026,0.22126579501541205,0.7786311928051004,2.1466070545163736,-1.51712907929861,-0.4082121802023515,-1.6650737259384656,1.5661266553640272,0.877578263379539,56,23,0.41071428571428575,0.29939081438187587,0.3781318867845303,2,21,0.375,0.9130434782608695
"Chapman, Matt",656305,"SF",2026,0.09260144450914559,0.10304503280143565,1.4722812844567967,0,-1.3796798399476513,-1.426388571240177,0,1.5294336040416137,67,30,0.4477611940298507,0.490117097580305,0.5023027301759123,0,30,0.4477611940298507,1
"Bohm, Alec",664761,"PHI",2026,-0.841367486246855,0.21201449334063643,0.6781469413900416,0,-1.519514427636897,-0.9078627686154367,0,1.1198772619560726,78,18,0.23076923076923084,0.3124107837223329,0.27745105828525213,0,18,0.23076923076923084,1
"Machado, Manny",592518,"SD",2026,-1.960518780982714,0.4737798902433257,0.8903065393953117,-0.9780391459691821,-1.8727861744088428,-1.5187490564821156,0.9614191793155169,1.0311097674099243,83,29,0.34939759036144574,0.43654758479042,0.36164342214661077,1,28,0.3373493975903615,0.9655172413793104
"Báez, Javier",595879,"DET",2026,0.24235609326899915,0.27514843352663204,1.30297054881848,-0.9200404549112413,-0.14057400063823958,-0.904851581706572,0.9586985026338347,0.22130151259936934,35,16,0.45714285714285713,0.3687813769251099,0.4160240631787661,1,15,0.4285714285714285,0.9375
"Raleigh, Cal",663728,"SEA",2026,-0.7472386439530071,0.0687658925152152,0.6421718851325311,0,-1.389410529085538,-0.837512695305615,0,0.9062785878208302,41,9,0.21951219512195125,0.3457908076430122,0.27907084553210015,0,9,0.21951219512195125,1
"Torres, Gleyber",650402,"DET",2026,-2.4242044890478156,1.9208922440756289,1.0377970320359131,-2.516012804913693,-0.9459887161700362,-1.1835766165521524,2.4360847874471387,0.668384073180643,42,15,0.35714285714285715,0.36091192776528286,0.3151871023621883,3,12,0.28571428571428564,0.8
"McNeil, Jeff",643446,"ATH",2026,-0.4302957984861338,0.3432577550271033,0.6366922417111437,0,-1.0669880401972776,-0.6497642349782033,0,0.9930219900053064,56,14,0.24999999999999997,0.31275330850339467,0.307212559639397,0,14,0.24999999999999997,1
"García Jr., Luis",671277,"WSH",2026,-0.4973672715230236,0.28125320147495597,1.1822633209372981,-0.84238482624946,-0.837245766210862,-1.2832399427072831,0.8398019672762234,0.7246911769060157,56,19,0.3392857142857143,0.35209976863573517,0.3382194446004233,1,18,0.3214285714285714,0.9473684210526315
"Castro, Willi",650489,"COL",2026,-0.7574264149474988,1.5264214116204817,1.3071671224217192,-0.8524482209087915,-1.2121453164604266,-1.0467813240783788,0.8800489563249925,1.693153779373868,76,24,0.3157894736842107,0.3474226018448229,0.39088843685884445,1,23,0.30263157894736853,0.9583333333333334
"Bailey, Patrick",672275,"MLB",2026,-2.3423722374482687,1.3790048105160118,0.5828606464937938,-2.4085605996327484,-0.5166722843093146,-1.0382685440879569,2.292697950089026,0.12457540451494263,40,13,0.32499999999999996,0.2948395435775463,0.18626896297209006,3,10,0.2500000000000001,0.7692307692307693
"Moniak, Mickey",666160,"COL",2026,1.5389005770946782,-0.8849277681138589,2.2700892754764723,0,-0.731188698381794,-1.9182872953776045,0,1.0333595272637457,57,23,0.40350877192982465,0.34045891602711126,0.38832457644452106,0,23,0.40350877192982465,1
"Lopez, Otto",672640,"MIA",2026,1.8061828962235664,-0.37529673365638744,4.196633965012405,-1.6332120985037508,-0.7572389702850879,-3.3854876315289255,1.7326455570630848,1.2775453408094524,121,56,0.4628099173553719,0.3807917876564161,0.4269136118969446,2,54,0.4462809917355372,0.9642857142857143
"Freeland, Alex",690976,"LAD",2026,0.2461201751667998,-0.7166944119426235,1.17889925165471,0,-0.9327790764879104,-1.3623043502411019,0,0.6456099382984786,48,17,0.35416666666666663,0.37298979625595025,0.3303882570805825,0,17,0.35416666666666663,1
"Wetherholt, JJ",802139,"STL",2026,1.406808480284574,-1.3088952594983487,2.9476137320417366,0,-1.540805251757163,-2.9555599317455523,0,1.6466646722472038,103,36,0.3495145631067961,0.332672938733087,0.33926616024375783,0,36,0.3495145631067961,1
"Feduccia, Hunter",676439,"TB",2026,-0.7295793803773781,0.3686995836613606,0.4749528410806529,-0.8443745914834485,-0.3601576299745824,-0.6626518244166496,0.7885400029353173,0.2428114051426929,39,12,0.3076923076923076,0.32197385671729384,0.2874307632778348,1,11,0.28205128205128194,0.9166666666666666
"Meidroth, Chase",805367,"CWS",2026,0.7013090527614148,-1.2657297775027334,2.0496974424833088,0,-1.3483883897218942,-2.362296140034218,0,1.0965663625314848,106,28,0.2641509433962265,0.27410592729546757,0.24930388877461016,0,28,0.2641509433962265,1
"Clement, Ernie",676391,"TOR",2026,-0.5679018284987926,1.4448307068606197,2.121101063814361,-1.5106952226085544,-1.178307669704599,-1.7300497801577375,1.5179968439106708,1.6568836431076854,106,35,0.33018867924528295,0.3228264280850544,0.35460528927953855,2,33,0.3113207547169811,0.9428571428571428
"Suzuki, Seiya",673548,"CHC",2026,-2.215261290322047,2.690807856137433,0.6451402668216838,-0.7964973203497075,-2.0639042367940235,-0.5606767844892807,0.8085575719158946,2.442927068710819,78,24,0.3076923076923078,0.4051768334796138,0.4321356115435009,1,23,0.294871794871795,0.9583333333333334
"Isbel, Kyle",664728,"KC",2026,0.9652424767367511,-0.8898363608067935,1.108873299188332,0,-0.14363082245158101,-1.0931915571885509,0,0.20335519638175747,36,15,0.4166666666666667,0.3567390879578762,0.3699947042642443,0,15,0.4166666666666667,1
"Jackson, Jeremiah",669236,"BAL",2026,-0.264624485347163,0.017725682954143056,0.443443770081133,0,-0.7080682554282959,-0.5164375044367645,0,0.5341631873909076,35,12,0.3428571428571429,0.4030536646993169,0.3699297830874936,0,12,0.3428571428571429,1
"DeLauter, Chase",800050,"CLE",2026,0.9356446688384441,-1.9105608833901562,2.438454413367352,-0.7597274029764558,-0.7430823415524523,-3.13030018505575,0.8004297946006182,0.41930950706497555,91,33,0.36263736263736257,0.3203602721411869,0.27879774126633977,1,32,0.35164835164835173,0.9696969696969697
"Hoerner, Nico",663538,"CHC",2026,1.1769612864672325,-0.301328752920332,2.882980777937452,-0.7863368027965094,-0.9196826886737101,-2.3257541929855337,0.8197790015485908,1.2046464385166105,105,38,0.36190476190476206,0.3120947480475659,0.34857464793253456,1,37,0.35238095238095246,0.9736842105263158
"Murakami, Munetaka",808959,"CWS",2026,-0.16603219534037106,-0.24260886333531023,0.9866148943822998,0,-1.152647089722671,-1.1491167460077234,0,0.9065078826724131,49,19,0.38775510204081637,0.44311189998679373,0.4098152691002454,0,19,0.38775510204081637,1
"Straw, Myles",664702,"TOR",2026,0.5589762835342579,0.38068228767672113,1.7578984527796027,-0.7549125990650656,-0.44400957018027953,-1.2638625775000718,0.7718831210136531,0.8726617441631402,44,17,0.38636363636363635,0.29180530960200834,0.38646559950751586,1,16,0.3636363636363636,0.9411764705882353
"Rice, Ben",700250,"NYY",2026,-1.135489735421376,0.7836550355746541,1.4643922197879333,-0.8758799043464418,-1.7240020508628677,-1.5536875545553022,0.8480503408263884,1.4892922493035678,88,29,0.3295454545454544,0.3827256843498713,0.3636889549116152,1,28,0.3181818181818181,0.9655172413793104
"Merrill, Jackson",701538,"SD",2026,2.121506610269738,-1.3768449463706829,2.57165298436314,0,-0.4501463740934018,-2.1162717775050606,0,0.7394268311343776,77,29,0.37662337662337675,0.30256474632332314,0.3420175777539125,0,29,0.37662337662337675,1
"Soderstrom, Tyler",691016,"ATH",2026,-0.27927243709330235,-0.1632619267887335,2.0691610739479294,-1.5545412320704282,-0.7938922789708039,-2.3443454980952882,1.5568000234670363,0.6242835478395183,82,36,0.4390243902439024,0.3996387564084615,0.37699363039066425,2,34,0.4146341463414635,0.9444444444444444
"Collins, Isaac",686555,"KC",2026,-1.1706909674521258,1.1671511538502055,2.0993261477973646,-2.5334514552177136,-0.7365656600317767,-2.1046058124110076,2.5203188968474706,0.7514380694137428,69,33,0.47826086956521746,0.42636320273997735,0.4271873097138556,3,30,0.4347826086956522,0.9090909090909091
"Happ, Ian",664023,"CHC",2026,-0.47049101984864844,0.8093970374292094,1.9922836194748152,-0.7815294495264817,-1.6812451897969818,-1.849992498940757,0.8013244510013141,1.8580650853686524,84,32,0.38095238095238093,0.3993487816844827,0.416894422441449,1,31,0.36904761904761907,0.96875
"Schwarber, Kyle",656941,"PHI",2026,-2.3542493446387214,1.5816520236228313,0.7169128460078606,-1.6097443098671422,-1.46141788077944,-0.9445789473713493,1.564110010480554,0.962120960513626,68,18,0.26470588235294124,0.33296433452403956,0.2825711797242627,2,16,0.2352941176470589,0.8888888888888888
"Frelick, Sal",686217,"MIL",2026,1.3302121699794662,-0.5158914756643677,1.7703965244423754,0,-0.44018435446290854,-1.2560987995654713,0,0.7402073239011037,50,20,0.3999999999999999,0.33239733153314666,0.40336831724623656,0,20,0.3999999999999999,1
"Smith, Will",669257,"LAD",2026,-1.370349985131862,1.0104130595707734,0.4249471441473221,-0.8550925281985069,-0.940204601080677,-0.5554669413353971,0.8099506921292219,0.7559293087769489,41,13,0.31707317073170727,0.39806529893988857,0.3667033884386167,1,12,0.2926829268292683,0.9230769230769231
"Ohtani, Shohei",660271,"LAD",2026,0.492733445237432,0.5434492631501399,2.603226025123001,-0.7513983769457093,-1.3590942029398594,-2.137137672598279,0.7562176499664129,1.9243692857820058,94,36,0.38297872340425554,0.35984117695082707,0.41064808996960334,1,35,0.3723404255319149,0.9722222222222222
"Caglianone, Jac",695506,"KC",2026,1.168266203799577,-1.6485150836929308,2.6805046853859023,-0.7750737694543404,-0.7371647121319841,-2.961075104495533,0.766292543808913,0.5462674769936896,84,34,0.4047619047619049,0.34326997541680765,0.31804412129780996,1,33,0.3928571428571429,0.9705882352941176
"Bichette, Bo",666182,"NYM",2026,-1.3269395301951517,0.8469616827453105,1.887548747462015,-0.8925068144020936,-2.3219814632550735,-2.0024914344536713,0.8893778758753823,1.9600752413235987,100,29,0.29000000000000015,0.3428747913833876,0.3208195900820388,1,28,0.28000000000000025,0.9655172413793104
"Fernandez, Jose",699912,"AZ",2026,0.30092384848153575,0.23296137459948846,1.0666569638929566,0,-0.7657331154114208,-0.7792572031489003,0,1.012218577748389,35,12,0.34285714285714286,0.3412606876793816,0.4050840936166176,0,12,0.34285714285714286,1
"Freeman, Freddie",518692,"LAD",2026,-1.719197249837831,0.46580566042222293,1.7750063131036884,-1.7494024294400004,-1.7448011335015192,-2.411680236721709,1.7470071281648134,1.1304787689791183,118,43,0.3644067796610171,0.3911911044990261,0.3412315786499275,2,41,0.34745762711864403,0.9534883720930233
"Altuve, Jose",514888,"HOU",2026,-0.3803597321675869,0.8388739875601806,1.3022178550674728,-0.7547772573507362,-0.9278003298843231,-1.0939043405663762,0.7592493317221649,1.1735289964043918,64,21,0.328125,0.3325710737845414,0.36623568901839304,1,20,0.3125,0.9523809523809523
"Williamson, Ben",810938,"TB",2026,0.7618064162484908,-0.5680118808700805,1.273834341152043,0,-0.5120279249035521,-1.115171454657557,0,0.5471595737874766,40,17,0.42499999999999993,0.3803463183478444,0.3971006026355723,0,17,0.42499999999999993,1
"Fortes, Nick",663743,"TB",2026,-0.7563761824066053,0.4487072357665758,0.985855618927413,0,-1.7422318013340188,-1.0578341996659002,0,1.5065414354324755,68,23,0.3382352941176471,0.4214033355069034,0.40112834440954415,0,23,0.3382352941176471,1
"O'Neill, Tyler",641933,"BAL",2026,0.15612680764129974,0.38335467412468877,0.8138795588065542,0,-0.6577527511652543,-0.6337494768008206,0,1.0171041509255094,36,14,0.38888888888888884,0.4250861760818907,0.47800227018336067,0,14,0.38888888888888884,1
"Abreu, Wilyer",677800,"BOS",2026,-0.31512246615236017,0.46399209889708876,1.3905179074125178,-0.7541244491671099,-0.9515159243977679,-1.3608640238730336,0.7540276612387585,1.0708284615313637,74,21,0.2837837837837838,0.28420779483334435,0.2936505675112697,1,20,0.2702702702702702,0.9523809523809523
"Muncy, Max",691777,"ATH",2026,-0.3793211656305243,0.49600034567285284,0.5009828441833222,0,-0.8803040098138466,-0.4427762796054986,0,0.9387766252783514,36,13,0.361111111111111,0.4394252842319936,0.4501720139552092,0,13,0.361111111111111,1
"Gilbert, Drew",687551,"SF",2026,0.7370785836436795,-0.8301230104971755,1.3281163448084643,0,-0.5910377611647846,-1.3620792191244298,0,0.5319562086272543,55,23,0.41818181818181815,0.4020772964339398,0.39879751536829405,0,23,0.41818181818181815,1
"Hamilton, David",666152,"MIL",2026,0.8369892296023865,-0.10079783863232006,1.3067782491248923,0,-0.46978901952250574,-1.057569755157167,0,0.9567719165248472,42,17,0.40476190476190477,0.3623191131001118,0.44906436022742857,0,17,0.40476190476190477,1
"García, Adolis",666969,"PHI",2026,0.005960824722978119,-0.07138472605685042,0.5563333744757597,0,-0.5503725497527817,-0.5965066246457369,0,0.5251218985888868,38,16,0.4210526315789474,0.4540540560168338,0.4474263076274607,0,16,0.4210526315789474,1
"Sánchez, Jesús",660821,"TOR",2026,-0.4733004339446757,0.22488010818432755,0.9469565543771314,-0.7866669471846207,-0.6335900411371864,-1.0872114954377938,0.7868149316903423,0.5252766719317788,48,16,0.33333333333333337,0.33154754489712046,0.3087334401887939,1,15,0.31249999999999994,0.9375
"Volpe, Anthony",683011,"NYY",2026,1.0945165987020282,-0.6531098090323192,2.0762388526805733,-0.7663786864869729,-0.21534356749157205,-1.778203032642191,0.7720181083592943,0.35307511525057755,37,19,0.5135135135135136,0.3332527588011729,0.3859618841099172,1,18,0.48648648648648657,0.9473684210526315
"Burger, Jake",669394,"TEX",2026,-0.21803913542044387,0.18885036103237915,0.745158472021635,0,-0.9631976074420788,-0.7468020950148517,0,0.9356524560472308,55,20,0.36363636363636354,0.4158473438484786,0.41241804835834245,0,20,0.36363636363636354,1
"Suárez, Eugenio",553993,"CIN",2026,-0.6863083691029519,0.15394633725956608,0.6946314368863962,-0.9305548812861244,-0.4503849247032236,-1.005584263403322,0.9127056108139373,0.24682498984895088,47,15,0.31914893617021284,0.3267619538472674,0.2790217414361473,1,14,0.29787234042553196,0.9333333333333333
"Amaya, Miguel",665804,"CHC",2026,-0.8264425047377729,-0.13461127488785085,0.34229886636900386,0,-1.168741371106777,-0.684744722814882,0,0.5501334479270313,37,9,0.24324324324324323,0.3804512693745125,0.26694769582450845,0,9,0.24324324324324323,1
"Griffin, Konnor",804606,"PIT",2026,2.531137561207157,-0.9063438900035856,3.0131000493530933,0,-0.4819624881459368,-1.9214615439428864,0,1.0151176539393005,59,25,0.423728813559322,0.2967798228895464,0.4113558627891381,0,25,0.423728813559322,1
"Betts, Mookie",605141,"LAD",2026,0.3184305344699507,-0.21310673681703052,1.0210993751055986,0,-0.7026688406356478,-0.9790947598600166,0,0.7659880230429861,50,18,0.36,0.37391326721286283,0.3841252370842239,0,18,0.36,1
"Walton, Donovan",622268,"MLB",2026,-0.19192278934764048,-0.11839248379546925,0.38983543799947373,0,-0.5817582273471141,-0.5675746910043237,0,0.44918220720885443,43,18,0.41860465116279066,0.4747062367109875,0.4464989284477242,0,18,0.41860465116279066,1
"Julien, Edouard",666397,"COL",2026,-0.029189403710088834,-0.31453733047189475,1.7175892754779243,-0.8736639111035048,-0.873114768084508,-1.9475365100713744,0.8687478257892077,0.7642513538102718,60,22,0.3666666666666667,0.34549652599881503,0.3223251569634893,1,21,0.35,0.9545454545454546
"Lowe, Nathaniel",663993,"CIN",2026,-0.6975192384504049,0.29678275117934594,0.42946967173618117,0,-1.1269889101865862,-0.538759210467255,0,0.8355419616466009,46,13,0.28260869565217395,0.37917967211948594,0.34193918468586776,0,13,0.28260869565217395,1
"Monasterio, Andruw",655316,"BOS",2026,0.036723191387619286,-0.21305844427518347,1.2293314529636274,-0.7970452852666869,-0.3955629763093213,-1.3666859302687127,0.7842532727689692,0.3693742132245601,56,24,0.42857142857142855,0.3915383997941585,0.3786341971629705,1,23,0.41071428571428575,0.9583333333333334
"Trout, Mike",545361,"LAA",2026,-1.4788002209328321,2.757785021780074,1.570722025707454,-1.6429784859767924,-1.4065437606634936,-1.070614975923681,1.7575163869984376,2.070883610705317,78,26,0.3333333333333333,0.3550301322070144,0.4208814622632569,2,24,0.3076923076923078,0.9230769230769231
"Devers, Rafael",646240,"SF",2026,-0.22264973077113598,-0.889979955472761,1.8944624503650203,0,-2.117112181136157,-2.38288670806453,0,1.4929067525917685,89,36,0.4044943820224719,0.4581397192469141,0.4053096560307265,0,36,0.4044943820224719,1
"Vargas, Ildemaro",545121,"AZ",2026,0.6348752093215605,-0.8425716102593291,1.627206101410903,0,-0.9923308920893418,-1.7142092974672531,0,0.8716376872079232,73,23,0.315068493150685,0.31626377705352005,0.3028025234735105,0,23,0.315068493150685,1
"Montgomery, Braden",695731,"CWS",2026,0.6698337569074773,-0.3016760895777323,1.2043446692722288,0,-0.5345109123647518,-0.9612035270652056,0,0.6595274374874732,44,16,0.3636363636363636,0.33835322839526794,0.37231827963446723,0,16,0.3636363636363636,1
"Waldschmidt, Ryan",814439,"AZ",2026,0.6286628324303449,-0.06814493829410176,1.0389435820507207,0,-0.41028074962037564,-0.7816978190473566,0,0.7135528807532546,46,19,0.41304347826086946,0.38847179063023296,0.44498096686609095,0,19,0.41304347826086946,1
"Arraez, Luis",650333,"SF",2026,0.5713056827971216,-1.6025491635339082,3.535344013286036,-1.5382709997529886,-1.4257673307359249,-4.142074758119397,1.5235932195039983,1.015932375081488,137,48,0.3503649635036499,0.3110117931543547,0.27707083471702343,2,46,0.33576642335766427,0.9583333333333334
"Larnach, Trevor",663616,"MIN",2026,1.4652152827991114,-2.7053516720012105,2.3355962581221137,0,-0.8703809753230015,-3.1338370742950055,0,0.42848540229379534,85,35,0.411764705882353,0.39379023612756864,0.3301007457323522,0,35,0.411764705882353,1
"Turang, Brice",668930,"MIL",2026,0.6609836081468015,1.1264680418164643,2.6078341706168553,-0.7614627606731385,-1.1853878017969148,-1.940631912189576,0.8039299024539303,2.26317005155211,99,40,0.40404040404040403,0.385792104589824,0.46197722373812944,1,39,0.3939393939393939,0.975
"Osuna, Alejandro",696030,"TEX",2026,-0.18970799197030128,0.62841289487877,1.035683884999186,-0.7788387196302038,-0.44655315733928347,-0.8674009847809612,0.787502202434119,0.7083116772256122,39,13,0.3333333333333333,0.30045200567822483,0.3498588820765217,1,12,0.30769230769230765,0.9230769230769231
"Goldschmidt, Paul",502671,"NYY",2026,-0.11358798601461682,-0.3563368417288596,0.6326030711136263,0,-0.7461910571282433,-0.8249691494221512,0,0.4686323076932917,60,19,0.3166666666666667,0.35650495954733935,0.32272565868349873,0,19,0.3166666666666667,1
"Olson, Matt",621566,"ATL",2026,-0.3279062647382641,-2.084557614060217,1.9819294190478407,-0.9713049661354412,-1.338530717650663,-3.469726562244859,0.8715086771606104,0.5136602710240313,105,39,0.37142857142857155,0.3889054093699201,0.29581122576240726,1,38,0.3619047619047619,0.9743589743589743
"Mateo, Jorge",622761,"ATL",2026,0.4985749331159878,0.4291908694294671,1.4518548384997572,-0.8005070960478038,-0.15277280933596543,-0.8288595467348716,0.8896493885400475,0.3684010276242912,36,21,0.5833333333333333,0.4676570311315688,0.5600749216405712,1,20,0.5555555555555556,0.9523809523809523
"Baty, Brett",683146,"NYM",2026,0.9653656875474108,-1.245556784903865,1.613324245848791,0,-0.6479585583013804,-1.7388152523733154,0,0.49325846746944985,73,25,0.34246575342465774,0.3225313870679001,0.30779723759854444,0,25,0.34246575342465774,1
"Smith, Dominic",642086,"ATL",2026,-0.8762063292295089,-0.3665337145914905,0.816376302611484,0,-1.692582631840993,-1.3885301239987655,0,1.021996409407275,52,14,0.26923076923076916,0.3888853591412057,0.29182313456478254,0,14,0.26923076923076916,1
"Walls, Taylor",670764,"TB",2026,0.656436825185029,-0.1481042611026028,2.818933266801382,-1.554667223316906,-0.6078292182994469,-2.5438689343644807,1.5842194937441196,0.8115451795177588,71,37,0.5211267605633803,0.4105108653011124,0.4411615843487547,2,35,0.4929577464788733,0.9459459459459459
"Arozarena, Randy",668227,"SEA",2026,0.6907216357796809,-0.012651229666971048,2.1359276941333376,0,-1.4452060583536561,-1.8723897552802935,0,1.8597385256133228,96,30,0.31249999999999994,0.32353658984762695,0.354809190625842,0,30,0.31249999999999994,1
"Turner, Trea",607208,"PHI",2026,0.7961059539907577,1.757020160295962,1.9822053455155737,0,-1.186099391524816,-1.100402860080725,0,2.857423020376687,98,32,0.3265306122448979,0.3339365495515858,0.44531759388864817,0,32,0.3265306122448979,1
"Triolo, Jared",669707,"PIT",2026,0.6078557118729927,-0.24092576583957917,1.1700565486033663,0,-0.5622008367303734,-1.0247798559785812,0,0.783854090139002,46,16,0.3478260869565217,0.32882695751909385,0.3639157188029156,0,16,0.3478260869565217,1
"Guerrero Jr., Vladimir",665489,"TOR",2026,-0.7737739507356407,-0.9943376753831557,2.5094533920520865,-0.7706109213554042,-2.512616421432324,-3.3117069670095445,0.7636395660482511,1.5537297255781375,105,38,0.3619047619047618,0.4075537341804535,0.33682671926055385,1,37,0.35238095238095246,0.9736842105263158
"Montgomery, Colson",695657,"CWS",2026,-1.8167663528682645,1.1834555091925087,1.146942596598924,-1.7897231088404597,-1.173985840626729,-1.4286771251537482,1.7122471051709367,0.8998855291753203,67,25,0.373134328358209,0.40092263077072,0.362929787581777,2,23,0.34328358208955234,0.92
"Buxton, Byron",621439,"MIN",2026,-0.5492760302085851,2.2721250512626185,2.333172851722089,-2.3428187184156957,-0.5396301635149783,-1.1651551256048591,2.4802902748675404,0.9569899019999377,62,30,0.4838709677419356,0.36975948300969674,0.4768046176176884,3,27,0.43548387096774177,0.9
"Canzone, Dominic",686527,"SEA",2026,-0.12256386020848974,-0.23921505271737692,0.6149187662477168,0,-0.7374826264562062,-0.7396553425865305,0,0.5004402898691537,47,14,0.29787234042553196,0.34813767188587447,0.31174164526296266,0,14,0.29787234042553196,1
"Horwitz, Spencer",687462,"PIT",2026,-1.4276464929472,-0.4581269112103874,1.1249868394167863,-0.8071136346541143,-1.7455196977098717,-1.9525230958226172,0.7645089600892635,0.7298872245229666,63,21,0.33333333333333337,0.40367490447540877,0.2772204217579495,1,20,0.3174603174603175,0.9523809523809523
"Giménez, Andrés",665926,"TOR",2026,-0.9865011752409013,1.8192339939781288,0.7664814442794253,-0.8985012148087786,-0.8544814047115477,-0.49219767357104927,0.9330606405390218,1.3783710270101563,54,16,0.29629629629629634,0.3380842110387733,0.4000492515489074,1,15,0.27777777777777796,0.9375
"Harper, Bryce",547180,"PHI",2026,-0.3010239039579178,0.1360659565844593,2.6478243689902445,-1.7539387389952321,-1.1949095339529305,-2.731022027703065,1.7483218281724529,1.1187661561150715,96,40,0.4166666666666667,0.3824955952484388,0.3758649268793433,2,38,0.3958333333333334,0.95
"Raley, Luke",670042,"SEA",2026,1.0879883530637104,-0.4016195698685904,1.828261551449433,0,-0.7402731983857227,-1.4662706355562392,0,1.064651065687649,50,19,0.3799999999999999,0.3420324280066557,0.3979647569940937,0,19,0.3799999999999999,1