"player_id","player_name","team_name","start_year","end_year","key_target_base","runs_stolen_on_running_act","n_init","rate_sbx","n_sb","n_cs","n_pk","n_bk","n_fb","n_plus","n_minus","net_act_plus","net_act_minus","r_primary_lead","r_secondary_lead","r_sec_minus_prim_lead","r_primary_lead_sbx","r_secondary_lead_sbx","r_sec_minus_prim_lead_sbx"
670770,"Friedl, TJ","CIN",2026,2026,"All",0.6724631259702061,311,0.012861736334405145,4,0,0,0,0,4,0,0.4611828705715163,1.28939233745756,"11.780993243","15.680152027","3.899158784","10.744","20.46675","9.72275"
805347,"Jarvis, Jim","ATL",2026,2026,"All",-0.0073022891655002975,139,0,0,0,0,0,0,0,0,-1.4101397966991016,0.6105014892762666,"11.484630769","14.057561538","2.572930769",,,
805808,"McGonigle, Kevin","DET",2026,2026,"All",1.2511374870055356,914,0.009846827133479213,9,0,0,0,0,9,0,-1.4145881967233893,3.4090113918893588,"12.132565469","15.448367323","3.315801854","11.889888889","23.326","11.436111111"
660844,"Rivas, Leo","SEA",2026,2026,"All",-0.3144590733826514,146,0.00684931506849315,1,0,1,0,0,1,1,-0.27939323936212357,-0.5746231678005037,"13.10588","16.311216","3.205336","12.185","22.526","10.341"
694203,"Guzman, Denzer","LAA",2026,2026,"All",-1.1080944580536245,225,0.013333333333333334,2,1,2,0,0,2,3,-0.6794449639962071,-2.160456589454185,"12.378199052","15.606800948","3.228601896","11.94","22.143333333","10.203333333"
814439,"Waldschmidt, Ryan","AZ",2026,2026,"All",0.6453426350474224,294,0.023809523809523808,6,1,0,0,0,6,1,3.53969035846629,-0.13910097032408006,"12.114003623","15.507775362","3.393771739","11.640714286","23.693571429","12.052857143"
805811,"Eldridge, Bryce","SF",2026,2026,"All",0.15526622124751055,379,0.002638522427440633,1,0,0,0,0,1,0,-2.946904233399032,1.6547712620607031,"12.63893733","15.573485014","2.934547684","12.714","27.14","14.426"
663538,"Hoerner, Nico","CHC",2026,2026,"All",2.4102506786326736,837,0.017921146953405017,14,1,0,1,1,16,1,7.838696372067979,1.8722475649312829,"11.092257439","14.252662354","3.160404916","11.2448","24.865666667","13.620866667"
687551,"Gilbert, Drew","SF",2026,2026,"All",-1.0439293777346732,354,0.002824858757062147,0,1,1,0,0,0,2,-4.539655948424039,-0.30221819566635527,"12.163508982","15.59104491","3.427535928","12.05","19.478","7.428"
547180,"Harper, Bryce","PHI",2026,2026,"All",-1.2442017400000076,593,0.013490725126475547,4,4,0,0,0,4,4,-2.6159867665686214,-1.6022319704139634,"11.426683656","16.35470826","4.928024605","13.029625","24.022","10.992375"
673237,"Diaz, Yainer","HOU",2026,2026,"All",-0.1129685348108869,181,0,0,0,0,0,0,0,0,-1.8953011257170718,0.5913148674056167,"10.881679558","14.396646409","3.514966851",,,
666018,"Aranda, Jonathan","TB",2026,2026,"All",-0.3206847371626984,653,0,0,0,0,0,0,0,0,-6.9240042926893235,2.3647024919448136,"10.070210031","14.008404389","3.938194357",,,
607043,"Nimmo, Brandon","TEX",2026,2026,"All",-0.34116011569467397,664,0.006024096385542169,3,1,0,0,0,3,1,-4.50245240728389,1.242956368360231,"10.723243328","13.677805338","2.954562009","10.61575","22.14675","11.531"
664983,"McCarthy, Jake","COL",2026,2026,"All",-0.2838664131545552,369,0.051490514905149054,15,4,3,0,0,15,7,11.428260092374572,-5.710040959176602,"10.906695783","14.500527108","3.593831325","12.425894737","24.267105263","11.841210526"
686668,"Doyle, Brenton","COL",2026,2026,"All",0.5709372178117269,209,0.04784688995215311,8,2,0,0,0,8,2,5.558391895872864,-1.2016470252507685,"12.924391753","15.935917526","3.011525773","12.4685","21.8248","9.3563"
621439,"Buxton, Byron","MIN",2026,2026,"All",0.7574582912571005,395,0.007594936708860759,3,0,0,1,0,4,0,0.7388759004798899,1.354851358135828,"12.856750663","15.540464191","2.683713528","11.677333333","20.797333333","9.12"
669134,"Campusano, Luis","SD",2026,2026,"All",-0.006845090027061018,130,0,0,0,0,0,0,0,0,-1.2037524595190787,0.5197897819483437,"10.769071429","13.475912698","2.70684127",,,
670042,"Raley, Luke","SEA",2026,2026,"All",-0.8363363057859379,331,0.00906344410876133,1,2,0,0,0,1,2,-2.675860322421062,-0.6692538695593894,"11.69407619","15.340380952","3.646304762","12.185","21.925333333","9.740333333"
668904,"Lewis, Royce","MIN",2026,2026,"All",0.5521059213664936,299,0.026755852842809364,8,0,2,0,0,8,2,5.150234899719346,-1.0620912412830572,"12.844189091","16.54684","3.702650909","14.171875","28.40025","14.228375"
596103,"Slater, Austin","TB",2026,2026,"All",0.6578310533023233,137,0.029197080291970802,4,0,0,0,0,4,0,2.496321867000028,0.352370399782928,"11.704166667","15.220633333","3.516466667","11.2295","21.30275","10.07325"
665750,"Taveras, Leody","BAL",2026,2026,"All",0.2805139689798103,387,0.020671834625323,6,2,0,0,0,6,2,2.3429273099724606,-0.4179366511437375,"11.499467787","14.874114846","3.374647059","11.536625","22.455375","10.91875"
668952,"Kreidler, Ryan","MIN",2026,2026,"All",-0.358226181881097,138,0.036231884057971016,3,2,0,0,0,3,2,1.5990591986363871,-1.5067511591297205,"13.365246154","15.906253846","2.541007692","14.2004","28.8544","14.654"
686527,"Canzone, Dominic","SEA",2026,2026,"All",-0.35892659519966286,345,0.005797101449275362,1,1,0,0,0,1,1,-2.5582723653084756,0.33939528413784975,"9.830128834","13.468337423","3.638208589","10.7455","22.859","12.1135"
687231,"Hernaiz, Darell","ATH",2026,2026,"All",0.11671319508409163,180,0.005555555555555556,1,0,0,0,0,1,0,-0.7940518125575732,0.6122745724346798,"12.759812865","16.694345029","3.934532164","12.927","24.326","11.399"
805779,"Wilson, Jacob","ATH",2026,2026,"All",0.6055581271003018,422,0.009478672985781991,4,0,0,0,0,4,0,-0.09006942979449062,1.3857155845760019,"12.387535354","15.226002525","2.838467172","15.52375","33.718","18.19425"
695734,"Lile, Daylen","WSH",2026,2026,"All",-1.2103493944406982,583,0.017152658662092625,6,4,1,0,0,6,5,0.3288002616271573,-2.8357987705913876,"11.507226519","14.100513812","2.593287293","11.3304","20.4589","9.1285"
687637,"Beavers, Dylan","BAL",2026,2026,"All",-0.6631264036366807,279,0.025089605734767026,4,3,0,0,0,4,3,1.1336101634093785,-1.9774409695967885,"10.941679537","15.013440154","4.071760618","11.911142857","23.279428571","11.368285714"
655316,"Monasterio, Andruw","BOS",2026,2026,"All",-1.3496963489538925,250,0.016,1,3,0,0,0,1,3,-1.4837120971208089,-2.339897621177189,"12.867076596","16.629148936","3.76207234","13.4085","24.0495","10.641"
545121,"Vargas, Ildemaro","AZ",2026,2026,"All",0.19040441491984866,569,0.0017574692442882249,1,0,0,1,0,2,0,-3.782814351181548,2.104371744791462,"11.279208812","14.79262069","3.513411877","11.611","28.06","16.449"
668723,"Vilade, Ryan","TB",2026,2026,"All",0.33344414135621336,178,0.011235955056179775,2,0,0,0,0,2,0,0.46439644237636046,0.534588561957647,"13.008811765","16.107535294","3.098723529","11.06","22.7105","11.6505"
678662,"Tovar, Ezequiel","COL",2026,2026,"All",0.45516674359520265,396,0.007575757575757576,3,0,0,0,0,3,0,-0.5588143435411486,1.2598435828965167,"12.626805333","17.97784","5.351034667","11.585666667","21.703","10.117333333"
682818,"Piñango, Yohendrick","TOR",2026,2026,"All",-0.42218282886284225,195,0,0,0,1,1,0,1,1,-1.6322908707126786,-0.21272145493401579,"10.904702128","16.126037234","5.221335106",,,
805300,"Marsee, Jakob","MIA",2026,2026,"All",-1.3507357681700725,559,0.03220035778175313,11,7,0,0,0,11,7,4.497832807249113,-5.00067184359978,"11.858447732","15.793197239","3.934749507","12.720111111","24.361833333","11.641722222"
660271,"Ohtani, Shohei","LAD",2026,2026,"All",0.12233754335373082,772,0.010362694300518135,6,2,0,0,0,6,2,-2.139780469545841,1.2228747494731085,"11.753779754","14.956179207","3.202399453","13.24675","23.21975","9.973"
543877,"Vázquez, Christian","HOU",2026,2026,"All",0.3130672833501761,235,0,0,0,0,2,0,2,0,-0.6438867697912583,0.981876971796506,"10.848071429","14.48875","3.640678571",,,
666126,"Cortes, Carlos","ATH",2026,2026,"All",0.1378651633585963,321,0.003115264797507788,1,0,0,0,0,1,0,-3.000556084597216,1.6399475117289792,"10.876384868","14.431789474","3.555404605","11.943","25.343","13.4"
682848,"Rodríguez, Endy","PIT",2026,2026,"All",0.2191075337784082,182,0.01098901098901099,2,0,0,0,0,2,0,-0.33518181663967883,0.6358753269029864,"14.087356322","18.461350575","4.373994253","11.828","22.698","10.87"
643376,"Jansen, Danny","TEX",2026,2026,"All",-0.2800601652299096,149,0.013422818791946308,1,1,0,0,0,1,1,-0.2873082103991421,-0.4946633847779579,"10.491636986","14.242835616","3.75119863","10.9985","18.737","7.7385"
695490,"Arroyo, Edwin","CIN",2026,2026,"All",-0.5248611388980758,243,0.00411522633744856,0,1,0,0,0,0,1,-2.448947669830435,-0.07793689984886602,"12.298855204","16.131334842","3.832479638","10.837","19.949","9.112"
641857,"McMahon, Ryan","NYY",2026,2026,"All",-0.4363709712856954,374,0.013368983957219251,3,2,0,0,0,3,2,-0.6847287546720322,-0.6653893785584195,"10.324138504","14.525786704","4.201648199","11.4002","31.5078","20.1076"
642086,"Smith, Dominic","ATL",2026,2026,"All",-0.12939456948233485,384,0,0,0,0,0,0,0,0,-3.7209474564708898,1.3662109373596514,"10.905372032","14.950340369","4.044968338",,,
608348,"Kelly, Carson","CHC",2026,2026,"All",-0.16261925280560088,434,0,0,0,0,0,0,0,0,-5.041034776749318,1.8790837834316938,"9.423803279","13.078735363","3.654932084",,,
595978,"Hedges, Austin","CLE",2026,2026,"All",-0.032420891369580436,281,0.0035587188612099642,1,0,0,0,0,1,0,-2.4459022840192333,1.0150212565205912,"10.476361314","13.898324818","3.421963504","13.912","35.309","21.397"
669065,"Stowers, Kyle","MIA",2026,2026,"All",-0.2579484567299875,375,0,0,0,0,0,0,0,0,-4.20517511934958,1.295747926977616,"12.37415493","14.877867606","2.503712676",,,
682928,"Abrams, CJ","WSH",2026,2026,"All",1.5990934819547833,642,0.028037383177570093,15,3,0,1,0,16,3,10.025643039735126,-0.9023002799827503,"11.912643952","15.152320273","3.23967632","12.978611111","23.217333333","10.238722222"
646240,"Devers, Rafael","SF",2026,2026,"All",-0.25323239245947887,468,0,0,0,0,0,0,0,0,-5.568687318634747,1.9122334917054897,"9.728389978","13.297272331","3.568882353",,,
695600,"Jensen, Carter","KC",2026,2026,"All",-0.13663514376065197,517,0.0019342359767891683,1,0,0,0,0,1,0,-4.5822619593663205,1.7329272180280226,"12.568878","16.866092","4.297214","16.721","28.959","12.238"
677951,"Witt Jr., Bobby","KC",2026,2026,"All",2.7004763617559893,674,0.04154302670623145,25,3,2,2,0,27,5,19.42957197827417,-2.6343067419974293,"13.051172078","17.313019481","4.261847403","13.01","23.898035714","10.888035714"
672275,"Bailey, Patrick","CLE",2026,2026,"All",0.16356772625253277,213,0.009389671361502348,2,0,0,0,0,2,0,-1.0475627596806634,0.8290672848637012,"10.052034146","15.168180488","5.116146341","12.477","30.529","18.052"
661388,"Contreras, William","MIL",2026,2026,"All",-1.1532375154826136,699,0.004291845493562232,1,2,0,0,0,1,2,-8.347204595395116,1.1471186746586883,"10.563852025","15.027009346","4.463157321","11.269","22.052666667","10.783666667"
695257,"Cook, Billy","PIT",2026,2026,"All",0.3374459188371768,127,0.03937007874015748,4,1,0,0,0,4,1,3.2605670343733264,-0.6992610845277494,"13.715823529","17.820714286","4.104890756","11.4106","22.1022","10.6916"
694208,"Ballesteros, Moisés","CHC",2026,2026,"All",0.13917831272569767,177,0.005649717514124294,1,0,0,0,0,1,0,-0.9864174848360088,0.7476929104286657,"9.551804598","13.81658046","4.264775862","9.341","26.281","16.94"
666211,"Trammell, Taylor","HOU",2026,2026,"All",0.0639650973740138,155,0.025806451612903226,3,1,0,0,0,3,1,1.2587665545754096,-0.41730714120237566,"11.490398649","16.706459459","5.216060811","11.54825","19.52875","7.9805"
666023,"Fermin, Freddy","SD",2026,2026,"All",-0.5878464681410165,204,0.004901960784313725,0,1,0,0,0,0,1,-2.0041057237918833,-0.41561182973919886,"11.369206522","15.382722826","4.013516304",,,
665833,"Cruz, Oneil","PIT",2026,2026,"All",1.8458723501987324,487,0.043121149897330596,17,4,0,2,0,19,4,13.74397940334935,-2.006496734380308,"12.064527397","15.696878995","3.632351598","11.57047619","20.126","8.55552381"
682829,"De La Cruz, Elly","CIN",2026,2026,"All",-0.43890272620526644,525,0.03238095238095238,13,4,2,0,0,13,6,6.838646583582558,-4.014737873159505,"13.125391667","16.950629167","3.8252375","13.529823529","22.025882353","8.496058824"
663647,"Hayes, Ke'Bryan","CIN",2026,2026,"All",-0.41676087908553505,159,0,0,0,1,0,0,0,1,-1.5661920278190489,-0.23004994115938918,"11.027714286","14.645779221","3.618064935",,,
572233,"Walker, Christian","HOU",2026,2026,"All",-0.2312074528176477,514,0,0,0,0,0,0,0,0,-5.7934892847851165,2.06108978697639,"10.945942346","14.578383698","3.632441352",,,
672386,"Kirk, Alejandro","TOR",2026,2026,"All",-0.08769011738250941,131,0,0,0,0,0,0,0,0,-1.5024785193504815,0.4729013033057488,"9.689734375","13.070679688","3.380945313",,,
681807,"Fry, David","CLE",2026,2026,"All",-0.07941314793631396,205,0,0,0,0,0,0,0,0,-2.398142003178658,0.889367228220928,"9.986660099","13.284359606","3.297699507",,,
677594,"Rodríguez, Julio","SEA",2026,2026,"All",0.8254982684321794,499,0.03006012024048096,12,3,0,0,0,12,3,7.35151831703398,-1.4329008777213752,"13.07107064","16.76997351","3.69890287","13.923066667","26.678733333","12.755666667"
682626,"Alvarez, Francisco","NYM",2026,2026,"All",-0.1392341212659608,288,0,0,0,0,0,0,0,0,-2.7328396485550486,0.9051862409889972,"8.436667857","11.782425","3.345757143",,,
687221,"Rushing, Dalton","LAD",2026,2026,"All",-0.05735415868131344,268,0,0,0,0,0,0,0,0,-2.828893266390242,1.1298322102149658,"10.950438735","15.499743083","4.549304348",,,
622761,"Mateo, Jorge","ATL",2026,2026,"All",0.7529983349717633,190,0.05263157894736842,9,1,1,0,0,9,2,6.997878092534195,-1.436838407855725,"12.057520231","15.662514451","3.60499422","12.8592","23.9834","11.1242"
669016,"Marsh, Brandon","PHI",2026,2026,"All",0.8266580612962386,574,0.0156794425087108,8,1,0,0,0,8,1,1.1813969103649296,1.3119526204961156,"12.505241252","16.456552486","3.951311234","11.538666667","22.009111111","10.470444444"
702222,"Crawford, Justin","PHI",2026,2026,"All",0.4011251448599156,428,0.028037383177570093,9,3,0,0,0,9,3,4.695523902492595,-1.1955103014191277,"12.724353383","14.602105263","1.87775188","11.730083333","21.588583333","9.8585"
656716,"McKinstry, Zach","DET",2026,2026,"All",-2.3679138539628655,405,0.009876543209876543,1,3,3,1,0,2,6,-2.602496485357785,-4.105365681980684,"12.540763298","16.12312766","3.582364362","13.36225","25.50175","12.1395"
702284,"Young, Cole","SEA",2026,2026,"All",-1.234500773547188,607,0.008237232289950576,2,3,0,0,0,2,3,-5.0116064933950275,-0.5159543885959732,"11.446851724","14.149924138","2.703072414","11.075","20.0934","9.0184"
686780,"Pagés, Pedro","STL",2026,2026,"All",0.40244671802010995,184,0.010869565217391304,2,0,0,0,0,2,0,0.4574751513724392,0.6910037505458264,"11.223573864","15.630727273","4.407153409","13.858","35.937","22.079"
666152,"Hamilton, David","MIL",2026,2026,"All",1.191300792227599,250,0.064,13,3,0,0,0,13,3,9.645464663627862,-1.639538089995496,"12.399425926","16.754916667","4.355490741","12.6125","22.8933125","10.2808125"
660688,"Ruiz, Keibert","WSH",2026,2026,"All",-0.1454248949266601,351,0,0,0,0,0,0,0,0,-3.491715206117129,1.2287069917705906,"10.882777457","14.950476879","4.067699422",,,
624413,"Alonso, Pete","BAL",2026,2026,"All",-0.27380146849406206,707,0.005657708628005658,3,1,0,0,0,3,1,-4.774279956921074,1.5134544953114504,"11.363597365","14.584967789","3.221370425","12.8985","27.419","14.5205"
694212,"Basallo, Samuel","BAL",2026,2026,"All",-0.07460891030480987,371,0,0,0,0,0,0,0,0,-3.8554177916141805,1.5477214400400536,"10.309922652","13.460530387","3.150607735",,,
686797,"Lee, Brooks","MIN",2026,2026,"All",-0.028464916956730035,545,0.011009174311926606,5,1,1,1,0,6,2,-0.20151434347568553,0.02630655941868028,"12.043379771","15.231532443","3.188152672","13.165","26.863","13.698"
680574,"McLain, Matt","CIN",2026,2026,"All",0.8792054950107187,499,0.02404809619238477,10,2,0,0,0,10,2,4.71194471579506,-0.14040766255175896,"12.934652268","15.881606911","2.946954644","13.387416667","26.312833333","12.925416667"
669004,"Melendez, MJ","NYM",2026,2026,"All",-1.012368913236703,198,0.005050505050505051,0,1,1,0,0,0,2,-2.0759401343800055,-1.3270686363571158,"14.180459459","17.226983784","3.046524324","11.707","22.29","10.583"
679529,"Torkelson, Spencer","DET",2026,2026,"All",-0.647643751805405,415,0.0024096385542168677,0,1,0,0,0,0,1,-3.7793106495365043,0.24048528467087904,"12.636957921","15.887940594","3.250982673","9.952","21.267","11.315"
514888,"Altuve, Jose","HOU",2026,2026,"All",-1.2008895138853564,443,0.006772009029345372,2,1,2,0,0,2,3,-2.959224420355377,-1.353432510698402,"10.781598015","12.697568238","1.915970223","10.094","20.061666667","9.967666667"
687401,"Ortiz, Joey","MIL",2026,2026,"All",-0.522272188368574,378,0.026455026455026454,6,4,0,1,0,7,4,3.532716668772759,-2.73070116027361,"12.371029412","14.856308824","2.485279412","13.0554","23.665","10.6096"
543760,"Semien, Marcus","NYM",2026,2026,"All",-1.1837027165623797,369,0.01084010840108401,2,2,1,0,0,2,3,-1.9231926627963987,-1.7756981866735553,"12.244727528","15.954660112","3.709932584","11.641","22.57825","10.93725"
806068,"Emerson, Colt","SEA",2026,2026,"All",-0.534349323560092,204,0.014705882352941176,2,1,1,0,0,2,2,-0.04993312327928978,-1.1652504420094074,"13.027063158","15.765273684","2.738210526","12.129","18.557666667","6.428666667"
623168,"Heineman, Tyler","LAA",2026,2026,"All",0.08816318992886887,122,0.00819672131147541,1,0,0,0,0,1,0,-0.9705571354543714,0.6272769267105403,"11.526052174","14.745173913","3.219121739","10.155","31.006","20.851"
691777,"Muncy, Max","ATH",2026,2026,"All",0.010848561003298118,222,0.013513513513513514,2,1,0,1,0,3,1,0.3459638371935688,-0.1296537920787008,"12.454527094","15.030285714","2.575758621","10.966333333","23.029666667","12.063333333"
630105,"Cronenworth, Jake","SD",2026,2026,"All",-0.21195173928655994,223,0.013452914798206279,2,1,0,0,0,2,1,-0.5476623967110088,-0.22759835543190737,"11.798358852","15.569679426","3.771320574","12.298666667","22.703333333","10.404666667"
703607,"Bolte, Henry","ATH",2026,2026,"All",0.3670593255532775,424,0.03537735849056604,11,4,0,0,1,12,4,7.6505354455973755,-2.584550585702651,"13.226208333","16.910424479","3.684216146","12.6988","24.203333333","11.504533333"
696100,"Goodman, Hunter","COL",2026,2026,"All",-0.9512885294720201,538,0.011152416356877323,3,3,0,0,0,3,3,-2.6199349113396266,-0.9495589937868754,"10.79938921","14.588520231","3.789131021","11.161333333","22.2165","11.055166667"
592626,"Pederson, Joc","TEX",2026,2026,"All",0.15553121874416276,337,0.005934718100890208,2,0,0,0,0,2,0,-2.5192695554034032,1.4653002884996522,"10.146319403","13.579086567","3.432767164","13.2905","35.205","21.9145"
670032,"Lopez, Nicky","TEX",2026,2026,"All",-0.3643788847353203,219,0.0228310502283105,3,2,0,1,0,4,2,0.8627285204375508,-1.1931657529396233,"12.140241379","15.540497537","3.400256158","12.1226","22.9632","10.8406"
804606,"Griffin, Konnor","PIT",2026,2026,"All",2.3080561018024146,394,0.03553299492385787,13,1,0,1,1,15,1,11.190465408031901,0.15547337821341162,"12.48547619","16.704459384","4.218983193","11.345357143","21.309428571","9.964071429"
699393,"Ramírez, Pedro","CHC",2026,2026,"All",0.5192433796518875,137,0.021897810218978103,3,0,0,0,0,3,0,1.6647518062974282,0.41398448531644794,"12.174819549","15.270172932","3.095353383","12.401333333","26.861333333","14.46"
621043,"Correa, Carlos","HOU",2026,2026,"All",0.08500962366760251,246,0.0040650406504065045,1,0,0,0,0,1,0,-1.4846517895077647,0.8487555145981233,"10.345008299","13.944091286","3.599082988","11.529","26.07","14.541"
666139,"Lowe, Josh","LAA",2026,2026,"All",0.6672002220325535,225,0.017777777777777778,4,0,0,0,0,4,0,1.3432844881833736,0.8856518319908401,"12.756176471","17.520730392","4.764553922","12.41575","21.978","9.56225"
641598,"Garver, Mitch","SEA",2026,2026,"All",0.015270419992878655,204,0.004901960784313725,1,0,0,0,0,1,0,-1.6653829594039837,0.7741044708303897,"9.438221675","12.984275862","3.546054187","11.089","25.919","14.83"
681082,"Stott, Bryson","PHI",2026,2026,"All",2.560240335968584,512,0.02734375,14,0,0,0,0,14,0,9.074985089075957,1.656096262563094,"11.841944099","16.039298137","4.197354037","12.441214286","23.182571429","10.741357143"
657041,"Thomas, Lane","KC",2026,2026,"All",0.21014224881100602,325,0.015384615384615385,4,1,1,2,0,6,2,3.1082928917264616,-0.9144807322984135,"11.392436709","14.990693038","3.598256329","10.8314","22.8454","12.014"
676439,"Feduccia, Hunter","TB",2026,2026,"All",-0.02865133875338743,196,0,0,0,0,0,0,0,0,-2.0708244218357326,0.8566967680305753,"11.139979058","14.457670157","3.317691099",,,
676391,"Clement, Ernie","TOR",2026,2026,"All",0.2971282480526708,744,0.005376344086021506,4,0,0,0,0,4,0,-3.984147983618961,2.431017432836582,"10.000068245","13.879093315","3.87902507","8.8725","24.17175","15.29925"
695657,"Montgomery, Colson","CWS",2026,2026,"All",-0.5954919213213249,454,0.0022026431718061676,0,1,0,0,0,0,1,-4.56256145957372,0.7044897124298198,"10.49574424","13.395175115","2.899430876","10.213","17.136","6.923"
592885,"Yelich, Christian","MIL",2026,2026,"All",0.6962992307820218,565,0.008849557522123894,5,0,0,0,0,5,0,-0.29515505176662604,1.6785116469674375,"12.183486641","15.242597328","3.059110687","14.3514","29.9768","15.6254"
683011,"Volpe, Anthony","NYY",2026,2026,"All",-1.1803082017000823,240,0.041666666666666664,6,4,1,0,0,6,5,3.287563054659895,-4.084046250293466,"12.298531818","16.214277273","3.915745455","13.0643","25.1909","12.1266"
605141,"Betts, Mookie","LAD",2026,2026,"All",-0.6915506791924803,352,0.008522727272727272,1,2,0,0,0,1,2,-3.520517284566022,0.027895061601609872,"12.481441088","17.840416918","5.358975831","13.391666667","24.968","11.576333333"
669701,"Smith, Josh","TEX",2026,2026,"All",0.1763701153889014,166,0.024096385542168676,3,1,0,0,0,3,1,1.2254136896649053,-0.15269471676462149,"11.143401316","14.989447368","3.846046053","12.111","25.3915","13.2805"
670242,"Wallner, Matt","MIN",2026,2026,"All",-0.15118525678822636,175,0,0,0,0,0,0,0,0,-2.0287953933274094,0.5657196041716797,"10.684333333","13.374830409","2.690497076",,,
665487,"Tatis Jr., Fernando","SD",2026,2026,"All",-0.7545734666631101,830,0.03253012048192771,18,9,1,2,0,20,10,11.700127966859592,-6.8768868000778385,"11.445507524","15.804879617","4.359372093","12.654814815","23.023037037","10.368222222"
641487,"Crawford, J.P.","SEA",2026,2026,"All",-0.9201480958377041,627,0.001594896331738437,0,1,0,0,0,0,1,-7.425296233809796,1.2553581131650118,"10.109023569","12.013693603","1.904670034","13.501","27.979","14.478"
686948,"Baldwin, Drake","ATL",2026,2026,"All",0.10348665647110218,548,0.0036496350364963502,2,0,0,0,0,2,0,-4.133593344373289,2.067122945212799,"9.823328972","12.680465421","2.857136449","11.018","22.489","11.471"
657136,"Wong, Connor","BOS",2026,2026,"All",0.05010666756439498,240,0.016666666666666666,3,1,0,0,0,3,1,0.0720118377264588,0.07934288893134031,"11.089871795","13.651965812","2.562094017","11.46775","22.64375","11.176"
571448,"Arenado, Nolan","AZ",2026,2026,"All",0.24245074758158203,401,0.004987531172069825,2,0,0,0,0,2,0,-1.7356461784627177,1.3101777406091681,"8.690803815","12.955373297","4.264569482","9.1355","22.958","13.8225"
656555,"Hoskins, Rhys","CLE",2026,2026,"All",-0.07786575111048737,390,0.002564102564102564,1,0,0,0,0,1,0,-2.9566386896608643,1.1410266373815239,"12.892472149","16.793180371","3.900708223","10.642","25.187","14.545"
676694,"Meyers, Jake","HOU",2026,2026,"All",-1.2721418224611907,245,0.012244897959183673,1,2,1,0,0,1,3,-2.2291335666784793,-1.8362557980566516,"11.284662338","15.263385281","3.978722944","13.005666667","26.253666667","13.248"
680779,"Davis, Henry","PIT",2026,2026,"All",-0.07598934975847157,275,0.01090909090909091,2,1,0,0,0,2,1,-0.2741434955505275,-0.047023668107479766,"10.096938462","13.611680769","3.514742308","9.558333333","18.415666667","8.857333333"
676609,"Caballero, José","NYY",2026,2026,"All",-1.9398146836257721,365,0.06301369863013699,16,7,5,2,0,18,12,13.655879577348024,-10.379979109100837,"12.378009836","16.536672131","4.158662295","13.053173913","23.992130435","10.938956522"
691026,"Winn, Masyn","STL",2026,2026,"All",0.6587013035222187,618,0.008090614886731391,5,0,0,0,0,5,0,-1.7725568979154658,2.2515837402340253,"12.946812834","16.332771836","3.385959002","14.8164","28.952","14.1356"
671277,"García Jr., Luis","WSH",2026,2026,"All",-0.0739797690564562,420,0.002380952380952381,1,0,0,0,0,1,0,-3.9788894986735963,1.6039958459516959,"11.010454774","15.039183417","4.028728643","13.407","32.267","18.86"
672724,"Peraza, Oswald","LAA",2026,2026,"All",0.7230063355115561,425,0.03058823529411765,11,2,1,0,0,11,3,6.940925876631596,-1.4781751995883599,"11.9308725","16.56689","4.6360175","12.835230769","24.078","11.242769231"
701675,"Church, Nathan","STL",2026,2026,"All",0.04469311961718339,332,0.02108433734939759,5,2,0,0,0,5,2,2.036484421360683,-0.8057861436776697,"11.801324759","15.603456592","3.802131833","11.723","22.447","10.724"
641355,"Bellinger, Cody","NYY",2026,2026,"All",-1.9460525740343277,569,0.019332161687170474,5,6,0,0,0,5,6,-1.4957548045845166,-3.6597813624831654,"10.012505535","13.174603321","3.162097786","11.396818182","23.102090909","11.705272727"
691458,"Jordan, Blaze","STL",2026,2026,"All",-0.0730211857988933,118,0,0,0,0,0,0,0,0,-1.2453612206687728,0.3912245740774698,"12.591333333","15.492641026","2.901307692",,,
808982,"Lee, Jung Hoo","SF",2026,2026,"All",0.9163130771919897,653,0.006125574272588055,4,0,0,1,0,5,0,-0.7791407318046992,2.382536052339842,"11.937355987","15.100271845","3.162915858","11.58625","22.73175","11.1455"
672580,"Garcia, Maikel","KC",2026,2026,"All",-1.0242960364992488,496,0.016129032258064516,5,3,1,0,0,5,4,-0.5377812252221119,-2.037199536566285,"12.91111036","16.357662162","3.446551802","13.707","24.464875","10.757875"
624428,"Frazier, Adam","LAA",2026,2026,"All",-0.17636993186917266,164,0,0,0,0,1,0,1,0,-2.1149080128956617,0.5480259349110213,"12.504666667","17.698473333","5.193806667",,,
668901,"Vientos, Mark","NYM",2026,2026,"All",-0.1453109845023145,256,0,0,0,0,0,0,0,0,-2.4617178645979156,0.7711835298161537,"10.633682731","12.913931727","2.280248996",,,
679845,"Loftin, Nick","KC",2026,2026,"All",0.19574024644898477,363,0.0027548209366391185,1,0,0,1,0,2,0,-1.1157093982653088,0.9308491691156585,"12.631601744","15.951892442","3.320290698","11.253","23.386","12.133"
657757,"Sheets, Gavin","SD",2026,2026,"All",0.2846103901318763,335,0.005970149253731343,2,0,0,0,0,2,0,-1.5608894532268422,1.326196179504989,"11.815233846","14.754870769","2.939636923","11.575","22.8465","11.2715"
669236,"Jackson, Jeremiah","BAL",2026,2026,"All",-1.2788276764980968,313,0.006389776357827476,1,1,2,0,0,1,3,-1.6654104120708686,-2.1016568757420475,"12.5669","15.836896667","3.269996667","12.093","21.657","9.564"
683357,"Caissie, Owen","MIA",2026,2026,"All",0.07196613029913504,303,0.013201320132013201,3,1,0,0,0,3,1,0.2995975349815463,0.026770274006279415,"12.034613014","17.082315068","5.047702055","11.40275","21.703","10.30025"
802139,"Wetherholt, JJ","STL",2026,2026,"All",1.9653356474886803,848,0.01179245283018868,10,0,0,1,0,11,0,3.55326635099676,2.788183060642952,"11.190391304","14.383890026","3.193498721","11.4739","26.6825","15.2086"
665877,"Fermín, José","STL",2026,2026,"All",0.09467997641606028,254,0.011811023622047244,3,0,1,0,0,3,1,0.8576192478837245,-0.17076416257929924,"12.557792208","15.51569697","2.957904762","15.156","26.753666667","11.597666667"
687515,"Thomas, Colby","ATH",2026,2026,"All",-0.5650429802033613,140,0.007142857142857143,0,1,0,0,0,0,1,-1.4717720556972915,-0.6015301534753401,"11.740051095","13.503072993","1.763021898","9.453","20.808","11.355"
669699,"Shewmake, Braden","MIL",2026,2026,"All",0.18600417847602982,115,0.008695652173913044,1,0,0,0,0,1,0,-0.023532629307129516,0.42380156519434686,"10.382651376","14.069908257","3.687256881","14.356","30.987","16.631"
663616,"Larnach, Trevor","MIN",2026,2026,"All",-1.1414728310937363,541,0.0036968576709796672,0,2,0,1,0,1,2,-5.376634852369918,-0.14699080137723042,"11.414272901","13.999667939","2.585395038","12.1345","23.3245","11.19"
605170,"Caratini, Victor","MIN",2026,2026,"All",-0.30169525799518576,385,0,0,0,0,0,0,0,0,-4.496376051761171,1.3279554496823298,"11.040415144","14.555130548","3.514715405",,,
575929,"Contreras, Willson","BOS",2026,2026,"All",-1.1556227498683183,645,0.009302325581395349,3,3,0,0,0,3,3,-4.397184323143182,-0.6137464116437372,"11.37971521","15.701957929","4.322242718","11.137333333","20.169833333","9.0325"
663728,"Raleigh, Cal","SEA",2026,2026,"All",-0.2557955999050642,358,0.008379888268156424,2,1,0,0,0,2,1,-2.3832218737752005,0.49077505522216847,"10.861262857","13.722985714","2.861722857","11.651","26.873","15.222"
669477,"Schmitt, Casey","SF",2026,2026,"All",0.8901463249101285,373,0.024128686327077747,8,1,0,0,0,8,1,3.709124940350896,0.32960297075544137,"11.875220238","14.691761905","2.816541667","12.116888889","22.545555556","10.428666667"
694371,"Troy, Tommy","AZ",2026,2026,"All",0.3248749665719016,189,0.005291005291005291,1,0,0,0,1,2,0,0.3986289075622226,0.5447759667987943,"11.6404375","14.738892045","3.098454545","12.545","22.309","9.764"
701852,"Cavanaugh, Drew","SF",2026,2026,"All",-0.08549728703568346,115,0,0,0,0,0,0,0,0,-1.3886320763499327,0.4271758405206736,"12.910963636","18.050381818","5.139418182",,,
691781,"House, Brady","WSH",2026,2026,"All",0.14876327149006602,238,0.004201680672268907,1,0,0,0,0,1,0,-0.9713534442769085,0.7622976896565518,"12.226969163","15.048942731","2.821973568","10.85","19.45","8.6"
656484,"Gray, Tristan","MIN",2026,2026,"All",0.25607918698037485,173,0.005780346820809248,1,0,0,1,0,2,0,-0.08807581391842734,0.6082096661423579,"11.050181818","15.672533333","4.622351515","11.25","20.265","9.015"
656537,"Hill, Derek","PHI",2026,2026,"All",0.7453678618034678,271,0.05166051660516605,11,3,0,0,0,11,3,8.596957789254315,-2.164497102327546,"12.008123016","16.121555556","4.11343254","11.635785714","21.290142857","9.654357143"
663968,"Mangum, Jake","PIT",2026,2026,"All",-0.1511367337554902,540,0.025925925925925925,10,4,1,1,0,11,5,6.091354570902166,-3.043128106524261,"11.725614604","15.535048682","3.809434077","11.9175","23.842357143","11.924857143"
643289,"Dubón, Mauricio","ATL",2026,2026,"All",-0.5492128653896214,537,0.0037243947858473,1,1,0,0,0,1,1,-4.749370858789746,0.8903584585962837,"10.334051081","13.188159136","2.854108055","10.4335","21.3715","10.938"
521692,"Perez, Salvador","KC",2026,2026,"All",-0.20858490362828452,392,0,0,0,0,0,0,0,0,-4.576863617424144,1.5706395996812097,"10.519914508","13.989196891","3.469282383",,,
683734,"Vaughn, Andrew","MIL",2026,2026,"All",-0.3237337601243359,306,0,0,0,0,0,0,0,0,-3.6403163992298975,0.8985100438258743,"11.537078689","15.07772459","3.540645902",,,
668939,"Rutschman, Adley","BAL",2026,2026,"All",-0.21101336428066494,386,0,0,0,0,0,0,0,0,-4.211369521412458,1.4028012000040586,"9.322989446","12.610825858","3.287836412",,,
694728,"Matthews, Brice","HOU",2026,2026,"All",-1.3553173195389296,241,0.024896265560165973,3,3,1,0,0,3,4,0.20400768142532366,-3.102486346275541,"12.232103139","15.329188341","3.097085202","11.505","22.1845","10.6795"
694249,"Carrigg, Cole","COL",2026,2026,"All",-0.667493745176752,201,0.01990049751243781,2,2,0,0,0,2,2,-0.18378598168120208,-1.4016367752011436,"13.298265193","16.69919337","3.400928177","14.1015","23.292","9.1905"
694388,"Loperfido, Joey","HOU",2026,2026,"All",-0.5233479114782111,177,0.005649717514124294,0,1,0,0,0,0,1,-1.574790390863157,-0.46308851845684684,"10.787739645","15.724934911","4.937195266","10.162","19.213","9.051"
678246,"Vargas, Miguel","CWS",2026,2026,"All",0.30533290958611864,564,0.014184397163120567,7,1,1,0,0,7,2,1.4890655449048753,0.016710668011429286,"11.746024528","14.930511321","3.184486792","11.726","25.088625","13.362625"
656941,"Schwarber, Kyle","PHI",2026,2026,"All",-0.5551014881743875,541,0.0036968576709796672,1,1,0,0,0,1,1,-5.407146662380226,1.169617431781461,"10.669737143","14.799984762","4.130247619","13.9905","23.2635","9.273"
680869,"Gelof, Zack","ATH",2026,2026,"All",1.1420378951952261,347,0.01729106628242075,6,0,0,0,0,6,0,2.6842362455339828,1.3448681024187308,"11.786129231","17.052095385","5.265966154","14.08","27.790833333","13.710833333"
620443,"Torrens, Luis","NYM",2026,2026,"All",-0.08229660441686684,228,0,0,0,0,0,0,0,0,-2.227636005160336,0.8071791035893343,"9.429707207","13.507572072","4.077864865",,,
516782,"Marte, Starling","KC",2026,2026,"All",-0.4372746335409578,212,0.018867924528301886,2,2,0,1,0,3,2,0.41729079348661413,-1.1571839827517347,"11.947359606","14.341876847","2.394517241","12.2115","23.76675","11.55525"
664034,"France, Ty","SD",2026,2026,"All",-0.6369411373926157,344,0.0029069767441860465,0,1,0,0,0,0,1,-4.626677461191273,0.6408763441014194,"11.717540625","15.5608375","3.843296875","10.452","23.997","13.545"
701807,"Benge, Carson","NYM",2026,2026,"All",1.8539193847569067,718,0.019498607242339833,13,1,0,0,0,13,1,5.254574326118963,1.7844544878513595,"11.726795588","13.944779412","2.217983824","13.299785714","24.070285714","10.7705"
643446,"McNeil, Jeff","ATH",2026,2026,"All",-0.5755325809446343,445,0.0044943820224719105,1,1,0,0,0,1,1,-3.869933035797932,0.44100894714433786,"9.999317961","12.450791262","2.451473301","13.2395","36.6275","23.388"
690924,"Fulford, Braxton","COL",2026,2026,"All",0.7600196785930895,135,0.02962962962962963,4,0,0,0,0,4,0,2.7502855170335194,0.46658350041419056,"12.668351563","15.134273438","2.465921875","11.95","20.85775","8.90775"
677942,"Alexander, Blaze","BAL",2026,2026,"All",0.4091111766944662,478,0.02092050209205021,8,2,0,0,0,8,2,2.9767826544661333,-0.41387856488612657,"12.144712695","15.682051225","3.53733853","11.7704","21.5729","9.8025"
669127,"Langeliers, Shea","ATH",2026,2026,"All",-0.2080568147045265,546,0.005494505494505495,2,1,0,0,0,2,1,-3.4530708352813453,1.0723496718927614,"11.827973025","14.908647399","3.080674374","11.125","22.243","11.118"
664774,"Wade Jr., LaMonte","HOU",2026,2026,"All",-0.10177956325736383,111,0,0,0,0,0,0,0,0,-1.7653021261647739,0.558401915501313,"10.650814815","14.348648148","3.697833333",,,
685133,"Meckler, Wade","LAA",2026,2026,"All",0.5072440385499672,245,0.012244897959183673,3,0,0,0,0,3,0,0.8127546570230159,0.7659846825452509,"11.306878151","15.407915966","4.101037815","11.333","21.864","10.531"
663656,"Tucker, Kyle","LAD",2026,2026,"All",0.4455743730489196,531,0.007532956685499058,4,0,0,0,0,4,0,-2.8990036619692283,2.278611345428367,"10.357566929","13.09523622","2.737669291","13.20025","28.6155","15.41525"
621566,"Olson, Matt","ATL",2026,2026,"All",-0.13635272829586492,530,0.0018867924528301887,1,0,0,0,0,1,0,-4.948675034927337,1.8964050637546717,"11.079630268","14.396214559","3.316584291","11.108","27.731","16.623"
678218,"Valenzuela, Brandon","TOR",2026,2026,"All",-0.12248257586111991,284,0,0,0,0,0,0,0,0,-3.6281148129101677,1.340311970490922,"11.79856","16.339236364","4.540676364",,,
542303,"Ozuna, Marcell","PIT",2026,2026,"All",-0.14847142389451257,282,0,0,0,0,0,0,0,0,-2.635384270143617,0.8413454002982464,"10.370137184","14.755754513","4.385617329",,,
663993,"Lowe, Nathaniel","CIN",2026,2026,"All",-0.02849162505989873,279,0,0,0,0,0,0,0,0,-2.301979475931124,0.9597872669473912,"10.815966543","13.692457249","2.876490706",,,
691788,"Mack, Joe","MIA",2026,2026,"All",-0.05627445168111316,299,0,0,0,0,0,0,0,0,-2.8519156635583998,1.1424637356234817,"9.795226481","12.542501742","2.747275261",,,
678554,"Mead, Curtis","BOS",2026,2026,"All",-0.6354665510292634,378,0.010582010582010581,2,2,0,0,0,2,2,-2.119805519999707,-0.47001210450960723,"10.637065934","13.647914835","3.010848901","11.6","22.75575","11.15575"
596019,"Lindor, Francisco","NYM",2026,2026,"All",-1.42940927156769,230,0.008695652173913044,0,2,1,0,0,0,3,-2.717708760050665,-1.9685944879056814,"12.388075829","16.504554502","4.116478673","10.8655","19.304","8.4385"
665862,"Chisholm Jr., Jazz","NYY",2026,2026,"All",2.6102134875293475,564,0.04609929078014184,23,3,1,1,0,24,4,17.298502282697743,-1.88774882002267,"11.716689516","17.178227823","5.461538306","13.018653846","25.7095","12.690846154"
592663,"Realmuto, J.T.","PHI",2026,2026,"All",-0.1332200188052585,393,0.005089058524173028,2,0,1,0,0,2,1,-1.6223784875539118,0.42501261934560725,"11.802958333","16.038541667","4.235583333","10.239","23.2915","13.0525"
691011,"Romo, Drew","CWS",2026,2026,"All",0.16217781624923677,150,0.006666666666666667,1,0,0,0,0,1,0,-0.3078749359622148,0.49722845209262223,"12.867398601","15.598902098","2.731503497","11.687","24.362","12.675"
668670,"Rogers, Jake","DET",2026,2026,"All",0.1448271992799258,126,0.007936507936507936,1,0,0,0,0,1,0,-0.6738682820632814,0.6213352348724048,"9.933928","13.78408","3.850152","10.024","28.123","18.099"
608070,"Ramírez, José","CLE",2026,2026,"All",2.1116035682263092,457,0.045951859956236324,19,2,1,0,0,19,3,13.684097273884069,-1.3893686367788995,"12.350634383","17.525104116","5.174469734","12.963","24.492952381","11.529952381"
688363,"Pauley, Graham","MIA",2026,2026,"All",0.09503115720810464,148,0.006756756756756757,1,0,0,0,0,1,0,-0.6169410809491603,0.48537638532874827,"13.116234375","16.795953125","3.67971875","15.231","31.6","16.369"
666971,"Gurriel Jr., Lourdes","AZ",2026,2026,"All",0.027016553728503326,224,0,0,0,0,1,0,1,0,-1.5095451038610679,0.7309457211127044,"11.572719048","14.255428571","2.682709524",,,
680776,"Duran, Jarren","BOS",2026,2026,"All",0.7740438501073551,522,0.02490421455938697,12,1,2,1,0,13,3,6.149271447361809,-1.0129120874777946,"11.524798319","14.911207983","3.386409664","11.233923077","21.571615385","10.337692308"
656811,"O'Hearn, Ryan","PIT",2026,2026,"All",-0.19900965685009622,539,0,0,0,0,0,0,0,0,-5.54092574179168,2.020389981129422,"12.428335206","16.151451311","3.723116105",,,
700932,"Manzardo, Kyle","CLE",2026,2026,"All",-0.2872935692430783,389,0,0,0,0,0,0,0,0,-4.4596225447087114,1.3436243104414751,"10.337986911","13.501615183","3.163628272",,,
663457,"Nootbaar, Lars","STL",2026,2026,"All",0.13780464903763182,223,0.004484304932735426,1,0,0,0,0,1,0,-1.406236237632462,0.931226436809165,"11.752052632","15.519076555","3.767023923","9.737","19.665","9.928"
687263,"Neto, Zach","LAA",2026,2026,"All",-0.4659278810142886,738,0.02710027100271003,14,6,1,1,1,16,7,7.833292192092649,-4.516858487628477,"12.612597243","17.247188361","4.634591118","12.6792","24.31275","11.63355"
686475,"Tolbert, Tyler","KC",2026,2026,"All",1.3524376579718587,195,0.06153846153846154,11,1,1,1,0,12,2,9.809378164035557,-1.354306610745,"13.968788571","17.953737143","3.984948571","12.866583333","22.946083333","10.0795"
680728,"Del Castillo, Adrian","AZ",2026,2026,"All",0.03692163139996246,259,0.003861003861003861,1,0,0,0,0,1,0,-2.2395694910503527,1.0774122880222992,"11.125710938","15.307085938","4.181375","8.938","20.282","11.344"
671976,"Peters, Tristan","CWS",2026,2026,"All",-0.18576121488323297,477,0.012578616352201259,5,1,1,0,0,5,2,-0.5561475578645633,-0.16562600735626987,"12.241037694","15.152747228","2.911709534","11.884666667","22.989833333","11.105166667"
647304,"Naylor, Josh","SEA",2026,2026,"All",2.712482244025387,704,0.026988636363636364,18,1,0,0,0,18,1,10.143109107855919,1.5196898276760067,"10.014282246","13.724748103","3.710465857","10.676631579","28.357526316","17.680894737"
663743,"Fortes, Nick","TB",2026,2026,"All",-0.08925780158157304,310,0,0,0,0,0,1,1,0,-2.484189599909849,0.905733596445326,"10.994384106","14.096350993","3.101966887",,,
673357,"Robert Jr., Luis","NYM",2026,2026,"All",-0.7384494777825007,154,0.01948051948051948,1,2,0,0,0,1,2,-0.7082467393372933,-1.3262225109223162,"10.779550336","14.833765101","4.054214765","11.298","19.724333333","8.426333333"
696030,"Osuna, Alejandro","TEX",2026,2026,"All",-0.6735637398926272,317,0.012618296529968454,2,2,0,0,0,2,2,-2.277980298307004,-0.48437262273604725,"11.561028269","15.881636042","4.320607774","12.6695","20.43425","7.76475"
669707,"Triolo, Jared","PIT",2026,2026,"All",0.5654021172425016,329,0.0182370820668693,6,0,1,0,0,6,1,2.273929573544894,0.24581378340782567,"11.969006472","14.942932039","2.973925566","11.3388","23.365","12.0262"
624641,"Sosa, Edmundo","PHI",2026,2026,"All",-0.04491788604263407,302,0.0033112582781456954,1,0,0,0,0,1,0,-2.537052600521997,1.0277614090261449,"12.296109966","15.666914089","3.370804124","11.421","20.313","8.892"
670541,"Alvarez, Yordan","HOU",2026,2026,"All",-0.675429247267839,855,0,0,0,1,1,0,1,1,-8.712174619962557,2.371123726054825,"9.788438471","13.54451374","3.756075269",,,
680700,"Palacios, Richie","TB",2026,2026,"All",-0.39229039215827544,307,0.03257328990228013,7,3,1,0,1,8,4,4.05845082554901,-2.6755123494846136,"12.554462633","17.137049822","4.582587189","10.7017","21.2186","10.5169"
694362,"Dunn, Blake","CIN",2026,2026,"All",-0.3097860337698014,291,0.027491408934707903,5,3,0,0,0,5,3,2.315993221609437,-1.717743729092634,"12.174954545","17.049943182","4.874988636","13.68925","25.179125","11.489875"
663886,"Stephenson, Tyler","CIN",2026,2026,"All",-0.7151189074614208,401,0.0024937655860349127,0,1,0,0,0,0,1,-5.083899105824829,0.6703575860078773,"8.801190955","13.186092965","4.38490201","7.118","17.232","10.114"
673548,"Suzuki, Seiya","CHC",2026,2026,"All",-0.21280649548307393,587,0,0,0,0,0,0,0,0,-5.496335098777655,1.9699122761610148,"11.06875","14.107831597","3.039081597",,,
671289,"Freeman, Tyler","COL",2026,2026,"All",-1.228255244799147,387,0.01808785529715762,4,3,1,0,0,4,4,-0.22859026416184147,-2.6278604265928456,"12.323565341","15.607008523","3.283443182","11.922428571","22.875428571","10.953"
680777,"Jeffers, Ryan","MIN",2026,2026,"All",-0.11867327157948485,278,0,0,0,0,0,0,0,0,-2.9648884431500653,1.0540098156678404,"10.407574074","14.006411111","3.598837037",,,
668227,"Arozarena, Randy","SEA",2026,2026,"All",1.54114072768966,835,0.023952095808383235,17,3,0,0,0,17,3,7.208596046701909,0.22093670744283744,"12.428880435","16.164528533","3.735648098","12.38935","24.0246","11.63525"
686894,"Wiemer, Joey","WSH",2026,2026,"All",0.1610072035058706,156,0.00641025641025641,1,0,0,0,0,1,0,-0.1698365047630752,0.43327667657441254,"9.76935461","12.713900709","2.944546099","13.774","23.952","10.178"
596115,"Story, Trevor","BOS",2026,2026,"All",0.28966355066347643,208,0.009615384615384616,2,0,0,0,0,2,0,0.00877482402303887,0.6397968574641527,"12.970051546","17.187123711","4.217072165","12.9115","25.2245","12.313"
672356,"Arias, Gabriel","CLE",2026,2026,"All",0.44765856358598693,207,0.014492753623188406,3,0,0,0,0,3,0,0.41869655710574805,0.8087094492551938,"11.114340426","14.819175532","3.704835106","13.592333333","30.221666667","16.629333333"
681715,"Hernández, Heriberto","MIA",2026,2026,"All",0.8677778051977366,243,0.01646090534979424,4,0,0,1,0,5,0,1.979970362492899,1.048408294887013,"10.507348018","14.551748899","4.044400881","10.761","23.1785","12.4175"
691740,"Susac, Daniel","SF",2026,2026,"All",-0.06918319746427348,169,0.01775147928994083,2,1,0,0,0,2,1,0.792305610201384,-0.5058762655656682,"12.546267857","15.856083333","3.309815476","11.976","31.087","19.111"
694497,"Carter, Evan","TEX",2026,2026,"All",2.256780688738796,498,0.028112449799196786,13,1,0,1,0,14,1,9.349204510153227,0.859866192684741,"11.813602649","15.459059603","3.645456954","12.071142857","22.655357143","10.584214286"
665489,"Guerrero Jr., Vladimir","TOR",2026,2026,"All",-0.04094293312803535,606,0.009900990099009901,5,1,0,0,0,5,1,-3.182532542189019,1.323474611799486,"11.472811321","14.818715266","3.345903945","11.915833333","23.887","11.971166667"
678391,"Vivas, Jorbit","WSH",2026,2026,"All",-0.061582344594604516,329,0,0,0,0,1,0,1,0,-2.5329162808834185,0.9888909146268403,"12.787081433","16.500338762","3.713257329",,,
592450,"Judge, Aaron","NYY",2026,2026,"All",-0.5658917044849824,251,0.027888446215139442,4,3,0,0,0,4,3,1.5922005833546817,-1.9651818247909303,"10.922049587","14.667433884","3.745384298","10.6145","21.421666667","10.807166667"
810938,"Williamson, Ben","TB",2026,2026,"All",0.5431170199208699,305,0.022950819672131147,6,1,0,0,0,6,1,2.9574967782588564,-0.10751630162422682,"13.297627586","16.967117241","3.669489655","13.017","23.192142857","10.175142857"
643217,"Benintendi, Andrew","CWS",2026,2026,"All",-0.03919830140525277,393,0,0,0,0,0,0,0,0,-4.253082000293816,1.8031513303411348,"11.912965879","14.404490814","2.491524934",,,
663698,"Bart, Joey","ATL",2026,2026,"All",-0.12954025583426965,163,0,0,0,0,0,0,0,0,-2.2637401360043055,0.7182394919257588,"10.363490323","13.674903226","3.311412903",,,
553993,"Suárez, Eugenio","CIN",2026,2026,"All",-0.5859810609388933,360,0.002777777777777778,0,1,0,0,0,0,1,-3.90778617438761,0.4346137198636192,"11.160366477","14.833431818","3.673065341","9.438","23.297","13.859"
667670,"Rooker, Brent","ATH",2026,2026,"All",0.12920976832206388,178,0.0056179775280898875,1,0,0,0,0,1,0,-0.6468230808536096,0.5746097433173016,"10.716511765","12.885294118","2.168782353","13.323","26.333","13.01"
595879,"Báez, Javier","DET",2026,2026,"All",-0.2729825694318363,113,0.017699115044247787,1,1,0,0,0,1,1,-0.09707059597792692,-0.5634854449694462,"10.930308411","15.609280374","4.678971963","9.7985","22.9925","13.194"
694374,"Tawa, Tim","AZ",2026,2026,"All",0.1673638404689078,206,0.0048543689320388345,1,0,0,0,0,1,0,-0.7607538205752714,0.7100324546310255,"12.53644086","16.175870968","3.639430108","11.405","23.634","12.229"
690993,"Keith, Colt","DET",2026,2026,"All",0.4096485682353158,382,0.007853403141361256,3,0,0,0,0,3,0,-1.126620567518812,1.411050403864617,"12.266861789","15.552216802","3.285355014","14.017666667","24.619666667","10.602"
680757,"Kwan, Steven","CLE",2026,2026,"All",0.141339089970318,688,0.007267441860465116,4,1,0,1,0,5,1,-2.876318937746872,1.5924508389326497,"10.860556426","15.117399687","4.25684326","11.4552","21.6154","10.1602"
666181,"Benson, Will","CIN",2026,2026,"All",-0.27510679289888695,126,0.015873015873015872,1,1,0,0,0,1,1,-0.01053894594198268,-0.6066644526899776,"12.352975","16.146275","3.7933","11.971","18.1155","6.1445"
664770,"Lukes, Nathan","TOR",2026,2026,"All",-0.6372072993213347,377,0.002652519893899204,0,1,0,0,0,0,1,-4.066761411787617,0.39143329563597246,"11.599421053","14.270531856","2.671110803","11.822","18.674","6.852"
678011,"Seigler, Anthony","BOS",2026,2026,"All",0.19406018519974122,232,0.008620689655172414,2,0,0,0,0,2,0,-0.7440031664019255,0.761912929955835,"11.71700463","15.956648148","4.239643519","18.539","36.574","18.035"
679822,"Foscue, Justin","TEX",2026,2026,"All",-0.5494260213881407,138,0,0,0,1,0,0,0,1,-1.1451345733232385,-0.7119980149410965,"12.728761194","15.662910448","2.934149254",,,
596142,"Sánchez, Gary","MIL",2026,2026,"All",-0.30582842522944403,284,0,0,0,0,0,0,0,0,-3.445394481049053,0.8516677132897041,"9.811388489","12.87371223","3.062323741",,,
607208,"Turner, Trea","PHI",2026,2026,"All",1.9598120298634232,791,0.021491782553729456,15,2,0,0,0,15,2,7.837524599419285,0.8717935777323683,"11.746126359","15.457441576","3.711315217","11.794117647","24.133529412","12.339411765"
691016,"Soderstrom, Tyler","ATH",2026,2026,"All",-0.10080409923681033,512,0.001953125,1,0,0,0,0,1,0,-4.76746857567719,1.8948658131080638,"11.347406953","14.570854806","3.223447853","11.29","19.894","8.604"
681198,"Rumfield, TJ","COL",2026,2026,"All",-1.0123280673261694,652,0,0,0,1,0,0,0,1,-7.737173501107705,1.1891258508786098,"10.347411672","14.047280757","3.699869085",,,
664728,"Isbel, Kyle","KC",2026,2026,"All",0.7008441621835542,226,0.017699115044247787,4,0,0,0,0,4,0,1.3887136357425094,0.9402254111890058,"12.734599057","16.785070755","4.050471698","12.56225","24.3515","11.78925"
642201,"White, Eli","ATL",2026,2026,"All",0.2038719569286293,239,0.016736401673640166,4,0,1,0,0,4,1,1.6907891414311207,-0.29841304746132,"12.754625571","16.184109589","3.429484018","13.10425","25.47475","12.3705"
695578,"Wood, James","WSH",2026,2026,"All",0.952025637298232,821,0.018270401948842874,13,2,1,0,0,13,3,4.260168191681848,0.22220444213751192,"10.418367347","13.195369898","2.777002551","11.730266667","24.408933333","12.678666667"
701762,"Kurtz, Nick","ATH",2026,2026,"All",0.394642438790769,781,0.008962868117797696,6,1,0,0,0,6,1,-1.9706502456871569,1.7528277509515622,"12.099678763","15.341651882","3.241973118","13.439142857","27.776857143","14.337714286"
608324,"Bregman, Alex","CHC",2026,2026,"All",-0.5526812123469663,638,0.001567398119122257,1,0,1,0,0,1,1,-6.17349931909543,1.5155970032713773,"10.631043619","13.768678514","3.137634895","9.928","24.945","15.017"
681546,"Outman, James","DET",2026,2026,"All",-0.11145606982122928,265,0.026415094339622643,5,2,0,0,0,5,2,2.113860021497627,-1.187173498046122,"12.154558704","17.091878543","4.937319838","11.902857143","24.205714286","12.302857143"
665019,"Clemens, Kody","MIN",2026,2026,"All",0.22576854336333188,482,0.01867219917012448,7,2,0,0,0,7,2,1.4564372153480787,-0.14559755490285503,"12.09124086","16.196597849","4.105356989","12.471333333","22.422","9.950666667"
605137,"Bell, Josh","MIN",2026,2026,"All",-0.23949685819657784,470,0,0,0,0,0,0,0,0,-4.8417207347318065,1.6196606416661867,"11.041816993","13.484496732","2.442679739",,,
667472,"Myers, Dane","CIN",2026,2026,"All",1.3708720538941972,273,0.02564102564102564,7,0,0,1,0,8,0,4.907715724773841,0.8651753531987333,"12.888051587","15.119","2.230948413","12.339285714","23.457714286","11.118428571"
823550,"Song, Sung-Mun","SD",2026,2026,"All",2.119232727159586,188,0.05319148936170213,10,0,0,1,0,11,0,9.40089749276183,0.5312293969049326,"12.962982143","17.543392857","4.580410714","12.7853","23.4343","10.649"
694384,"Schanuel, Nolan","LAA",2026,2026,"All",-0.06943162805389136,585,0.0017094017094017094,1,0,0,0,0,1,0,-5.6257985066330916,2.3460623850505034,"12.532214411","15.603325132","3.071110721","10.525","26.14","15.615"
660162,"Moncada, Yoán","LAA",2026,2026,"All",0.12511562519913805,156,0.00641025641025641,1,0,0,0,0,1,0,-0.7397630438570932,0.6068182977123483,"12.317113333","16.324573333","4.00746","12.173","22.628","10.455"
642715,"Adames, Willy","SF",2026,2026,"All",-0.4032000697536007,499,0.008016032064128256,2,2,0,1,0,3,2,-2.442683290805172,0.18963686312763067,"11.674597917","15.579247917","3.90465","11.51025","22.38025","10.87"
668804,"Reynolds, Bryan","PIT",2026,2026,"All",0.6304881593888021,755,0.006622516556291391,5,0,0,0,0,5,0,-3.4116568720164957,2.9173767417602243,"12.302678771","15.213689944","2.911011173","11.3328","23.5008","12.168"
656305,"Chapman, Matt","SF",2026,2026,"All",-0.753325087915887,451,0.0022172949002217295,0,1,0,0,0,0,1,-5.41267743118494,0.7315786629357799,"11.255115741","15.697983796","4.442868056","11.615","22.378","10.763"
624585,"Soler, Jorge","LAA",2026,2026,"All",-0.16514065132961883,384,0,0,0,0,0,0,0,0,-3.815231823466484,1.328679363030396,"10.158354667","14.11624","3.957885333",,,
669257,"Smith, Will","LAD",2026,2026,"All",-0.17029238837971045,304,0,0,0,0,0,0,0,0,-3.243867841653115,1.0632915110020282,"12.404298305","15.128576271","2.724277966",,,
672820,"Sosa, Lenyn","TOR",2026,2026,"All",-0.03644315193648404,137,0,0,0,0,0,0,0,0,-1.4829422286689884,0.5781006528829197,"12.086617188","17.424585938","5.33796875",,,
665804,"Amaya, Miguel","CHC",2026,2026,"All",-0.07282960251494297,205,0,0,0,0,0,0,0,0,-1.956504327077746,0.7077139175569026,"9.302158416","12.419579208","3.117420792",,,
665161,"Peña, Jeremy","HOU",2026,2026,"All",1.1129735351299348,513,0.017543859649122806,8,1,0,1,0,9,1,2.79622191759007,1.2305092258042687,"12.07432766","16.156744681","4.082417021","11.833111111","25.499444444","13.666333333"
669242,"Edman, Tommy","LAD",2026,2026,"All",-0.3170236663646151,246,0.016260162601626018,3,1,1,0,0,3,2,0.6534597309103101,-0.9949235834370616,"11.522478814","14.99154661","3.469067797","14.16975","26.66225","12.4925"
682657,"Martínez, Angel","CLE",2026,2026,"All",0.05737146714623037,276,0.036231884057971016,8,2,1,0,0,8,3,4.932132649530377,-2.064566806133018,"12.504477366","16.250962963","3.746485597","12.6427","24.1797","11.537"
691594,"Sanoja, Javier","MIA",2026,2026,"All",-0.05449801035038207,433,0.013856812933025405,5,1,1,0,0,5,2,0.14906826149668373,-0.18735925033269563,"11.2490225","14.9819825","3.73296","12.113666667","24.6175","12.503833333"
665926,"Giménez, Andrés","TOR",2026,2026,"All",0.9361650659980046,414,0.021739130434782608,8,1,0,0,0,8,1,4.214459354475382,0.2072737668953949,"10.941606684","15.099431877","4.157825193","12.236222222","25.344111111","13.107888889"
702616,"Holliday, Jackson","BAL",2026,2026,"All",0.1802033830174962,327,0.01529051987767584,4,1,0,0,0,4,1,0.4647732469483884,0.1938860747284874,"10.575704545","14.885850649","4.310146104","12.2344","25.9054","13.671"
677587,"Rocchio, Brayan","CLE",2026,2026,"All",-1.4767174084512378,615,0.02113821138211382,8,5,1,0,0,8,6,0.7550302252438897,-3.617163230000048,"12.38438968","17.1536121","4.76922242","12.557076923","24.750461538","12.193384615"
700337,"Quero, Edgar","CWS",2026,2026,"All",0.04951940054018453,161,0.006211180124223602,1,0,0,0,0,1,0,-1.3925798710717738,0.7289674994545294,"10.568936709","14.519291139","3.95035443","10.911","25.286","14.375"
691176,"Domínguez, Jasson","NYY",2026,2026,"All",1.2090018795493547,246,0.028455284552845527,7,0,0,0,0,7,0,4.3272105366639115,0.7634661604812759,"11.379575758","15.256090909","3.876515152","12.266571429","22.449714286","10.183142857"
656775,"Mullins, Cedric","TB",2026,2026,"All",-0.9666220165693822,368,0.03804347826086957,9,5,1,0,0,9,6,5.298107616296126,-4.502763421841349,"11.913697329","15.723178042","3.809480712","11.793714286","23.118285714","11.324571429"
669003,"Mitchell, Garrett","MIL",2026,2026,"All",0.006314294444137197,479,0.016701461377870562,6,2,0,0,0,6,2,0.9533425436389589,-0.40967603174144784,"11.657506696","14.263042411","2.605535714","10.7295","21.998125","11.268625"
673962,"Jung, Josh","TEX",2026,2026,"All",-0.16612984074927856,618,0,0,0,0,1,0,1,0,-5.847514608832447,2.2297179578160287,"11.605147651","15.91763255","4.312484899",,,
621438,"Taylor, Tyrone","NYM",2026,2026,"All",-0.5972407771617683,232,0.004310344827586207,0,1,0,0,0,0,1,-2.344579809918983,-0.2851662559510475,"13.088779904","16.320454545","3.231674641","13.925","21.448","7.523"
681624,"Pages, Andy","LAD",2026,2026,"All",-0.5999189811048767,615,0.024390243902439025,10,5,0,0,0,10,5,2.6120191572139437,-2.4940506945503094,"11.500388601","14.706075993","3.205687392","12.094666667","24.329333333","12.234666667"
808959,"Murakami, Munetaka","CWS",2026,2026,"All",-1.8032139913878846,482,0.008298755186721992,1,3,1,0,0,1,4,-4.208241857642842,-2.13681248857626,"10.929820346","14.041318182","3.111497835","10.96325","21.6495","10.68625"
686469,"Pasquantino, Vinnie","KC",2026,2026,"All",0.14221636145929212,451,0.004434589800443459,2,0,0,0,0,2,0,-2.864651345317606,1.5892147344951406,"11.530187643","13.691231121","2.161043478","10.894","24.895","14.001"
681393,"Norby, Connor","MIA",2026,2026,"All",0.1417154752157634,259,0.03088803088803089,6,2,0,0,0,6,2,3.167690565844327,-1.0929391954513266,"11.003237288","14.670440678","3.66720339","11.124875","24.7795","13.654625"
691785,"Mayer, Marcelo","BOS",2026,2026,"All",0.0015762518089815214,270,0.003703703703703704,1,0,0,0,0,1,0,-2.2546750164957374,1.0055805669069522,"12.50443346","15.853038023","3.348604563","13.397","23.202","9.805"
593428,"Bogaerts, Xander","SD",2026,2026,"All",1.3436495792941536,582,0.020618556701030927,11,1,1,1,0,12,2,5.777818371243412,0.41796867787882475,"11.95162594","16.227710526","4.276084586","13.181583333","26.098583333","12.917"
645277,"Albies, Ozzie","ATL",2026,2026,"All",-1.5863692006344978,544,0.003676470588235294,0,2,1,0,0,0,3,-5.986759443093282,-0.8644829155907581,"11.469479612","14.187829126","2.718349515","12.19","21.6015","9.4115"
687859,"Johnston, Troy","COL",2026,2026,"All",-0.8393886281167116,499,0.014028056112224449,4,3,0,0,0,4,3,-1.358064192380044,-1.2617239769793294,"11.71716309","15.623763948","3.906600858","12.995714286","26.985428571","13.989714286"
545341,"Grichuk, Randal","CWS",2026,2026,"All",-0.0784365844323141,170,0,0,0,0,0,0,0,0,-1.2753009586947834,0.3924969051258725,"12.69152381","14.874922619","2.18339881",,,
543807,"Springer, George","TOR",2026,2026,"All",-0.47468056720045254,458,0.013100436681222707,4,2,0,0,0,4,2,-1.5516096059706088,-0.36524143556962413,"11.274689498","14.731641553","3.456952055","12.411666667","23.7775","11.365833333"
669397,"Allen, Nick","HOU",2026,2026,"All",0.07044373709430676,209,0.004784688995215311,1,0,0,0,0,1,0,-0.7796212420337475,0.5030399677801249,"12.293391089","15.513074257","3.219683168","9.844","21.106","11.262"
805367,"Meidroth, Chase","CWS",2026,2026,"All",-0.050343469434192045,821,0.001218026796589525,1,0,0,1,0,2,0,-7.1759722919918465,3.077446642142611,"10.677268775","14.679245059","4.001976285","10.644","24.757","14.113"
695336,"Saggese, Thomas","STL",2026,2026,"All",-0.3132319163066792,129,0.015503875968992248,1,1,0,0,0,1,1,-0.06877429147784728,-0.6655045733580196,"12.078565574","15.395213115","3.316647541","12.38","22.069","9.689"
624424,"Conforto, Michael","CHC",2026,2026,"All",0.13084523705000217,258,0.003875968992248062,1,0,0,0,0,1,0,-1.5262603826891918,0.9691051413063122,"10.879904382","14.880832669","4.000928287","10.351","31.043","20.692"
676356,"DeLuca, Jonny","TB",2026,2026,"All",-1.0740265486905944,340,0.03235294117647059,7,4,1,0,0,7,5,3.895981182148126,-4.11827285582271,"12.606942308","16.372580128","3.765637821","12.333727273","22.745181818","10.411454545"
683002,"Henderson, Gunnar","BAL",2026,2026,"All",-0.9306352620349498,600,0.011666666666666667,6,1,3,0,0,6,4,-1.4847449351201456,-1.408191722246493,"12.897149446","17.077690037","4.18054059","13.874285714","25.613571429","11.739285714"
701678,"Lee, Hao-Yu","DET",2026,2026,"All",-0.7919568638179995,281,0.010676156583629894,1,2,0,0,0,1,2,-1.741415359694094,-0.9859417597315051,"12.906618868","16.960701887","4.054083019","11.967333333","22.044","10.076666667"
663837,"Vierling, Matt","DET",2026,2026,"All",-0.26502832803318666,385,0.012987012987012988,4,1,1,0,0,4,2,0.4566065644237288,-0.7918880909287443,"11.679263587","15.674065217","3.99480163","11.6366","22.0184","10.3818"
664702,"Straw, Myles","TOR",2026,2026,"All",0.1975502550298048,258,0.01937984496124031,4,1,0,0,0,4,1,1.0708064700814908,-0.03691341996998582,"10.615450413","13.768942149","3.153491736","11.342","23.95","12.608"
518692,"Freeman, Freddie","LAD",2026,2026,"All",0.3482864730068262,688,0.00436046511627907,3,0,0,0,0,3,0,-3.992803352323233,2.548549207714383,"12.447138763","16.810815988","4.363677225","11.686","25.864666667","14.178666667"
682987,"Jones, Spencer","NYY",2026,2026,"All",0.11510991467155547,193,0.0051813471502590676,1,0,0,0,0,1,0,-0.9729637361449831,0.6882281375567831,"11.111793478","14.469195652","3.357402174","10.166","19.348","9.182"
662139,"Varsho, Daulton","TOR",2026,2026,"All",0.4818854678569214,455,0.008791208791208791,4,0,0,0,0,4,0,-0.1857362253071151,1.1534060287074324,"11.717562212","15.291384793","3.573822581","11.67025","25.8565","14.18625"
642708,"Rosario, Amed","NYY",2026,2026,"All",0.09689015522745732,213,0.004694835680751174,1,0,0,0,0,1,0,-0.9204034947204617,0.6243796759367768,"11.826935323","15.137149254","3.31021393","11.625","22.325","10.7"
669357,"Gorman, Nolan","STL",2026,2026,"All",-0.1575138754199437,265,0,0,0,0,0,0,0,0,-2.900762445578172,0.9391969193237575,"10.601023256","14.187302326","3.58627907",,,
682668,"Acuña, Luisangel","CWS",2026,2026,"All",0.9098232131933472,356,0.05056179775280899,14,4,0,0,0,14,4,10.461359853684682,-2.6276639056524096,"12.625607595","15.751044304","3.125436709","12.779","22.705388889","9.926388889"
808975,"Kim, Hyeseong","LAD",2026,2026,"All",0.29052333264151947,160,0.025,3,1,0,1,0,4,1,2.2136606981926508,-0.3382417933266913,"11.906871622","15.719783784","3.812912162","11.39975","21.538","10.13825"
680474,"Schuemann, Max","NYY",2026,2026,"All",-0.3059447400101097,188,0.026595744680851064,3,2,0,0,0,3,2,1.1909342747226495,-1.209181322121421,"12.046005682","15.539767045","3.493761364","12.1752","24.0978","11.9226"
672960,"Okamoto, Kazuma","TOR",2026,2026,"All",-0.1004646951988607,494,0.0020242914979757085,1,0,0,0,0,1,0,-4.195032257303118,1.6412039028039185,"11.818805846","14.934853862","3.116048017","10.856","22.743","11.887"
681508,"Gasper, Mickey","BOS",2026,2026,"All",-0.5550423477285634,205,0.004878048780487805,0,1,0,0,0,0,1,-2.899781177808244,0.055364195184634646,"10.850870647","14.763378109","3.912507463","10.669","20.966","10.297"
641933,"O'Neill, Tyler","BAL",2026,2026,"All",0.06277686791509077,253,0.003952569169960474,1,0,0,0,0,1,0,-1.7502332468372683,0.9173855939612097,"11.019219512","14.47846748","3.459247967","11.14","19.457","8.317"
663757,"Grisham, Trent","NYY",2026,2026,"All",0.4584973942873688,536,0.011194029850746268,5,1,0,0,0,5,1,-1.3866593032534256,1.6351761220845642,"10.113428571","14.239340952","4.125912381","12.001166667","26.151666667","14.1505"
689414,"Hicks, Liam","MIA",2026,2026,"All",0.019741570245017354,586,0.005119453924914676,3,0,1,0,0,3,1,-3.02945429288457,1.39029428627096,"9.843176573","13.202127622","3.358951049","10.914","18.396666667","7.482666667"
691718,"Crow-Armstrong, Pete","CHC",2026,2026,"All",1.561605833884865,674,0.03857566765578635,21,5,1,2,0,23,6,16.51154024233424,-3.868227143515513,"11.820980392","15.627612745","3.806632353","12.761846154","24.968923077","12.207076923"
592518,"Machado, Manny","SD",2026,2026,"All",-0.925171309124511,590,0.005084745762711864,1,2,0,0,0,1,2,-5.228874323859448,0.26800790143861897,"12.070767318","15.135461812","3.064694494","13.637","21.226","7.589"
682177,"Schneemann, Daniel","CLE",2026,2026,"All",-0.25691314387854336,322,0.018633540372670808,4,2,0,0,0,4,2,0.7531565331779467,-0.9056543344758597,"11.085033557","14.458805369","3.373771812","12.3825","23.787166667","11.404666667"
672515,"Moreno, Gabriel","AZ",2026,2026,"All",0.2360527374275866,539,0.0074211502782931356,3,1,0,1,0,4,1,-1.0938706619980918,1.0107263773937873,"10.041850095","13.269920304","3.228070209","8.573","22.842","14.269"
666176,"Adell, Jo","LAA",2026,2026,"All",-0.07627524303336593,584,0.003424657534246575,2,0,0,0,0,2,0,-4.960955242471528,2.0353684565798704,"11.752021467","14.421944544","2.669923077","12.521","27.3725","14.8515"
669224,"Wells, Austin","NYY",2026,2026,"All",0.03739057408491232,287,0.003484320557491289,1,0,0,0,0,1,0,-2.591281877757916,1.2347709991922127,"10.700387097","13.886519713","3.186132616","8.625","21.137","12.512"
682998,"Carroll, Corbin","AZ",2026,2026,"All",1.0497577162741887,516,0.027131782945736434,12,2,1,1,0,13,3,7.867906593275993,-1.1640524497355667,"10.107229474","13.824568421","3.717338947","11.750285714","22.623642857","10.873357143"
663368,"Perkins, Blake","MIL",2026,2026,"All",0.31598181288119453,140,0.014285714285714285,2,0,0,0,0,2,0,0.8685920905182349,0.31614087728343904,"13.636404762","17.797301587","4.160896825","15.012","28.571","13.559"
686217,"Frelick, Sal","MIL",2026,2026,"All",-0.38081471622266855,489,0.010224948875255624,4,1,1,0,0,4,2,-0.706614406134645,-0.532204077768311,"11.919446903","14.591","2.671553097","12.8204","25.8118","12.9914"
802415,"Simpson, Chandler","TB",2026,2026,"All",1.9112544111775571,696,0.040229885057471264,22,6,0,1,1,24,6,17.36931610637098,-3.4724640224370016,"12.618542149","16.070193388","3.45165124","12.540321429","23.187428571","10.647107143"
691723,"Mayo, Coby","BAL",2026,2026,"All",0.12245568656880841,339,0.0058997050147492625,2,0,1,1,0,3,1,0.21878276331905627,0.17488696423332428,"11.468941896","15.842767584","4.373825688","13.5425","20.669","7.1265"
650859,"Rengifo, Luis","SD",2026,2026,"All",-0.05466340924999798,372,0.008064516129032258,2,1,0,1,0,3,1,-1.0811499671239586,0.3590368537217643,"13.772129794","16.597958702","2.825828909","12.696666667","20.548333333","7.851666667"
699912,"Fernandez, Jose","AZ",2026,2026,"All",0.24470832044139834,263,0.030418250950570342,6,2,0,0,0,6,2,3.0472280417583533,-0.810527306467271,"12.196943231","16.075637555","3.878694323","12.94125","23.7375","10.79625"
665966,"Narváez, Carlos","BOS",2026,2026,"All",0.08373559048822216,195,0.005128205128205128,1,0,0,0,0,1,0,-1.0681649254760384,0.6608190568520658,"11.143611702","14.796569149","3.652957447","18.117","45.864","27.747"
701398,"Stewart, Sal","CIN",2026,2026,"All",1.248643757310959,619,0.01938610662358643,10,2,0,2,0,12,2,5.794368815051389,0.19948887622373346,"10.787123499","13.507987993","2.720864494","12.240083333","26.054416667","13.814333333"
671218,"Ramos, Heliot","SF",2026,2026,"All",-0.010667098641623102,358,0.002793296089385475,1,0,0,0,0,1,0,-2.8422368677023573,1.2395117219974423,"12.8423207","16.460349854","3.618029155","16.421","34.232","17.811"
687093,"Grissom, Vaughn","LAA",2026,2026,"All",-0.13956969204713826,300,0,0,0,0,0,0,0,0,-3.1577568529045728,1.0932926189639456,"10.622051724","13.043855172","2.421803448",,,
645305,"Sánchez, Ali","NYY",2026,2026,"All",-0.11566952852510937,110,0,0,0,0,0,0,0,0,-1.1591678630588444,0.2581423201925765,"10.445660194","13.300650485","2.854990291",,,
665052,"Conine, Griffin","MIA",2026,2026,"All",0.07172415884192748,219,0.0045662100456621,1,0,0,0,0,1,0,-1.297529793701573,0.7360669279605394,"11.415288372","14.867232558","3.451944186","12.051","22.466","10.415"
666182,"Bichette, Bo","NYM",2026,2026,"All",-0.6487313003427243,656,0,0,0,1,0,1,1,1,-5.661085856949168,1.0744130467713537,"11.76099843","16.043036107","4.282037677",,,
683748,"Mesa Jr., Victor","TB",2026,2026,"All",-0.34214375364909716,142,0.035211267605633804,3,2,0,0,0,3,2,1.3837570171464517,-1.375322571285305,"12.435722222","16.894968254","4.459246032","10.8488","20.5932","9.7444"
678489,"Barrosa, Jorge","AZ",2026,2026,"All",-0.5268010650105253,221,0,0,0,1,0,0,0,1,-1.743285559629289,-0.39587545129925983,"12.79617734","15.410369458","2.614192118",,,
668715,"Steer, Spencer","CIN",2026,2026,"All",0.5272542496070888,595,0.0033613445378151263,2,0,0,0,0,2,0,-3.8985934522818213,2.9043843112521173,"11.996934483","14.758993103","2.762058621","10.2455","24.6065","14.361"
660821,"Sánchez, Jesús","TOR",2026,2026,"All",-0.422007102584382,310,0.0064516129032258064,1,1,0,0,0,1,1,-1.6763560397836967,-0.19274643250587514,"11.929541254","15.234808581","3.305267327","11.7015","25.5705","13.869"
665923,"Ruiz, Esteury","MIA",2026,2026,"All",2.860521809629007,224,0.10714285714285714,22,2,1,0,0,22,3,19.392534466068483,-2.262189074632654,"12.638196809","17.191601064","4.553404255","14.256666667","24.238375","9.981708333"
657656,"Laureano, Ramón","SD",2026,2026,"All",0.17337114551806337,274,0.029197080291970802,6,2,0,0,0,6,2,2.7611123598528784,-0.8418918365611374,"11.468013575","14.058054299","2.590040724","10.501375","21.405625","10.90425"
670764,"Walls, Taylor","TB",2026,2026,"All",1.6827236913433756,385,0.04155844155844156,14,2,0,0,0,14,2,10.095794920339067,-0.747633983832082,"13.456923295","17.990701705","4.533778409","13.5841875","25.43675","11.8525625"
807713,"Shaw, Matt","CHC",2026,2026,"All",-0.34338142495220203,199,0.020100502512562814,3,1,1,0,0,3,2,1.2456452347615325,-1.3166899375655698,"12.255461538","14.776648352","2.521186813","11.966","21.841","9.875"
650333,"Arraez, Luis","SF",2026,2026,"All",0.8980958311618097,761,0.009198423127463863,7,0,1,1,0,8,1,-0.6978442023749838,2.305921492526237,"11.394330028","16.253558074","4.859228045","12.307571429","24.375714286","12.068142857"
650489,"Castro, Willi","COL",2026,2026,"All",0.9731232451964925,453,0.017660044150110375,7,1,0,1,0,8,1,3.313805830247047,0.6896935092157408,"11.36007783","14.43103066","3.07095283","11.895125","23.395625","11.5005"
691406,"Caminero, Junior","TB",2026,2026,"All",-0.8274386125661546,578,0.0017301038062283738,0,1,0,0,0,0,1,-7.772324057909453,1.6156137755905158,"10.68256383","13.224960993","2.542397163","10.564","22.457","11.893"
672695,"Perdomo, Geraldo","AZ",2026,2026,"All",-0.45696623213174903,734,0.02997275204359673,15,7,0,0,0,15,7,6.561498274486766,-3.9317019711757792,"11.743842185","15.38108953","3.637247344","12.861090909","25.587772727","12.726681818"
641343,"Bauers, Jake","MIL",2026,2026,"All",0.3623991409978295,393,0.020356234096692113,7,1,1,0,0,7,2,3.0294174431700798,-0.5410763280804143,"11.602065217","15.893201087","4.29113587","12.29075","26.08475","13.794"
676724,"Young, Jared","NYM",2026,2026,"All",0.052607273898152895,296,0.0033783783783783786,1,0,0,0,0,1,0,-2.053349201315566,1.029504698136147,"12.360606897","15.18","2.819393103","12.316","22.038","9.722"
677649,"Duran, Ezequiel","TEX",2026,2026,"All",0.43870487443779294,527,0.018975332068311195,8,2,0,0,0,8,2,3.1779399824795758,-0.43751804901804625,"12.845997967","16.305199187","3.45920122","12.1184","22.353","10.2346"
694671,"Langford, Wyatt","TEX",2026,2026,"All",0.82403670421925,296,0.02702702702702703,7,1,0,0,0,7,1,3.917701303524384,0.08999209669860321,"11.306223404","14.572617021","3.266393617","11.741125","22.362625","10.6215"
666160,"Moniak, Mickey","COL",2026,2026,"All",-0.4559022255456749,291,0.003436426116838488,1,0,1,0,0,1,1,-2.464054592678364,0.08201931775555116,"10.530690647","13.836392086","3.305701439","10.466","20.04","9.574"
669364,"Edwards, Xavier","MIA",2026,2026,"All",1.21886003979657,728,0.020604395604395604,13,2,0,0,0,13,2,5.106104145590212,0.43919824595228363,"12.114190045","16.61460181","4.500411765","12.2898","24.011666667","11.721866667"
694192,"Chourio, Jackson","MIL",2026,2026,"All",1.122704558479826,598,0.011705685618729096,7,0,0,0,0,7,0,0.821991371985986,2.129569520183609,"11.467019504","14.44789539","2.980875887","10.874","19.521285714","8.647285714"
676914,"Schneider, Davis","TOR",2026,2026,"All",0.016303828143012327,155,0.0064516129032258064,1,0,0,0,0,1,0,-1.3009971834146634,0.6144516996132109,"12.298945946","13.449648649","1.150702703","12.897","22.482","9.585"
545361,"Trout, Mike","LAA",2026,2026,"All",0.8529820438521141,622,0.00964630225080386,6,0,0,0,0,6,0,-0.7504820712698126,2.2290632402357256,"11.583838655","14.086484034","2.502645378","10.7174","21.7092","10.9918"
695506,"Caglianone, Jac","KC",2026,2026,"All",-0.08546707176254881,444,0.006756756756756757,3,0,1,0,0,3,1,-1.8176881339021993,0.6179345667064201,"12.339207143","15.848397619","3.509190476","12.416666667","22.784333333","10.367666667"
663330,"Jones, Jahmai","BOS",2026,2026,"All",-0.39573224849559313,183,0.01092896174863388,1,1,0,0,0,1,1,-1.2302407063124623,-0.3326313494068915,"12.860829268","17.47297561","4.612146341","14.862","30.7405","15.8785"
700250,"Rice, Ben","NYY",2026,2026,"All",0.21654375891679886,561,0.0017825311942959,1,0,0,1,0,2,0,-4.178938942517681,2.3385145498229694,"10.783535912","13.08705709","2.303521179","10.785","28.379","17.594"
803011,"Antonacci, Sam","CWS",2026,2026,"All",1.2429408951725223,677,0.023633677991137372,14,2,1,0,0,14,3,7.208719629975159,-0.44178451293890236,"11.894363344","15.630948553","3.736585209","11.7296875","22.7840625","11.054375"
573262,"Yastrzemski, Mike","ATL",2026,2026,"All",-0.0595858282397664,380,0,0,0,0,0,0,0,0,-3.7115175171576436,1.517150389315026,"10.664924157","15.624421348","4.959497191",,,
621493,"Ward, Taylor","BAL",2026,2026,"All",-1.2742405187150674,1027,0.004868549172346641,2,3,0,1,0,3,3,-8.701924196371989,1.035876267909627,"11.795230848","14.957064351","3.161833504","11.2876","21.6814","10.3938"
806198,"Pratt, Cooper","MIL",2026,2026,"All",0.17577973646575856,170,0.047058823529411764,6,2,0,0,0,6,2,4.341342369523387,-1.5388638609753653,"11.978251572","17.295044025","5.316792453","11.20025","19.85825","8.658"
641680,"Heim, Jonah","ATH",2026,2026,"All",-0.19054471412167878,241,0,0,0,0,0,0,0,0,-2.530341526713193,0.7011635360465774,"10.581824268","14.750112971","4.168288703",,,
606192,"Hernández, Teoscar","LAD",2026,2026,"All",-0.14376172244616764,369,0,0,0,0,0,0,0,0,-3.858083167394122,1.395233135628126,"12.823512605","17.197901961","4.374389356",,,
682663,"Ramírez, Agustín","MIA",2026,2026,"All",-0.4028275791875624,164,0.006097560975609756,1,0,1,0,0,1,1,-0.8298966874169441,-0.5263294260092751,"10.52056129","14.737541935","4.216980645","11.22","30.018","18.798"
656577,"Jackson, Alex","MIN",2026,2026,"All",-0.04366052776135634,114,0,0,0,0,0,0,0,0,-0.9043609964384488,0.3049148256140743,"11.833135135","15.89672973","4.063594595",,,
694378,"Gonzalez, Jacob","PIT",2026,2026,"All",0.16707908621056208,127,0.007874015748031496,1,0,0,0,0,1,0,-0.27346266033610467,0.4928258183950724,"12.476672","15.921072","3.4444","11.624","27.464","15.84"
683953,"Bazzana, Travis","CLE",2026,2026,"All",1.084369446771675,535,0.03177570093457944,14,3,0,0,0,14,3,7.523729934149998,-0.9341700890185131,"11.499692149","14.842551653","3.342859504","11.166941176","24.812352941","13.645411765"
690976,"Freeland, Alex","LAD",2026,2026,"All",0.16392425466240915,381,0.005249343832020997,2,0,0,0,0,2,0,-2.1706162662925843,1.3289944620465064,"12.442223496","16.409896848","3.967673352","11.7285","26.9795","15.251"
687462,"Horwitz, Spencer","PIT",2026,2026,"All",-0.1878214470021664,476,0.0021008403361344537,1,0,0,0,0,1,0,-5.344132883255668,1.9577891769977047,"11.352267819","14.981289417","3.629021598","12.248","24.661","12.413"
645302,"Robles, Victor","SEA",2026,2026,"All",-0.39321026966570094,176,0.045454545454545456,6,2,1,0,0,6,3,3.1980109179045675,-2.295138784992478,"13.015788462","18.186596154","5.170807692","12.75875","23.436125","10.677375"
671056,"Herrera, Iván","STL",2026,2026,"All",1.0537228753599237,756,0.007936507936507936,6,0,0,0,0,6,0,-1.3657316145712337,2.9485982183870445,"10.882590846","13.335475728","2.452884882","10.050833333","27.706833333","17.656"
642350,"Siri, Jose","LAA",2026,2026,"All",0.34572157173990276,126,0.015873015873015872,2,0,0,0,0,2,0,0.8740539975898618,0.37980171604873425,"12.522940171","16.588299145","4.065358974","12.9585","21.505","8.5465"
675961,"Williams, Alika","ATH",2026,2026,"All",-0.5022063596160744,118,0.00847457627118644,0,1,0,0,0,0,1,-1.0291290025202127,-0.6586234646934072,"12.512758929","15.901616071","3.388857143","11.881","21.306","9.425"
681297,"Cowser, Colton","BAL",2026,2026,"All",0.5408731490549268,336,0.02976190476190476,8,2,0,0,0,8,2,3.8830224989797566,-0.5238474460911661,"11.400157895","17.265434211","5.865276316","10.4575","23.9609","13.5034"
650402,"Torres, Gleyber","DET",2026,2026,"All",-0.1799086547725407,319,0,0,0,0,0,0,0,0,-3.756300994323676,1.269670097982655,"10.295121406","14.828632588","4.533511182",,,
640902,"Pereda, Jhonny","SEA",2026,2026,"All",0.0051794556728312,120,0,0,0,0,0,0,0,0,-1.5428202682627434,0.6972077985008442,"10.358008621","14.107732759","3.749724138",,,
608369,"Seager, Corey","TEX",2026,2026,"All",-0.10727515454296274,293,0,0,0,0,0,0,0,0,-2.791105430316229,1.0021020700450733,"12.001003472","14.688423611","2.687420139",,,
669743,"Call, Alex","LAD",2026,2026,"All",-0.8111868089341286,288,0.006944444444444444,1,1,1,0,0,1,2,-1.564576328964633,-1.1072700958693382,"12.68682971","16.506663043","3.819833333","16.644","29.716","13.072"
676475,"Burleson, Alec","STL",2026,2026,"All",-0.04478091246191951,568,0.00528169014084507,3,0,1,0,0,3,1,-2.0655907120911223,0.8185271776806824,"11.255950368","14.683564338","3.427613971","14.489666667","38.887333333","24.397666667"
701358,"Smith, Cam","HOU",2026,2026,"All",-0.46405602518175465,405,0.027160493827160494,10,1,4,0,0,10,5,5.420811069419797,-3.440484975701587,"12.409578667","15.503605333","3.094026667","12.567272727","21.939090909","9.371818182"
677800,"Abreu, Wilyer","BOS",2026,2026,"All",-0.7676724978549159,452,0.01991150442477876,6,3,1,1,0,7,4,1.2172462060520621,-2.2469371979229598,"11.249025404","14.534944573","3.285919169","10.822333333","21.183222222","10.360888889"
699013,"Valdez, Esmerlyn","PIT",2026,2026,"All",-0.004618666914400165,131,0,0,0,0,0,0,0,0,-1.1923177277480392,0.5196552858560168,"10.274031008","13.295992248","3.02196124",,,
668709,"Bleday, JJ","CIN",2026,2026,"All",-0.008487834362745401,488,0.00819672131147541,3,1,0,0,0,3,1,-1.6016070376719032,0.6929634959369675,"11.872341826","15.657740977","3.785399151","11.993","24.70875","12.71575"
609280,"Andujar, Miguel","SD",2026,2026,"All",-1.0350377343567347,311,0.012861736334405145,2,2,1,0,0,2,3,-0.5385054052536213,-2.0607481184578,"12.533827586","15.473258621","2.939431034","11.8765","22.28375","10.40725"
683083,"Nuñez, Nasim","WSH",2026,2026,"All",4.708455534532423,503,0.06560636182902585,30,3,0,1,0,31,3,25.435106609196207,-0.841257305126248,"11.675488263","15.958802817","4.283314554","12.803212121","24.259333333","11.456121212"
682622,"Marte, Noelvi","CIN",2026,2026,"All",0.7411785049821654,202,0.019801980198019802,4,0,0,0,0,4,0,1.9466590175990923,0.7818815588052159,"12.03672449","16.015061224","3.978336735","13.26075","21.92975","8.669"
693307,"Dingler, Dillon","DET",2026,2026,"All",-0.2581951167851205,595,0,0,0,0,0,0,0,0,-6.567112069713923,2.344949549239253,"11.211768313","15.884754685","4.672986371",,,
672640,"Lopez, Otto","MIA",2026,2026,"All",1.9857979728129767,827,0.02902055622732769,20,4,0,0,1,21,4,13.308803269683278,-1.5021392913859526,"12.739980366","17.490951571","4.750971204","12.787083333","24.330375","11.543291667"
691023,"Walker, Jordan","STL",2026,2026,"All",1.011761144656491,646,0.021671826625386997,12,2,1,1,0,13,3,7.189288661725886,-0.9468813059748521,"11.891527961","15.540953947","3.649425987","12.343","26.725857143","14.382857143"
664040,"Lowe, Brandon","PIT",2026,2026,"All",-0.17910485127417522,706,0.00141643059490085,1,0,0,0,0,1,0,-6.107636405646352,2.316494288566879,"12.977068047","17.033044379","4.055976331","11.362","23.585","12.223"
671739,"Harris II, Michael","ATL",2026,2026,"All",-0.667282193648356,626,0.007987220447284345,4,1,2,0,1,5,3,-1.4448267578773537,-0.8407040934953038,"11.875197595","15.317676976","3.442479381","12.0768","23.9512","11.8744"
643396,"Kiner-Falefa, Isiah","BOS",2026,2026,"All",0.5474788301911784,267,0.033707865168539325,7,2,0,1,0,8,2,4.6017070700566265,-0.8285835196003261,"12.258880478","16.817525896","4.558645418","12.058666667","23.418777778","11.360111111"
811965,"Kuroda-Grauer, Joshua","ATH",2026,2026,"All",-0.10786474954071842,170,0,0,0,0,0,0,0,0,-1.674128661483902,0.5043577394579157,"13.656025316","16.425278481","2.769253165",,,
665742,"Soto, Juan","NYM",2026,2026,"All",-0.5835925798937429,464,0.010775862068965518,3,2,0,0,0,3,2,-2.7751590143758733,-0.06346839337459606,"10.854324943","14.700173913","3.84584897","13.4388","27.1718","13.733"
621020,"Swanson, Dansby","CHC",2026,2026,"All",2.021406011807365,494,0.022267206477732792,11,0,0,0,0,11,0,6.158759724946041,1.75478681515146,"12.685699134","16.549606061","3.863906926","13.703636364","27.320181818","13.616545455"
668930,"Turang, Brice","MIL",2026,2026,"All",0.07222060371232189,658,0.0182370820668693,9,3,0,0,0,9,3,1.885570186531167,-0.6775409635420289,"11.543865353","14.651090312","3.107224959","11.73125","22.978916667","11.247666667"
663604,"Lockridge, Brandon","MIL",2026,2026,"All",0.8681158261221241,206,0.024271844660194174,5,0,0,0,0,5,0,2.389937210541647,0.8669519644750925,"11.96179558","14.872569061","2.910773481","12.7812","22.9404","10.1592"
502671,"Goldschmidt, Paul","NYY",2026,2026,"All",0.06889028953778069,317,0.0031545741324921135,1,0,0,0,0,1,0,-2.5631698928094875,1.2922761513326182,"10.239341853","12.706594249","2.467252396","12.526","32.582","20.056"
666397,"Julien, Edouard","COL",2026,2026,"All",-0.5447968294778908,479,0.010438413361169102,3,2,0,0,0,3,2,-3.0538017225596086,0.14658558896451243,"11.174889868","14.425801762","3.250911894","12.0976","20.3758","8.2782"
691720,"Karros, Kyle","COL",2026,2026,"All",0.46040615183713995,561,0.0053475935828877,3,0,0,1,0,4,0,-2.48262427980488,2.1265133506624747,"12.372292052","14.323421442","1.95112939","13.491666667","26.135","12.643333333"
670623,"Paredes, Isaac","HOU",2026,2026,"All",-0.24970029742672886,564,0,0,0,0,0,0,0,0,-5.859652827871166,2.049400595883344,"9.974926259","13.276350719","3.30142446",,,
664761,"Bohm, Alec","PHI",2026,2026,"All",0.0806227397480043,519,0,0,0,0,1,0,1,0,-4.177828818019886,2.035974451893293,"12.526249509","15.116612967","2.590363458",,,
683737,"Busch, Michael","CHC",2026,2026,"All",-0.48846717017466124,690,0.002898550724637681,1,1,0,0,0,1,1,-5.859311208636084,1.5186557145612327,"11.932691852","14.642814815","2.710122963","13.281","25.591","12.31"
666969,"García, Adolis","PHI",2026,2026,"All",0.5315491159012293,230,0.013043478260869565,3,0,0,0,0,3,0,0.4574193023563832,0.9779227898443392,"11.352504762","15.326852381","3.974347619","11.077","21.245","10.168"
672761,"Pérez, Wenceel","DET",2026,2026,"All",-0.2793955196206,169,0.023668639053254437,3,1,1,0,0,3,2,1.1537544351313245,-1.1336586814374774,"12.717539394","15.920151515","3.202612121","13.654","24.0835","10.4295"
701305,"Dezenzo, Zach","HOU",2026,2026,"All",0.11255203465488761,132,0.007575757575757576,1,0,0,0,0,1,0,-0.2986833081169224,0.38286376950727147,"12.352674797","15.763170732","3.410495935","10.852","22.756","11.904"
805999,"Ewing, A.J.","NYM",2026,2026,"All",-0.23129906268328404,479,0.031315240083507306,11,4,1,0,0,11,5,5.662601674526632,-3.0307097724191365,"12.104309795","16.069542141","3.965232346","12.856466667","23.371333333","10.514866667"
687363,"Scott II, Victor","STL",2026,2026,"All",0.37797961961473303,279,0.03942652329749104,8,3,0,0,1,9,3,6.264043488409547,-1.9440646179270442,"12.086320988","15.500345679","3.414024691","12.196545455","23.031272727","10.834727273"
622268,"Walton, Donovan","ATH",2026,2026,"All",-0.4758862556986698,191,0.005235602094240838,0,1,0,0,0,0,1,-1.9699723910602172,-0.18198172774805915,"13.225597765","17.001173184","3.775575419","11.241","18.668","7.427"
693304,"Gonzales, Nick","PIT",2026,2026,"All",-0.1439447638294954,656,0.006097560975609756,3,1,0,0,0,3,1,-3.8098144160559455,1.3733735986259907,"11.732670968","14.81503871","3.082367742","11.1045","22.88225","11.77775"
696285,"Young, Jacob","WSH",2026,2026,"All",0.271954270437424,392,0.02806122448979592,9,2,1,0,0,9,3,4.640352782866814,-1.4580361914131923,"12.898914286","15.70528","2.806365714","13.519636364","24.029909091","10.510272727"
686681,"Massey, Michael","KC",2026,2026,"All",0.026510104248760505,337,0.002967359050445104,1,0,0,0,0,1,0,-2.197980655229837,1.035791633988284,"12.378476923","13.827627692","1.449150769","12.371","15.36","2.989"
678882,"Rafaela, Ceddanne","BOS",2026,2026,"All",-1.1627866527039552,563,0.03197158081705151,12,6,1,0,0,12,7,6.1118975418837636,-5.300369246846008,"11.397475191","14.910385496","3.512910305","12.112277778","23.429833333","11.317555556"
682985,"Greene, Riley","DET",2026,2026,"All",-0.34431017719426593,684,0.0029239766081871343,1,1,0,2,0,3,1,-4.820456396821114,1.377291338155457,"11.450148036","14.210436556","2.76028852","11.4005","24.862","13.4615"
671732,"Butler, Lawrence","ATH",2026,2026,"All",-0.6181841428594399,393,0.010178117048346057,4,0,3,0,0,4,3,0.5169581297481927,-1.60350170846462,"11.822097765","15.163312849","3.341215084","12.613","26.789","14.176"
701350,"Anthony, Roman","BOS",2026,2026,"All",0.24518909202881933,185,0.010810810810810811,2,0,0,0,0,2,0,-0.17651073814268933,0.6233138659052391,"11.911661111","14.568122222","2.656461111","12.0115","23.883","11.8715"
641584,"Fraley, Jake","TB",2026,2026,"All",0.07372987467257763,141,0.02127659574468085,3,0,1,0,0,3,1,1.6371302904935934,-0.5637692965025357,"12.234175182","16.94549635","4.711321168","11.436333333","23.856666667","12.420333333"
807799,"Yoshida, Masataka","BOS",2026,2026,"All",0.24479815907001953,424,0.0047169811320754715,2,0,0,0,0,2,0,-1.9834513167726833,1.4255298276101254,"11.841158416","15.50809901","3.666940594","11.99","24.503","12.513"
677870,"Jiménez, Leo","MIA",2026,2026,"All",-0.02778771336320635,197,0.005076142131979695,1,0,0,0,0,1,0,-1.666260308759602,0.6788096630860346,"11.759827225","14.693685864","2.933858639","12.494","22.111","9.617"
680977,"Donovan, Brendan","SEA",2026,2026,"All",-0.8800327134711453,237,0.008438818565400843,1,1,1,0,0,1,2,-1.9567268738347123,-1.085971863787117,"11.42269469","13.978774336","2.556079646","14.127","29.887","15.76"
606466,"Marte, Ketel","AZ",2026,2026,"All",0.19883780166884182,718,0.004178272980501393,3,0,0,0,0,3,0,-5.22669967596614,2.764839415249044,"10.014485496","13.391047328","3.376561832","10.795666667","22.271","11.475333333"
807712,"Keaschall, Luke","MIN",2026,2026,"All",0.7977312762216058,635,0.02047244094488189,11,2,0,0,0,11,2,3.6792993335370876,0.13749202114265383,"11.673573579","14.641979933","2.968406355","12.722384615","23.237230769","10.514846154"
690984,"Halpin, Petey","CLE",2026,2026,"All",0.9015306253253109,151,0.026490066225165563,4,0,0,1,0,5,0,3.3946738661562508,0.4946574490979136,"10.632007143","13.388592857","2.756585714","10.67225","24.404","13.73175"
668885,"Martin, Austin","MIN",2026,2026,"All",0.18713379457606985,481,0.02494802494802495,9,3,0,0,0,9,3,3.578377927723203,-1.1745373132635009,"12.370621381","15.010478842","2.639857461","12.856333333","23.215416667","10.359083333"
681481,"Carpenter, Kerry","DET",2026,2026,"All",-0.26351879771601205,313,0,0,0,0,0,0,0,0,-4.1526300537102205,1.2600160289467386,"11.447435811","14.248016892","2.800581081",,,
695731,"Montgomery, Braden","CWS",2026,2026,"All",-0.6358626049346692,217,0.009216589861751152,1,1,1,1,0,2,2,0.06717939510897555,-1.4428855199032515,"11.964863415","17.581697561","5.616834146","12.7125","22.06","9.3475"
701538,"Merrill, Jackson","SD",2026,2026,"All",1.9816134889861552,599,0.028380634390651086,15,2,0,0,1,16,2,10.121817525626764,-0.09500003586488164,"12.751345018","16.409411439","3.658066421","12.273294118","21.607352941","9.334058824"
677588,"Tena, José","WSH",2026,2026,"All",-0.7740819679340816,316,0.012658227848101266,3,1,2,0,0,3,3,0.31258610941170173,-1.8591093107031469,"12.675197952","16.358348123","3.683150171","10.981","19.5475","8.5665"
669392,"Taylor, Samad","SD",2026,2026,"All",-0.021761919047545385,185,0.032432432432432434,5,1,1,0,0,5,2,3.031676369728604,-1.3957715399850366,"13.0167125","16.37479375","3.35808125","13.199333333","22.1555","8.956166667"
664954,"Sullivan, Brett","COL",2026,2026,"All",-0.4647310172715861,155,0.0064516129032258064,0,1,0,0,0,0,1,-1.8305209489101548,-0.21917072775456725,"11.613863946","14.974013605","3.36014966","10.177","19.725","9.548"
683146,"Baty, Brett","NYM",2026,2026,"All",0.1895605337875714,471,0.012738853503184714,5,1,0,0,0,5,1,-0.8062350624492814,0.7795723250609441,"11.312993435","15.514363239","4.201369803","13.337833333","26.641833333","13.304"
686452,"Millas, Drew","WSH",2026,2026,"All",-0.49847712126022437,204,0.004901960784313725,0,1,0,0,0,0,1,-1.9267816207226913,-0.2513795491459693,"11.07086802","14.928614213","3.857746193","12.051","20.821","8.77"
500743,"Rojas, Miguel","LAD",2026,2026,"All",-1.0366714615730317,292,0.003424657534246575,0,1,1,0,0,0,2,-3.050510544026963,-0.9479318950391972,"12.089782288","16.149575646","4.059793358","18.323","26.664","8.341"
571970,"Muncy, Max","LAD",2026,2026,"All",0.11100915887041359,412,0.0024271844660194173,1,0,0,0,0,1,0,-2.2843604486829836,1.2619583302378001,"11.576857143","15.313472906","3.736615764","11.525","31.52","19.995"
669394,"Burger, Jake","TEX",2026,2026,"All",-0.07854554180733422,366,0.00273224043715847,1,0,0,0,0,1,0,-3.2618461494188424,1.275163751280965,"10.415801676","13.662849162","3.247047486","11.302","21.887","10.585"
702332,"Durbin, Caleb","BOS",2026,2026,"All",-0.08060102724953683,414,0.033816425120772944,11,3,2,1,0,12,5,7.591543830213601,-3.5531328739827934,"12.469690027","17.058894879","4.589204852","13.409357143","26.511428571","13.102071429"
664023,"Happ, Ian","CHC",2026,2026,"All",-0.2058565976991298,617,0.004862236628849271,2,1,0,0,0,2,1,-3.7054962724951044,1.18942812622198,"10.818672384","15.447708405","4.629036021","11.739","24.002333333","12.263333333"
660670,"Acuña Jr., Ronald","ATL",2026,2026,"All",0.05425470300123819,410,0.041463414634146344,13,4,1,0,0,13,5,8.577685702611936,-3.6917387500469974,"11.865227642","15.807436314","3.942208672","12.345647059","25.953823529","13.608176471"
800050,"DeLauter, Chase","CLE",2026,2026,"All",-0.20941892871807744,672,0.00744047619047619,4,1,0,0,0,4,1,-4.987682459126573,1.7513723624605364,"11.394009202","14.82416411","3.430154908","11.9958","28.3344","16.3386"
686555,"Collins, Isaac","KC",2026,2026,"All",-1.8068269854914192,498,0.020080321285140562,5,5,1,0,1,6,6,0.07238506473047235,-4.047342218750041,"12.594540481","16.047678337","3.453137856","12.1055","22.4854","10.3799"
650490,"Díaz, Yandy","TB",2026,2026,"All",-0.1903797586342727,724,0.0027624309392265192,2,0,0,0,0,2,0,-6.570453798024907,2.497135557712686,"10.61081471","14.728214993","4.117400283","10.935","27.1925","16.2575"
543309,"Higashioka, Kyle","TEX",2026,2026,"All",-0.1219796899898095,208,0,0,0,0,0,0,0,0,-2.505929362952516,0.8426804057793196,"10.836025","14.118485","3.28246",,,
681351,"O'Hoppe, Logan","LAA",2026,2026,"All",-0.09191321960014837,285,0,0,0,0,0,0,0,0,-2.268360990280223,0.8039088410131028,"11.923897527","14.685978799","2.762081272",,,
663586,"Riley, Austin","ATL",2026,2026,"All",0.9695511865137751,506,0.009881422924901186,5,0,0,1,0,6,0,0.749231704970239,1.8215663233771726,"10.866244898","14.015622449","3.149377551","12.5138","22.729","10.2152"
686611,"Crews, Dylan","WSH",2026,2026,"All",1.1848739273824351,278,0.02158273381294964,6,0,0,0,0,6,0,3.3061862470237013,1.1636370621726548,"11.092389105","13.444754864","2.352365759","11.419833333","23.333833333","11.914"