"player_id","entity_name","team_name","start_year","end_year","runner_runs_tot","runner_runs_XB","runner_runs_SBX","N_runner_moved","runner_runs_XB_swipe","runner_runs_XB_snipe","runner_runs_XB_freeze","N_runner_moved_XB","runner_runs_SB2","runner_runs_SB3","simple_stolen_on_running_act_SB2","simple_stolen_on_running_act_SB3","N_runner_moved_SBX"
802415,"Simpson, Chandler","TB",2026,2026,6.172686974144408,4.2614325629668555,1.911254411177553,76,5.3167752073446986,-0.7758485777832864,-0.27949406659455706,46,1.8883427701250128,0.022911641052541037,11.754233881003612,2.142618202930394,30
683083,"Nuñez, Nasim","WSH",2026,2026,5.68525144583643,0.9767959113040056,4.708455534532424,54,2.3095036085580536,-0.7828933748042193,-0.5498143224498289,20,3.404859044181651,1.3035964903507742,18.22976282973394,6.36408647433599,34
682998,"Carroll, Corbin","AZ",2026,2026,5.047477059018891,3.9977193427446993,1.0497577162741918,67,5.345888702512723,-0.7632792285778593,-0.5848901311901651,51,0.2922480885637582,0.7575096277104337,3.2080794719675225,3.4957746715728955,16
681082,"Stott, Bryson","PHI",2026,2026,5.023440635716369,2.4632002997477858,2.560240335968584,48,3.3608386471909504,0,-0.8976383474431654,34,2.1919342986097723,0.3683060373588117,9.192813430937704,1.5382679207013483,14
804606,"Griffin, Konnor","PIT",2026,2026,4.839193663009572,2.5311375612071565,2.308056101802416,41,3.013100049353093,0,-0.48196248814593684,25,2.156229514581625,0.15182658722079073,10.696720745536979,0.6492180407083428,16
677951,"Witt Jr., Bobby","KC",2026,2026,4.384254221165792,1.6837778594098025,2.700476361755989,71,3.0174928619926966,-0.793909248615667,-0.5398057539672272,39,1.6051924573887155,1.0952839043672733,11.671960985797453,5.12330425047928,32
621020,"Swanson, Dansby","CHC",2026,2026,4.204429860675354,2.1830238488679887,2.0214060118073656,51,3.505579785565252,-0.7607358713760749,-0.5618200653211874,40,1.89061560967474,0.13079040213262466,7.594156452777328,0.31939008732016966,11
665923,"Ruiz, Esteury","MIA",2026,2026,4.188248901432665,1.3277270918036623,2.8605218096290024,42,1.6178090980017417,0,-0.2900820061980797,17,1.3248905403253015,1.5356312693037013,9.592528695185065,7.537816696250762,25
665862,"Chisholm Jr., Jazz","NYY",2026,2026,4.1172868030422425,1.5070733155128948,2.610213487529348,52,2.079292827650027,0,-0.572219512137132,24,0.7771277406050197,1.8330857469243282,6.504861158632635,8.90589230404244,28
701538,"Merrill, Jackson","SD",2026,2026,4.103120099255894,2.121506610269738,1.981613488986156,47,2.5716529843631406,0,-0.4501463740934018,29,1.9286577905462217,0.05295569843993476,9.957939379506518,0.06887811025536439,18
805808,"McGonigle, Kevin","DET",2026,2026,4.049146061787818,2.7980085747822825,1.2511374870055352,62,5.18155106490818,-0.7548271163113343,-1.6287153738145643,53,1.393160426779508,-0.14202293977397268,2.9444022373928362,-0.9499790422268544,9
672640,"Lopez, Otto","MIA",2026,2026,3.7919808690365437,1.8061828962235666,1.985797972812977,81,4.196633965012405,-1.6332120985037508,-0.757238970285088,56,1.511153767293564,0.4746442055194131,9.79353934416,2.0131246341373266,25
691718,"Crow-Armstrong, Pete","CHC",2026,2026,3.7198758358755777,2.158270001990701,1.5616058338848768,62,2.7544995877472953,0,-0.5962295857565943,33,1.2541018466937628,0.307503987191114,10.23887320462008,2.4044398941986747,29
807712,"Keaschall, Luke","MIN",2026,2026,3.634384589788497,2.836653313566888,0.7977312762216089,48,3.590634799458236,0,-0.7539814858913458,35,0.7465105607881186,0.05122071543348974,3.7652669034449313,0.05152445123479526,13
663538,"Hoerner, Nico","CHC",2026,2026,3.587211965099906,1.1769612864672325,2.4102506786326736,55,2.8829807779374526,-0.7863368027965094,-0.9196826886737103,38,2.115773334340181,0.29447734429249245,8.789099264042468,0.9218446729567907,17
802139,"Wetherholt, JJ","STL",2026,2026,3.372144127773254,1.4068084802845735,1.96533564748868,47,2.9476137320417366,0,-1.5408052517571638,36,1.8834531141495348,0.08188253333914536,6.202125324442269,0.13932408719743475,11
694497,"Carter, Evan","TEX",2026,2026,3.2952236848348377,1.0384429960960542,2.256780688738784,38,1.7610029091358943,0,-0.72255991303984,23,1.7149809424637004,0.5417997462750834,7.66393703658334,2.5451336662546495,15
683953,"Bazzana, Travis","CLE",2026,2026,3.228406719633033,2.144037272861363,1.0843694467716702,39,2.704235224551113,0,-0.5601979516897506,22,0.22301833179303487,0.8613511149786354,2.5531109111500827,4.0364489339814025,17
701807,"Benge, Carson","NYM",2026,2026,3.1687085749269475,1.3147891901700417,1.8539193847569058,42,2.367694463706533,0,-1.0529052735364912,28,1.7434499398604941,0.11046944489641179,6.665747446050736,0.3732813679195891,14
608070,"Ramírez, José","CLE",2026,2026,3.020593926679183,0.9089903584528728,2.11160356822631,56,2.2351737289427898,-0.7645676249565739,-0.5616157455333419,34,1.2208706638577191,0.8907329043685903,8.003776479013982,4.290952158091186,22
607208,"Turner, Trea","PHI",2026,2026,2.7559179838541796,0.7961059539907578,1.959812029863422,49,1.9822053455155737,0,-1.1860993915248161,32,1.4454226666164476,0.514389363246975,6.422291260698944,2.28702691645271,17
665750,"Taveras, Leody","BAL",2026,2026,2.378928740963404,2.098414771983595,0.2805139689798094,37,2.7875834771339685,0,-0.6891687051503732,29,0.07217642278376482,0.2083375461960448,1.1403810583855045,0.7846096004432175,8
641343,"Bauers, Jake","MIL",2026,2026,2.3658447299505085,2.003445588952679,0.3623991409978293,47,3.078440917377268,0,-1.074995328424588,38,0.4422518290857532,-0.079852688087924,1.8331331227582743,0.6552079923313915,9
670764,"Walls, Taylor","TB",2026,2026,2.339160516528405,0.6564368251850283,1.6827236913433767,53,2.818933266801382,-1.554667223316906,-0.6078292182994468,37,0.7604747612752518,0.9222489300681247,4.897400821299664,4.450760115207317,16
680776,"Duran, Jarren","BOS",2026,2026,2.2623035205588877,1.488259670451534,0.7740438501073534,42,2.679589960372495,-0.7513828784699793,-0.4399474114509814,26,0.8338257123804742,-0.05978186227312061,5.58752829910227,-0.4511689392182532,16
668227,"Arozarena, Randy","SEA",2026,2026,2.2318623634693417,0.6907216357796807,1.5411407276896611,50,2.1359276941333367,0,-1.4452060583536563,30,1.2838894103452596,0.2572513173444006,6.526344922417594,0.9031878317271516,20
696285,"Young, Jacob","WSH",2026,2026,2.156965539234646,1.885011268797221,0.27195427043742476,37,2.057248939334903,0,-0.17223767053768202,25,-0.09513355992265254,0.36708783036007697,1.5604846326169226,1.6218319588366956,12
682928,"Abrams, CJ","WSH",2026,2026,2.1354165326534824,0.5363230506986967,1.5990934819547857,59,3.0330617981536063,-0.8377701082351038,-1.658968639219805,40,1.4870063650901582,0.11208711686462712,8.784018799278224,0.33932396047414853,19
664983,"McCarthy, Jake","COL",2026,2026,2.111682978448357,2.3955493916029127,-0.28386641315455563,63,4.927666645206626,-2.3026869492883284,-0.2294303043153836,41,-0.19661412497660988,-0.08725228817794538,5.0960562381678,0.6221628950301676,22
803011,"Antonacci, Sam","CWS",2026,2026,2.075124501628654,0.8321836064561251,1.2429408951725287,48,2.8246069016681443,-0.8158933243374968,-1.1765299708745227,31,1.1315127712714854,0.11142812390104319,6.465684536387527,0.3012505806487528,17
671976,"Peters, Tristan","CWS",2026,2026,2.0732621282046027,2.2590233430878355,-0.18576121488323302,34,2.447203814015806,0,-0.18818047092796936,27,0.785248107650671,-0.9710093225339037,1.8344155852036594,-2.55618915042449,7
665833,"Cruz, Oneil","PIT",2026,2026,2.067138145214144,0.22126579501541177,1.8458723501987324,46,2.1466070545163736,-1.51712907929861,-0.4082121802023515,23,1.7289209175342366,0.11695143266449526,11.410894673737147,0.32658799523189713,23
680869,"Gelof, Zack","ATH",2026,2026,2.0665375858743893,0.9244996906791625,1.1420378951952266,32,2.0326087756400635,-0.7595835222439729,-0.3485255627169275,26,1.0039583080946464,0.13807958710058005,3.4393595973039193,0.5897447506487961,6
668715,"Steer, Spencer","CIN",2026,2026,2.0415604954574267,1.5143062458503371,0.5272542496070894,28,1.9185486622771541,0,-0.4042424164268169,26,0.452802552164576,0.07445169744251282,-0.7477507816797709,-0.24645835934993235,2
665161,"Peña, Jeremy","HOU",2026,2026,2.0365327710604793,0.9235592359305447,1.1129735351299346,37,2.545351940053297,-0.9863296467611036,-0.635463057361649,27,0.8925082156860819,0.22046531944385278,3.4323100852638095,0.5944210581305301,10
666152,"Hamilton, David","MIL",2026,2026,2.028290021829986,0.8369892296023866,1.191300792227599,33,1.3067782491248923,0,-0.4697890195225058,17,0.628127161002404,0.5631736312251949,5.2690514922775,2.7368750813548677,16
690993,"Keith, Colt","DET",2026,2026,2.013529487478741,1.6038809192434254,0.4096485682353158,32,2.123192386164403,0,-0.5193114669209773,29,0.4586902666671121,-0.04904169843179626,0.596797780411749,-0.31236794406594176,3
669364,"Edwards, Xavier","MIA",2026,2026,2.0067142821000568,0.7878542423034878,1.218860039796569,55,3.116628710030164,-1.518834292567587,-0.8099401751590884,40,1.3378025883200155,-0.11894254852344653,6.3705005741786564,-0.8251981826361644,15
669003,"Mitchell, Garrett","MIL",2026,2026,1.9733776298753067,1.9670633354311675,0.00631429444413923,43,2.602905579679529,0,-0.6358422442483609,35,0.09254029129468683,-0.08622599685054738,1.2118706537558275,-0.6682041418583206,8
677942,"Alexander, Blaze","BAL",2026,2026,1.972921997428167,1.5638108207336952,0.4091111766944719,35,2.161378330489458,0,-0.5975675097557629,25,0.47960878289155995,-0.07049760619708813,3.1555999383413074,-0.5926958487612912,10
667472,"Myers, Dane","CIN",2026,2026,1.842133445500963,0.4712613916067651,1.3708720538941979,22,0.895065477647231,0,-0.42380408604046577,14,1.4548673601754127,-0.08399530628121485,6.296093498784922,-0.5232024208123506,8
683002,"Henderson, Gunnar","BAL",2026,2026,1.7866109230269336,2.7172461850618848,-0.9306352620349513,42,3.2344070000593397,0,-0.5171608149974554,32,-1.0440474917704856,0.11341222973553482,-3.191579216995137,0.2986425596285004,10
678882,"Rafaela, Ceddanne","BOS",2026,2026,1.7615605651559076,2.924347217859859,-1.1627866527039514,58,4.309251968737698,-0.7789636888618564,-0.6059410620159815,39,-0.7251901150581582,-0.4375965376457931,1.9580108342080575,-1.1464825391703153,19
669016,"Marsh, Brandon","PHI",2026,2026,1.760922197738549,0.9342641364423099,0.826658061296239,34,1.6417796426973714,0,-0.7075155062550617,25,0.9859101933807172,-0.15925213208447905,3.5105875481967965,-1.017238017335749,9
686611,"Crews, Dylan","WSH",2026,2026,1.6814223656180047,0.49654843823556993,1.184873927382435,24,1.2052280454371964,0,-0.7086796072016264,18,1.2211443208346193,-0.036270393452184004,4.7892888741915085,-0.3194655649951523,6
672724,"Peraza, Oswald","LAA",2026,2026,1.6290110612313227,0.906004725719767,0.7230063355115557,32,1.5611846059223888,0,-0.6551798802026216,18,0.14263278631602866,0.5803735491955271,2.794725783696762,2.6680248933464727,14
691023,"Walker, Jordan","STL",2026,2026,1.6076575544832736,0.5958964098267782,1.0117611446564956,52,2.3885965341735313,0,-1.7927001243467537,36,1.5970646957076968,-0.5853035510512015,8.202912608527873,-1.96050525277684,16
643396,"Kiner-Falefa, Isiah","BOS",2026,2026,1.577262706025179,1.0297838758340008,0.5474788301911783,22,1.3086931366132017,0,-0.27890926077920114,12,0.8321110747713387,-0.2846322445801605,3.998134720350383,-0.22501116989408126,10
691026,"Winn, Masyn","STL",2026,2026,1.5372853922181224,0.8785840886959039,0.6587013035222186,30,1.6392061951861996,0,-0.7606221064902959,25,0.5578886613100598,0.10081264221215895,0.21059335389993084,0.2684334884186279,5
668904,"Lewis, Royce","MIN",2026,2026,1.495740834714784,0.9436349133482911,0.552105921366493,31,1.3150506035262086,0,-0.3714156901779174,21,0.2546079650516738,0.29749795631481935,2.7186453296363235,1.3694983287999591,10
650333,"Arraez, Luis","SF",2026,2026,1.4694015139589318,0.5713056827971216,0.8980958311618101,57,3.535344013286035,-1.5382709997529886,-1.4257673307359258,48,1.4619610146908022,-0.5638651835289926,3.3661455187467566,-1.758068228595504,9
663968,"Mangum, Jake","PIT",2026,2026,1.4322323197643945,1.5833690535198772,-0.1511367337554827,38,2.278379722818061,0,-0.6950106692981831,22,0.17221474395802785,-0.3233514777135104,3.6498292171367677,-0.6016027527588497,16
701358,"Smith, Cam","HOU",2026,2026,1.3862043962299782,1.850260421411733,-0.4640560251817549,37,2.071780671049363,0,-0.2215202496376296,22,-0.42365278302368814,-0.04040324215806665,2.445229910546587,-0.4649038168283828,15
694192,"Chourio, Jackson","MIL",2026,2026,1.3331057101344548,0.21040115165462886,1.1227045584798259,37,1.914010394152599,-0.7979939848312791,-0.9056152576666912,30,1.0275629838892628,0.09514157459056422,2.636097460258503,0.31546343191111686,7
810938,"Williamson, Ben","TB",2026,2026,1.3049234361693605,0.761806416248491,0.5431170199208695,24,1.2738343411520432,0,-0.5120279249035522,17,0.617131240529607,-0.07401422060873748,3.3142940068495697,-0.4643135302149419,7
672761,"Pérez, Wenceel","DET",2026,2026,1.2848781131599782,1.5642736327805782,-0.27939551962059994,21,1.6294368890067659,0,-0.06516325622618778,16,0.07119854911000607,-0.3505940687306058,0.9107667586012343,-0.8906710049073878,5
681297,"Cowser, Colton","BAL",2026,2026,1.283896514250578,0.7430233651956514,0.5408731490549266,23,1.0877226524336567,0,-0.34469928723800525,13,0.9869419065705158,-0.4460687575155893,4.57095905253214,-1.2117839996435493,10
814439,"Waldschmidt, Ryan","AZ",2026,2026,1.274005467477767,0.6286628324303452,0.645342635047422,26,1.0389435820507205,0,-0.4102807496203757,19,0.6984019196808335,-0.0530592846334114,3.747538328020097,-0.3469489398778863,7
622761,"Mateo, Jorge","ATL",2026,2026,1.2515732680877507,0.4985749331159877,0.7529983349717629,32,1.4518548384997574,-0.8005070960478038,-0.15277280933596543,21,0.4049927920141381,0.3480055429576249,3.880988961503606,1.680050723174865,11
695578,"Wood, James","WSH",2026,2026,1.2033366533393595,0.2513110160411186,0.9520256372982409,59,2.8461516769168873,-0.7595507995235179,-1.8352898613522495,43,0.858588870033031,0.09343676726520998,4.379889502988959,0.10248313083034699,16
691720,"Karros, Kyle","COL",2026,2026,1.2013125751215425,0.7409064232844024,0.4604061518371401,41,2.6723570205050033,-0.8238548440073128,-1.1075957532132878,37,0.21463239905975062,0.24577375277738966,-1.3099024113570885,0.9537914822146941,4
677594,"Rodríguez, Julio","SEA",2026,2026,1.2010839740365875,0.3755857056044081,0.8254982684321793,46,1.8079337708822993,-0.7809964403522249,-0.6513516249256665,31,0.7721095382668438,0.05338873016533512,4.522170113770672,1.396447325541939,15
657041,"Thomas, Lane","KC",2026,2026,1.1815957751809942,0.9714535263699886,0.21014224881100574,38,2.2402093622241672,-0.9105637805848088,-0.3581920552693699,30,0.23727763197773308,-0.027135383166727263,2.4787947638905776,-0.2849826044625309,8
669707,"Triolo, Jared","PIT",2026,2026,1.1732578291154938,0.6078557118729929,0.5654021172425009,23,1.170056548603366,0,-0.5622008367303732,16,0.4434952613719707,0.12190685587053043,2.0020027555623385,0.517740601390383,7
687363,"Scott II, Victor","STL",2026,2026,1.158437448343714,0.7804578287289775,0.37797961961473653,28,1.0025361780749849,0,-0.22207834934600731,16,0.21744470835348184,0.16053491126125466,3.614795953117313,0.7051829173651816,12
683146,"Baty, Brett","NYM",2026,2026,1.154926221334979,0.9653656875474103,0.1895605337875686,31,1.6133242458487906,0,-0.6479585583013805,25,0.23301626996544628,-0.043455736177877693,0.32440374517454,-0.3510664825628773,6
682668,"Acuña, Luisangel","CWS",2026,2026,1.1353966773913056,0.22557346419795934,0.9098232131933461,30,1.2984646144720269,-0.9272877588799284,-0.14560339139413894,12,0.13374539062800275,0.776077822565343,4.196552159376175,3.63714378865606,18
666160,"Moniak, Mickey","COL",2026,2026,1.0829983515490034,1.5389005770946789,-0.4559022255456755,25,2.2700892754764728,0,-0.731188698381794,23,-0.426311272554117,-0.029590952991558395,-2.1498648871702977,-0.23217038775251592,2
695506,"Caglianone, Jac","KC",2026,2026,1.0827991320370285,1.1682662037995777,-0.08546707176254922,38,2.6805046853859023,-0.7750737694543404,-0.7371647121319842,34,-0.020876020077112842,-0.06459105168543636,-0.7468681835215785,-0.45288538367419373,4
663586,"Riley, Austin","ATL",2026,2026,1.0350386455329983,0.0654874590192227,0.9695511865137755,38,1.8683750217724417,-0.7848574743696966,-1.018030088383523,32,1.048873728302401,-0.07932254178862554,3.20159951942371,-0.6308014910762985,6
656537,"Hill, Derek","PHI",2026,2026,1.013741142235299,0.2683732804318316,0.7453678618034674,26,1.460301515067763,-0.8744330948703398,-0.3174951397655913,12,0.3820530501400867,0.36331481166338087,4.782816059927589,1.649644626999183,14
686475,"Tolbert, Tyler","KC",2026,2026,0.9995571762556948,-0.3528804817161645,1.3524376579718593,24,0.7759387370789521,-0.7517603495050382,-0.37705886929007826,10,1.0006705962447673,0.351767061727092,6.73546128837404,1.7196102649165068,14
702332,"Durbin, Caleb","BOS",2026,2026,0.999041927230204,1.0796429544797426,-0.08060102724953852,49,2.2319103041897908,-0.8729135729537103,-0.2793537767563381,32,-0.9772217854505245,0.8966207582009869,-0.271478744086885,4.309889700317687,17
670032,"Lopez, Nicky","TEX",2026,2026,0.9931300590418373,1.3575089437771575,-0.36437888473532015,21,1.6895566951956367,0,-0.332047751418479,15,-0.5295710380600639,0.1651921533247434,-1.0799605699465564,0.7495233374444833,6
691723,"Mayo, Coby","BAL",2026,2026,0.9839731190902777,0.8615174325214703,0.12245568656880741,22,1.1995308932496407,0,-0.3380134607281704,18,0.19304085798496984,-0.07058517141616243,0.8916247402534356,-0.49795501270105447,4
677649,"Duran, Ezequiel","TEX",2026,2026,0.96715512284965,0.528450248411855,0.43870487443779504,39,1.9533827700821904,-0.8247168554215561,-0.6002156662487789,29,0.5427188619067805,-0.10401398746898553,3.4907865593863585,-0.7503646259248269,10
682829,"De La Cruz, Elly","CIN",2026,2026,0.9628309630204324,1.4017336892256995,-0.4389027262052671,52,3.0943722044153392,-0.7507139980284593,-0.9419245171611806,33,-0.5548741472112274,0.11597142100596027,2.377876011585284,0.4460326988377622,19
686217,"Frelick, Sal","MIL",2026,2026,0.9493974537567975,1.3302121699794667,-0.3808147162226692,26,1.770396524442375,0,-0.4401843544629085,20,-0.49898334527493504,0.1181686290522661,-1.6728761782623784,0.43405769435942176,6
593428,"Bogaerts, Xander","SD",2026,2026,0.9251572335356111,-0.4184923457585424,1.3436495792941534,30,1.2216847116449834,-0.7889238241807808,-0.8512532332227448,16,1.0312520400101428,0.3123975392840108,4.861042325616616,1.3347447235056213,14
668804,"Reynolds, Bryan","PIT",2026,2026,0.9177273671405591,0.28723920775175715,0.630488159388802,50,2.302678856808088,-0.7504509385734378,-1.2649887104828927,45,0.7441278432084233,-0.11363968381962122,0.27952219498785585,-0.7738023252441265,5
703607,"Bolte, Henry","ATH",2026,2026,0.8667455871192868,0.49968626156600904,0.3670593255532778,32,1.3970542689327587,0,-0.8973680073667496,16,0.9081759360524435,-0.5411166104991657,6.637315745278402,-1.5713308853836994,16
545121,"Vargas, Ildemaro","AZ",2026,2026,0.8252796242414094,0.634875209321561,0.19040441491984839,25,1.6272061014109025,0,-0.9923308920893419,23,0.3083536914184216,-0.11794927649857312,-0.8557107613027174,-0.8227318450873666,2
678246,"Vargas, Miguel","CWS",2026,2026,0.8231634135858403,0.5178305039997217,0.30533290958611864,53,2.8656828537670322,-1.5931957236606173,-0.7546566261066929,44,0.21272024890807534,0.09261266067804318,1.3155620503096703,0.19021416260663365,9
665019,"Clemens, Kody","MIN",2026,2026,0.8196502221664195,0.593881678803088,0.22576854336333155,45,2.6828543987584696,-1.540236098273672,-0.5487366216817094,36,-0.08769032525753728,0.313458868620869,0.1834488811040791,1.127390779341145,9
664702,"Straw, Myles","TOR",2026,2026,0.7565265385640628,0.558976283534258,0.19755025502980486,22,1.757898452779603,-0.7549125990650656,-0.44400957018027953,17,0.4980782304987313,-0.3005279754689264,1.385013268590392,-0.351120218478886,5
573262,"Yastrzemski, Mike","ATL",2026,2026,0.7503229619634896,0.809908790203256,-0.059585828239766415,23,1.7044938748260505,0,-0.8945850846227947,23,0.004558696185367441,-0.06414452442513384,-1.7319579826764393,-0.4624091451661759,0
668930,"Turang, Brice","MIL",2026,2026,0.7332042118591201,0.660983608146801,0.07222060371231905,52,2.6078341706168557,-0.7614627606731385,-1.185387801796915,40,-0.2407333760688113,0.31295397978113015,0.10461761799627933,1.1034116049928515,12
687637,"Beavers, Dylan","BAL",2026,2026,0.7308549285113828,1.393981332148062,-0.6631264036366793,27,1.8244689566404761,0,-0.4304876244924138,20,-0.7992323091865916,0.13610590554991223,-1.4175505897205665,0.5737197835331526,7
800050,"DeLauter, Chase","CLE",2026,2026,0.7262257401203696,0.9356446688384435,-0.20941892871807394,38,2.438454413367352,-0.7597274029764558,-0.7430823415524523,33,0.3145288211378343,-0.5239477498559081,-1.5563382606008827,-1.6799718360651519,5
571970,"Muncy, Max","LAD",2026,2026,0.7214923565042971,0.6104831976338835,0.11100915887041361,28,1.8626809761334406,0,-1.252197778499557,27,0.10691747733093993,0.004091681539473662,-0.7907840566755613,-0.23161806176962102,1
660670,"Acuña Jr., Ronald","ATL",2026,2026,0.7214799871124814,0.6672252841112434,0.054254703001238046,40,1.0404956817123527,0,-0.37327039760110886,22,-0.4272117375013122,0.4814664405025504,2.7251297045578857,2.1608172480070515,18
702222,"Crawford, Justin","PHI",2026,2026,0.717758684330857,0.31663353947094386,0.4011251448599132,31,1.4524082530237603,0,-1.135774713552816,19,0.4153744067872824,-0.014249261927369462,3.9446116892129184,-0.44459808813944124,12
592663,"Realmuto, J.T.","PHI",2026,2026,0.7086701018612092,0.841890120666468,-0.13322001880525886,22,1.383227624469409,0,-0.541337503802941,19,-0.14072055788093796,0.007500539075679164,-0.8692001022286195,-0.3281657659796842,3
693304,"Gonzales, Nick","PIT",2026,2026,0.6703527838648178,0.8142975476943115,-0.14394476382949375,36,2.54335544043046,-0.7936101398826652,-0.9354477528534834,32,-0.06352970031426473,-0.08041506351522897,-1.7859130034907325,-0.6505278139392228,4
694671,"Langford, Wyatt","TEX",2026,2026,0.6609720640972747,-0.1630646401219746,0.8240367042192493,26,1.3248232186403042,-0.7902353665762555,-0.6976524921860232,18,1.31109919897219,-0.48706249475294117,5.321295476641681,-1.3136020764186909,8
663656,"Tucker, Kyle","LAD",2026,2026,0.658970840138478,0.2133964670895586,0.4455743730489194,32,1.5056647201147653,0,-1.2922682530252068,28,0.3030935348150082,0.14248083823391122,-1.2252045244967555,0.6048122079558951,4
805367,"Meidroth, Chase","CWS",2026,2026,0.6509655833272215,0.7013090527614145,-0.050343469434193024,30,2.0496974424833088,0,-1.3483883897218947,28,0.1288199343640592,-0.17916340379825232,-2.875626260307563,-1.2228993895416793,2
643289,"Dubón, Mauricio","ATL",2026,2026,0.6507885738439164,1.2000014392335385,-0.5492128653896221,30,2.0669503855072433,0,-0.8669489462737049,28,-0.49135325145541703,-0.05785961393420474,-3.3696215336451045,-0.4893908665483587,2
687221,"Rushing, Dalton","LAD",2026,2026,0.6386719511286153,0.6960261098099287,-0.0573541586813134,23,1.4858515959079581,0,-0.7898254860980288,23,-0.051883637335742465,-0.005470521345570941,-1.4223544900134457,-0.27670656616182865,0
592885,"Yelich, Christian","MIL",2026,2026,0.6272650508498188,-0.06903417993220326,0.696299230782022,30,1.3974373191146223,-0.8911882827125905,-0.5752832163342348,25,0.3819230387267,0.3143761920553215,0.12035990248481768,1.2629966927159935,5
660271,"Ohtani, Shohei","LAD",2026,2026,0.6150709885911624,0.49273344523743184,0.1223375433537305,44,2.6032260251230017,-0.7513983769457093,-1.3590942029398598,36,0.2521144794944201,-0.12977693614068952,-0.021211683631778208,-0.8956940364409539,8
678662,"Tovar, Ezequiel","COL",2026,2026,0.6120873641523812,0.15692062055717831,0.45516674359520287,23,0.7747782522271288,0,-0.6178576316699504,20,0.5300858159870491,-0.07491907239184625,1.2894128983194,-0.5883836589640322,3
691594,"Sanoja, Javier","MIA",2026,2026,0.6097548039338381,0.6642528142842165,-0.0544980103503784,37,1.9176700621427045,-0.7739199738303022,-0.4794972740281858,30,-0.44190841465843733,0.3874104043080591,-1.6853319243355256,1.647040935499503,7
808982,"Lee, Jung Hoo","SF",2026,2026,0.6043076534870504,-0.31200542370493894,0.9163130771919894,46,2.4206179552076077,-1.5543256858031969,-1.1782976931093494,41,0.9085504562930172,0.007762620898972246,2.22669153068508,-0.623296210149937,5
671218,"Ramos, Heliot","SF",2026,2026,0.5977349593318642,0.6084020579734875,-0.01066709864162333,26,1.3580054087371616,0,-0.7496033507636742,25,-0.15548350021202934,0.14481640157040607,-2.092741530788594,0.4900163850836765,1
679845,"Loftin, Nick","KC",2026,2026,0.5531040875501309,0.35736384110114516,0.19574024644898566,35,1.9118779080745123,-0.780310817403035,-0.7742032495703322,33,0.2966752488351901,-0.10093500238620444,0.550085039570978,-0.7349452687206257,2
682657,"Martínez, Angel","CLE",2026,2026,0.5406632235381519,0.4832917563919311,0.05737146714622079,31,1.4710256180024843,-0.7612032707329744,-0.22653059087757862,20,-0.31825566146864104,0.37562712861486186,1.2163548248491842,1.6512110185481812,11
607043,"Nimmo, Brandon","TEX",2026,2026,0.5365835959899203,0.8777437116845944,-0.34116011569467414,35,2.0668703727030557,0,-1.1891266610184617,31,-0.17371765955513027,-0.16744245613954387,-2.276087397873906,-0.9834086410497517,4
695734,"Lile, Daylen","WSH",2026,2026,0.5304909590636702,1.740840353504369,-1.210349394440699,51,3.0986729061862124,0,-1.3578325526818429,40,-0.6279793897775408,-0.5823700046631579,-0.6265281959136194,-1.8804703130506175,11
693307,"Dingler, Dillon","DET",2026,2026,0.5026978929898924,0.7608930097750127,-0.25819511678512036,40,2.639380379670114,-0.9386267645542643,-0.9398606053408365,40,-0.23967524832963194,-0.01851986845548846,-3.823627201778519,-0.39853531869615005,0
677588,"Tena, José","WSH",2026,2026,0.498164576861838,1.2722465447959146,-0.7740819679340766,26,1.7873555090739082,0,-0.5151089642779939,20,-0.7410780956708413,-0.03300387226323543,-1.2207373704502924,-0.32578583084115587,6
672580,"Garcia, Maikel","KC",2026,2026,0.48882939260676883,1.5131254291060192,-1.0242960364992504,43,1.9784795659838652,0,-0.4653541368778462,34,-1.3672837631480141,0.34298772664876337,-3.9506910032543603,1.3757102414659637,9
686797,"Lee, Brooks","MIN",2026,2026,0.4712111055274803,0.49967602248421655,-0.02846491695673624,33,1.2495849061009128,0,-0.7499088836166964,25,0.0380134360947828,-0.06647835305151892,0.44137930473184234,-0.6165870887888732,8
701675,"Church, Nathan","STL",2026,2026,0.46586757672533213,0.4211744571081472,0.044693119617184904,30,1.579771636284273,-0.7625825502797698,-0.39601462889635586,23,0.08981394675236337,-0.04512082713517849,1.6295682282208388,-0.39886995053782487,7
669477,"Schmitt, Casey","SF",2026,2026,0.4102342731594612,-0.4799120517506677,0.8901463249101289,34,1.3639033625555441,-0.7507462495659789,-1.0930691647402326,25,0.9836076254440886,-0.09346130053395955,4.608550308625151,-0.5698223975188086,9
680700,"Palacios, Richie","TB",2026,2026,0.37217534538441,0.7644657375426853,-0.3922903921582753,29,1.2017941680905582,0,-0.4373284305478728,17,0.08694695753101402,-0.4792373496892891,2.627929472859536,-1.2449909967951402,12
657656,"Laureano, Ramón","SD",2026,2026,0.3408092906655945,0.1674381451475309,0.17337114551806365,23,0.6667890744150335,0,-0.4993509292675025,15,-0.19053081355706153,0.3639019590751254,0.2359966560870201,1.683223867204722,8
606466,"Marte, Ketel","AZ",2026,2026,0.32899291749167886,0.13015511582283698,0.19883780166884188,38,1.4060558289977427,0,-1.275900713174906,35,-0.0019399417231704737,0.20077774339201215,-2.840236573815203,0.37837631309810693,3
663616,"Larnach, Trevor","MIN",2026,2026,0.32374245170537286,1.4652152827991107,-1.1414728310937379,38,2.3355962581221132,0,-0.8703809753230014,35,-0.9237977245660993,-0.21767510652763777,-4.213905217081329,-1.309720436665819,3
681624,"Pages, Andy","LAD",2026,2026,0.3212689706387424,0.9211879517436077,-0.5999189811048653,54,2.7894866825075555,-0.7686074607985285,-1.0996912699654195,39,-0.9369873681588095,0.337068387053944,-1.3273935467588915,1.44536200942248,15
680757,"Kwan, Steven","CLE",2026,2026,0.29838897595152497,0.15704988598120734,0.14133908997031763,33,1.9315782199617346,-0.7731376402633837,-1.0013906937171442,27,0.24164273523404167,-0.1003036452637237,-0.4527909927667364,-0.8310771060474875,6
805999,"Ewing, A.J.","NYM",2026,2026,0.28639375298019243,0.5176928156634761,-0.23129906268328373,32,1.064549330549968,0,-0.5468565148864916,16,-0.3245895786407803,0.09329051595749573,2.328354579182966,0.30353732292452873,16
694249,"Carrigg, Cole","COL",2026,2026,0.2619918482757131,0.9294855934524672,-0.6674937451767541,23,1.526173080533966,0,-0.5966874870814987,19,-0.6425866099590449,-0.024907135217709302,-1.379664261087343,-0.2057584957949987,4
670042,"Raley, Luke","SEA",2026,2026,0.2516520472777727,1.0879883530637104,-0.8363363057859378,22,1.828261551449433,0,-0.7402731983857226,19,-0.7728857281833852,-0.06345057760255256,-2.929335549226659,-0.41577864275379117,3
662139,"Varsho, Daulton","TOR",2026,2026,0.22569841248694344,-0.25618705536997805,0.4818854678569215,32,1.5408579083150806,-0.7551380523304196,-1.0419069113546389,28,0.5874703470975536,-0.10558487924063199,1.6899582231837182,-0.7222884197834007,4
695600,"Jensen, Carter","KC",2026,2026,0.22219840575463518,0.35883354951528723,-0.13663514376065206,33,2.0372917375973887,-0.8064993737314982,-0.8719588143506031,32,-0.21479902176199842,0.07816387800134628,-3.077322784765319,0.22798804342702308,1
650489,"Castro, Willi","COL",2026,2026,0.21569683024899344,-0.757426414947499,0.9731232451964924,33,1.307167122421719,-0.8524482209087915,-1.2121453164604266,24,0.7981154342531777,0.1750078109433149,3.4558965151129404,0.5476028243498459,9
621439,"Buxton, Byron","MIN",2026,2026,0.20818226104851523,-0.5492760302085853,0.7574582912571005,34,2.333172851722089,-2.3428187184156957,-0.5396301635149783,30,0.8241388701668161,-0.06668057890971547,2.6412096386593147,-0.5474823800435971,4
664040,"Lowe, Brandon","PIT",2026,2026,0.12493542044202058,0.3040402717161958,-0.17910485127417522,35,1.5092523037329104,0,-1.205212032016714,34,-0.06005877351809234,-0.11904607775608289,-2.9106317987710173,-0.880510318308457,1
666176,"Adell, Jo","LAA",2026,2026,0.09938734108551475,0.17566258411888072,-0.07627524303336597,29,1.584999130083684,0,-1.4093365459648042,27,0.003994917563424396,-0.08027016059679049,-2.3593458073689715,-0.5662409785226985,2
606192,"Hernández, Teoscar","LAD",2026,2026,0.09916369008905812,0.2429254125352257,-0.14376172244616758,26,2.0070004968921884,-0.8023643338024302,-0.9617107505545324,26,-0.09702503828646289,-0.04673668415970476,-2.051038147324265,-0.4118118844417311,0
676356,"DeLuca, Jonny","TB",2026,2026,-0.005711583305062939,1.0683149653855368,-1.0740265486905998,28,1.2806744653478104,0,-0.21235949996227313,16,-1.1497394468108066,0.0757128981202075,-0.5061986382306307,0.2839069645560374,12
669743,"Call, Alex","LAD",2026,2026,-0.014259711897181226,0.796927097036948,-0.8111868089341292,21,1.0255570666930014,0,-0.22862996965605353,18,-0.37153019219969696,-0.4396566167344323,-1.4253988690678139,-1.246447555766161,3
665926,"Giménez, Andrés","TOR",2026,2026,-0.05033610924289611,-0.9865011752409008,0.9361650659980046,25,0.7664814442794252,-0.8985012148087786,-0.8544814047115477,16,0.5976839653426951,0.33848110065530934,2.9001066832909013,1.521626438079876,9
572233,"Walker, Christian","HOU",2026,2026,-0.07772676824369307,0.1534806845739547,-0.23120745281764776,31,1.3429589130931516,-0.7515719592010688,-0.43790626931812804,31,-0.1110502939025601,-0.1201571589150876,-2.942740396046848,-0.7896591017618766,0
683011,"Volpe, Anthony","NYY",2026,2026,-0.08579160299805455,1.0945165987020284,-1.180308201700083,30,2.0762388526805737,-0.7663786864869729,-0.21534356749157207,19,-1.342840209658055,0.1625320079579723,-1.4664922117513055,0.6700090161177282,11
663837,"Vierling, Matt","DET",2026,2026,-0.13980135787542178,0.12522697015776488,-0.26502832803318666,29,1.3329157851938505,-0.9079965785081652,-0.2996922365279204,23,-0.2191756133542964,-0.045852714678890724,0.14227091768115063,-0.4775524441861574,6
608324,"Bregman, Alex","CHC",2026,2026,-0.15258407867246765,0.4000971336744991,-0.5526812123469668,24,1.774002330402492,0,-1.3739051967279925,22,-0.5005032396040441,-0.052177972742922595,-4.100429071354824,-0.5574732444692305,2
668885,"Martin, Austin","MIN",2026,2026,-0.17436867917573112,-0.3615024737517942,0.18713379457606305,36,1.7914092490669986,-1.5151965402073775,-0.6377151826114161,24,0.252150953795284,-0.0650171592192207,3.006938348897831,-0.6030977344381393,12
672515,"Moreno, Gabriel","AZ",2026,2026,-0.21612737992909384,-0.4521801173566802,0.23605273742758634,34,1.0904268298015802,0,-1.5426069471582609,29,0.23963802652619473,-0.0035852890986082056,0.3942923305597369,-0.47743661516403907,5
669127,"Langeliers, Shea","ATH",2026,2026,-0.2545256322173186,-0.04646881751279197,-0.20805681470452664,29,1.4713220843289612,0,-1.517790901841753,26,-0.28422253986105944,0.07616572515653286,-2.17573662059238,-0.20498454279620423,3
676391,"Clement, Ernie","TOR",2026,2026,-0.2707735804461219,-0.5679018284987924,0.2971282480526706,39,2.1211010638143613,-1.5106952226085544,-1.1783076697045989,35,0.42390064865442323,-0.1267724006017527,-0.7139286990315328,-0.8392018517508443,4
676475,"Burleson, Alec","STL",2026,2026,-0.2732926211737761,-0.22851170871185744,-0.04478091246191869,42,1.7311292584879263,0,-1.959640967199784,38,0.06560170398160318,-0.1103826164435216,-0.41436070342145864,-0.8327028309889866,4
592450,"Judge, Aaron","NYY",2026,2026,-0.28657819832099407,0.2793135061639882,-0.5658917044849823,22,0.7921606657006595,0,-0.5128471595366714,15,-0.5814512135417876,0.01555950905680561,-0.2411606687896,-0.13182057264664862,7
669394,"Burger, Jake","TEX",2026,2026,-0.2965846772277779,-0.21803913542044376,-0.07854554180733417,21,0.7451584720216351,0,-0.9631976074420787,20,-0.04241285379383404,-0.036132688013500135,-1.6990618614567616,-0.287620536681116,1
687551,"Gilbert, Drew","SF",2026,2026,-0.30685079409099036,0.7370785836436795,-1.0439293777346699,25,1.328116344808464,0,-0.5910377611647847,23,-1.0021005071980857,-0.041828870536583594,-4.533481867395255,-0.30839227669514574,2
805300,"Marsee, Jakob","MIA",2026,2026,-0.3123160295206342,1.0384197386494358,-1.35073576817007,48,2.039765725675362,0,-1.0013459870259267,30,-1.3503073637578424,-0.0004284044122278836,-2.8419491992861325,2.339110162935492,18
592626,"Pederson, Joc","TEX",2026,2026,-0.32331052830794504,-0.47884174705210786,0.15553121874416279,23,1.295783616061593,-0.8552177035364178,-0.9194076595772832,21,0.1994360010494477,-0.04390478230528497,-0.7485965334524176,-0.30537273345133376,2
701762,"Kurtz, Nick","ATH",2026,2026,-0.3238090956422338,-0.718451534433001,0.3946424387907672,35,1.4869897202785916,-0.9334535071826391,-1.2719877475289532,28,0.3177169384191901,0.076925500371577,-0.17772097131113498,-0.04010152342447741,7
682985,"Greene, Riley","DET",2026,2026,-0.3583696008848949,-0.014059423690628806,-0.3443101771942661,39,1.8485426232895064,-0.8034141822351188,-1.0591878647450166,35,-0.45406979436748746,0.1097596171732216,-3.7699943956344133,0.32682933696875943,4
605141,"Betts, Mookie","LAD",2026,2026,-0.3731201447225294,0.31843053446995073,-0.6915506791924801,21,1.0210993751055983,0,-0.7026688406356477,18,-0.24364805057342204,-0.4479026286190582,-2.294919041668007,-1.197703181296407,3
691016,"Soderstrom, Tyler","ATH",2026,2026,-0.3800765363301132,-0.2792724370933024,-0.10080409923681077,37,2.06916107394793,-1.5545412320704282,-0.793892278970804,36,-0.05178239449239653,-0.049021704744414335,-2.273199333630384,-0.5994034289387465,1
543760,"Semien, Marcus","NYM",2026,2026,-0.40060392070028894,0.7830987958620901,-1.183702716562379,23,1.5514014471630573,0,-0.7683026513009672,18,-1.1280139842179273,-0.05568873234445195,-3.3159769607802536,-0.38291388868970017,5
665487,"Tatis Jr., Fernando","SD",2026,2026,-0.4099549115226797,0.3446185551404293,-0.754573466663109,68,2.3994843897216303,-1.5202691571031075,-0.5345966774780937,38,-0.06196781935656259,-0.6926056473065464,4.746912117037598,0.07632904974415446,30
686948,"Baldwin, Drake","ATL",2026,2026,-0.45412563330427125,-0.5576122897753735,0.10348665647110222,21,1.2675731933117909,0,-1.8251854830871646,19,0.17735858038633442,-0.07387192391523226,-1.5447776507211748,-0.521692748439315,2
621566,"Olson, Matt","ATL",2026,2026,-0.46425899303412865,-0.327906264738264,-0.13635272829586462,40,1.9819294190478405,-0.9713049661354412,-1.3385307176506631,39,-0.0010778708526750199,-0.1352748574431896,-2.1269172719879226,-0.9253526991847407,1
641355,"Bellinger, Cody","NYY",2026,2026,-0.4700383704129898,1.4760142036213384,-1.9460525740343282,50,3.743627244507129,-1.52537393736164,-0.7422391035241502,39,-2.1547655334873825,0.2087129594530559,-5.448903746209332,0.29336757914164774,11
646240,"Devers, Rafael","SF",2026,2026,-0.47588212323061496,-0.22264973077113606,-0.2532323924594789,36,1.89446245036502,0,-2.1171121811361564,36,-0.1769054329460769,-0.07632695951340195,-3.072536321123584,-0.5839175058056717,0
676609,"Caballero, José","NYY",2026,2026,-0.5337478703992404,1.4060668132265295,-1.93981468362577,53,1.7277485580653344,0,-0.32168174483880474,23,-0.32512607988605224,-1.6146886037397183,5.5690246017010905,-2.293124133453902,30
666397,"Julien, Edouard","COL",2026,2026,-0.5739862331879803,-0.02918940371008896,-0.5447968294778913,27,1.7175892754779243,-0.8736639111035048,-0.8731147680845082,22,-0.47778587543608,-0.06701095404181111,-2.445297031693141,-0.461919101901954,5
672695,"Perdomo, Geraldo","AZ",2026,2026,-0.5784755685560876,-0.12150933642433936,-0.4569662321317483,60,2.420348336384757,-1.8236983606862949,-0.7181593121228014,38,0.09515024022991461,-0.5521164723616621,4.451121656457509,-1.8213253531465223,22
687859,"Johnston, Troy","COL",2026,2026,-0.5795367669612698,0.25985186115544034,-0.8393886281167101,40,1.903449412728271,-0.7582516827187632,-0.8853458688540675,33,-1.1752416137759454,0.33585298565923605,-4.016665273251452,1.396877103892056,7
645277,"Albies, Ozzie","ATL",2026,2026,-0.5961491958059707,0.9902200048285265,-1.5863692006344972,39,2.336956676150955,0,-1.3467366713224287,36,-1.50373219990545,-0.0826370007290466,-6.25566308390818,-0.5955792747758606,3
694384,"Schanuel, Nolan","LAA",2026,2026,-0.6253844584255701,-0.5559528303716788,-0.06943162805389133,32,2.318348357969612,-0.8148028457225664,-2.0594983426187246,31,-0.07594438815397639,0.006512760100085084,-2.9799236320202693,-0.29981248956231604,1
545361,"Trout, Mike","LAA",2026,2026,-0.6258181770807184,-1.4788002209328326,0.8529820438521142,32,1.5707220257074535,-1.6429784859767924,-1.4065437606634934,26,0.7422337155538373,0.11074832829827654,1.3514449474143884,0.12713622155152446,6
608348,"Kelly, Carson","CHC",2026,2026,-0.6265998877634185,-0.46398063495781766,-0.16261925280560086,21,0.576969062019867,0,-1.0409496969776848,21,-0.15203340932698123,-0.01058584347861964,-2.8040334939749063,-0.35791749934271494,0
687401,"Ortiz, Joey","MIL",2026,2026,-0.656079416388353,-0.13380722801977935,-0.5222721883685737,26,0.6990456566454134,0,-0.8328528846651927,15,-0.6527476275022219,0.13047543913364884,0.39130655667916514,0.4107089518199842,11
656305,"Chapman, Matt","SF",2026,2026,-0.6607236434067413,0.09260144450914573,-0.753325087915887,31,1.4722812844567965,0,-1.379679839947651,30,-0.6800071073354629,-0.07331798058042412,-4.230658585338243,-0.45044018291091764,1
664023,"Happ, Ian","CHC",2026,2026,-0.6763476175477783,-0.47049101984864866,-0.20585659769912967,35,1.992283619474815,-0.7815294495264817,-1.6812451897969811,32,-0.16603269874632423,-0.03982389895280565,-2.037836209440131,-0.4782319368329942,3
702284,"Young, Cole","SEA",2026,2026,-0.6940994228512946,0.5404013506958997,-1.2345007735471942,41,2.2239347739537725,-0.7948773291492526,-0.8886560941086202,36,-1.1598019777793862,-0.07469879576780772,-5.018990957688049,-0.5085699243029592,5
665489,"Guerrero Jr., Vladimir","TOR",2026,2026,-0.8147168838636762,-0.7737739507356409,-0.040942933128035305,44,2.5094533920520865,-0.7706109213554042,-2.5126164214323228,38,0.06123711476255496,-0.10218004789059018,-1.1021335256387048,-0.756924404750829,6
679529,"Torkelson, Spencer","DET",2026,2026,-0.8214140797570277,-0.1737703279516225,-0.6476437518054052,25,0.9478066141078143,0,-1.1215769420594375,24,-0.5818713452455477,-0.06577240655985754,-2.945564059216874,-0.5932613056487516,1
643217,"Benintendi, Andrew","CWS",2026,2026,-0.8301890370484346,-0.7909907356431819,-0.03919830140525274,23,1.3930424782100719,-0.8759477873527776,-1.3080854265004762,23,-0.12006491064365996,0.0808666092384072,-2.250366247148446,-0.19956442280423575,0
663743,"Fortes, Nick","TB",2026,2026,-0.8456339839881784,-0.7563761824066053,-0.08925780158157308,24,0.9858556189274131,0,-1.7422318013340183,23,-0.02945784007278074,-0.05979996150879235,-1.211497873461984,-0.3669581300025388,1
682177,"Schneemann, Daniel","CLE",2026,2026,-0.8510066508732048,-0.5940935069946598,-0.25691314387854497,27,1.475595796828418,-1.5829348042110636,-0.48675449961201406,21,-0.38026323526534783,0.12335009138680268,-0.6827519854799864,0.5302541841820806,6
677587,"Rocchio, Brayan","CLE",2026,2026,-0.8765276601876305,0.6001897482636135,-1.476717408451244,41,1.8664149190875265,-0.7604135862906188,-0.5058115845332943,27,-1.1241067555730644,-0.35261065287817905,-1.8406523712367635,-1.0214806335193964,14
656775,"Mullins, Cedric","TB",2026,2026,-0.8768138482984814,0.08980816827090042,-0.9666220165693818,24,0.587235478236586,0,-0.4974273099656854,9,-0.9157646995577324,-0.050857317011649625,1.2454830008198534,-0.45013880636507786,15
700250,"Rice, Ben","NYY",2026,2026,-0.9189459765045773,-1.135489735421376,0.21654375891679867,31,1.4643922197879338,-0.8758799043464418,-1.7240020508628682,29,0.31039449978696304,-0.09385074087016441,-1.1430790763214955,-0.6973453163732152,2
670623,"Paredes, Isaac","HOU",2026,2026,-0.9262198024030678,-0.6765195049763391,-0.24970029742672872,24,0.7594134544189218,0,-1.4359329593952614,24,-0.2104380618446931,-0.03926223558203562,-3.27979833870831,-0.5304538932795143,0
686681,"Massey, Michael","KC",2026,2026,-0.9432805617010284,-0.9697906659497888,0.026510104248760442,26,1.496139515733154,-1.6589739114518753,-0.8069562702310674,25,-0.11097986610096168,0.1374899703497221,-1.7525865288672513,0.5903975076256985,1
657757,"Sheets, Gavin","SD",2026,2026,-0.9824432942166983,-1.2670536843485745,0.28461039013187617,23,0.9968065807049489,-0.9386267645542643,-1.3252335004992593,21,0.3195508277548053,-0.03494043762292909,0.16109636941963335,-0.3957896431414881,2
609280,"Andujar, Miguel","SD",2026,2026,-0.9850446242174609,0.04999311013927369,-1.0350377343567345,25,1.1423350025158556,0,-1.0923418923765824,20,-0.9668073698728252,-0.06823036448390901,-2.0387118377946645,-0.5605416859167565,5
680574,"McLain, Matt","CIN",2026,2026,-0.992327111080897,-1.8715326060916146,0.8792054950107177,32,0.8592358574046507,-1.6226701536360921,-1.1080983098601733,20,0.32316187578566513,0.5560436192250523,2.0354084704947177,2.536128582748571,12
677800,"Abreu, Wilyer","BOS",2026,2026,-1.0827949640072785,-0.31512246615235995,-0.7676724978549185,32,1.3905179074125178,-0.7541244491671099,-0.9515159243977681,21,-0.8865666102275794,0.11889411237266101,-1.4117452329018905,0.3820542410309937,11
543807,"Springer, George","TOR",2026,2026,-1.0986575157516882,-0.6239769485512355,-0.4746805672004527,30,1.078653152794782,-0.817517605413485,-0.8851124959325325,24,-0.1363319618539157,-0.33834860534653716,-1.3649672273642495,-0.5518838141759842,6
647304,"Naylor, Josh","SEA",2026,2026,-1.1137128287754599,-3.8261950728008474,2.7124822440253875,45,0.706743264431182,-2.6133985621918834,-1.9195397750401462,26,2.487391983746239,0.22509026027914986,11.005650852172845,0.6571480833590779,19
701398,"Stewart, Sal","CIN",2026,2026,-1.1140470467829977,-2.362690804093956,1.2486437573109583,40,0.7825857371340725,-1.7402163290663826,-1.405060212161645,26,1.1397124897550386,0.10893126755591961,4.6227475434773195,1.37111014779779,14
691406,"Caminero, Junior","TB",2026,2026,-1.1154820408764377,-0.2880434283102785,-0.8274386125661591,24,1.06067598368265,0,-1.3487194119929287,23,-0.7610721885120593,-0.06636642405410013,-5.549866560746052,-0.6068437215728909,1
687263,"Neto, Zach","LAA",2026,2026,-1.1366625315983363,-0.670734650584051,-0.46592788101428534,64,2.0505450741675197,-1.534929592236317,-1.1863501325152537,41,-1.1253136956134266,0.6593858145991419,0.32337097839372536,2.9930627260704505,23
665742,"Soto, Juan","NYM",2026,2026,-1.191067156176792,-0.6074745762830491,-0.5835925798937429,27,1.4000299086745969,-0.7824332651677162,-1.2250712197899298,22,-0.716268929270362,0.13267634937661923,-3.353658448979684,0.5150310412292147,5
571448,"Arenado, Nolan","AZ",2026,2026,-1.198808947969863,-1.441259695551445,0.2424507475815821,28,1.1320860411266898,-0.9180864682949665,-1.6552592683831682,26,0.24598036521805058,-0.0035296176364685693,-0.0516381015149612,-0.373830336338589,2
671732,"Butler, Lawrence","ATH",2026,2026,-1.206348925937127,-0.5881647830776865,-0.6181841428594405,30,1.3398128807015228,-0.7613230710240557,-1.166654592755154,23,-0.4354765042346088,-0.1827076386248319,-0.9361660061319934,-0.15037757258443377,7
678554,"Mead, Curtis","BOS",2026,2026,-1.2571937002816909,-0.6217271492524258,-0.6354665510292652,29,1.579609699017822,-0.788496152758687,-1.4128406955115609,25,-0.5905158026997263,-0.0449507483295388,-2.160521383970205,-0.42929624053910437,4
655316,"Monasterio, Andruw","BOS",2026,2026,-1.3129731575662769,0.036723191387619106,-1.349696348953896,28,1.2293314529636274,-0.7970452852666869,-0.3955629763093213,24,-0.7987875695893639,-0.5509087793645322,-2.205599249141853,-1.6180104691561426,4
650490,"Díaz, Yandy","TB",2026,2026,-1.3337020158163388,-1.1433222571820663,-0.1903797586342726,35,2.1598278676143696,-0.7730884116597126,-2.5300617131367242,33,-0.0670254964883873,-0.12335426214588541,-3.2090961132214995,-0.86422212709072,2
686469,"Pasquantino, Vinnie","KC",2026,2026,-1.3629375658483167,-1.5051539273076089,0.14221636145929206,27,0.8446737345909164,-0.9566627430697873,-1.3931649188287376,25,0.1374493580845405,0.004767003374751563,-0.9827899311687901,-0.29264667965367547,2
518692,"Freeman, Freddie","LAD",2026,2026,-1.3709107768310047,-1.7191972498378312,0.34828647300682636,46,1.775006313103689,-1.7494024294400004,-1.7448011335015199,43,0.45409817581941775,-0.10581170281259146,-0.603433004976318,-0.8408211396325311,3
547180,"Harper, Bryce","PHI",2026,2026,-1.5452256439579262,-0.30102390395791745,-1.2442017400000087,48,2.6478243689902454,-1.7539387389952321,-1.1949095339529305,40,-1.1249147377998816,-0.11928700220012632,-4.620768301914493,0.40254956493190874,8
514888,"Altuve, Jose","HOU",2026,2026,-1.5812492460529435,-0.3803597321675867,-1.2008895138853568,26,1.3022178550674723,-0.7547772573507362,-0.9278003298843231,21,-1.1697246287822756,-0.0311648851030809,-3.9316689939976976,-0.38098793705608197,5
673962,"Jung, Josh","TEX",2026,2026,-1.600046387950917,-1.4339165472016386,-0.16612984074927842,34,1.0683841429708316,-0.7670998586001767,-1.7352008315722933,33,-0.2516638052954128,0.08553396454613452,-3.831823633421335,0.2140269824049051,1
687462,"Horwitz, Spencer","PIT",2026,2026,-1.615467939949366,-1.4276464929471997,-0.1878214470021665,22,1.1249868394167861,-0.8071136346541143,-1.745519697709872,21,-0.14950551699170697,-0.03831593001045946,-3.039909043086934,-0.3464346631710279,1
672960,"Okamoto, Kazuma","TOR",2026,2026,-1.6447063833082909,-1.5442416881094283,-0.10046469519886267,26,1.1429030310372381,-0.8649024163777533,-1.8222423027689132,25,-0.05710658329749772,-0.04335811190136494,-2.1210671603166538,-0.4327611941825552,1
624413,"Alonso, Pete","BAL",2026,2026,-1.8036329869048666,-1.5298315184108042,-0.27380146849406234,30,1.2071987705805038,-0.8288645651203285,-1.9081657238709804,26,-0.16896546887237335,-0.10483599962168902,-2.434323476760072,-0.8265019848495527,4
808959,"Murakami, Munetaka","CWS",2026,2026,-1.969246186728256,-0.16603219534037128,-1.8032139913878846,24,0.9866148943822998,0,-1.152647089722671,19,-1.7054811443421452,-0.09773284704573937,-5.640640413749729,-0.704413932469365,5
666182,"Bichette, Bo","NYM",2026,2026,-1.9756708305378758,-1.3269395301951519,-0.648731300342724,31,1.8875487474620152,-0.8925068144020936,-2.3219814632550744,29,-0.48221073972603296,-0.16652056061669127,-3.4412567647891756,-1.145416045388639,2
671739,"Harris II, Michael","ATL",2026,2026,-2.0272410764357205,-1.3599588827873648,-0.6672821936483558,33,1.5053225525100162,-1.6162612782993668,-1.2490201569980137,25,-0.8100847287393087,0.1428025350909526,-2.687711776694217,0.40218092532156485,8
642715,"Adames, Willy","SF",2026,2026,-2.1090947251727914,-1.7058946554191912,-0.40320006975360034,38,1.3316239356975708,-1.737172209185848,-1.300346381930914,33,-0.35218312588038925,-0.05101694387321146,-1.7693360411189671,-0.48371038655857435,5
663757,"Grisham, Trent","NYY",2026,2026,-2.124955274800473,-2.5834526690878423,0.4584973942873696,28,1.5465952926448658,-2.3485541304829773,-1.7814938312497304,22,0.483048248761036,-0.024550854473666547,0.6815245417514655,-0.4330077229203254,6
575929,"Contreras, Willson","BOS",2026,2026,-2.204715509039011,-1.0490927591706927,-1.1556227498683183,37,1.9422156547822784,-1.5364978561443068,-1.4548105578086648,31,-1.0779119771608845,-0.07771077270743387,-4.427681801003801,-0.583248933783119,6
656716,"McKinstry, Zach","DET",2026,2026,-2.242593144767769,0.12532070919509597,-2.367913853962865,31,2.107432877677787,-1.538506314911742,-0.44360585357094967,23,-1.9087781054740043,-0.4591357484888608,-5.465142998010687,-1.242719169327781,8
661388,"Contreras, William","MIL",2026,2026,-2.340472201441111,-1.1872346859584972,-1.1532375154826138,22,0.9603070524605714,0,-2.1475417384190685,19,-1.028161219967399,-0.12507629551521435,-6.362952137855561,-0.8371337828808684,3
805811,"Eldridge, Bryce","SF",2026,2026,-2.3483577293159197,-2.50362395056343,0.15526622124751044,21,0.36804883105736896,-0.8542687057880373,-2.0174040758327623,20,0.23006012890217536,-0.07479390765466495,-0.7211892714854462,-0.5709436998528792,1
671289,"Freeman, Tyler","COL",2026,2026,-2.4019949547772965,-1.1737397099781495,-1.2282552447991473,23,0.726624999758916,-0.8755164740802303,-1.0248482356568347,15,-1.1465472264371146,-0.08170801836203202,-2.2920956022342747,-0.5643550885204062,8
695657,"Montgomery, Colson","CWS",2026,2026,-2.4122582741895897,-1.816766352868264,-0.5954919213213259,26,1.1469425965989242,-1.7897231088404597,-1.1739858406267285,25,-0.5890102246016181,-0.006481696719707831,-3.549301439264266,-0.3087703078796395,1
666018,"Aranda, Jonathan","TB",2026,2026,-2.4239421543369546,-2.103257417174256,-0.32068473716269824,25,0.9577669871537419,-0.8583281327343844,-2.2026962715936134,25,-0.2112219142499089,-0.1094628229127895,-3.7938498758718615,-0.7654519248726495,0
673548,"Suzuki, Seiya","CHC",2026,2026,-2.428067785805122,-2.215261290322048,-0.21280649548307373,24,0.6451402668216838,-0.7964973203497075,-2.0639042367940243,24,-0.15168991066545756,-0.06111658481761613,-3.000226305351576,-0.5261965172650611,0
671056,"Herrera, Iván","STL",2026,2026,-2.4334122398401394,-3.4871351152000636,1.0537228753599244,37,1.2327244599142742,-2.748941715833542,-1.9709178592807965,31,1.0991300228378065,-0.04540714747788264,2.2224634736985514,-0.6395968698827368,6
664034,"France, Ty","SD",2026,2026,-2.4384980056317174,-1.801556868239101,-0.6369411373926163,21,0.5875411089841263,-1.594049812094585,-0.7950481651286425,20,-0.5823734824306827,-0.05456765496193339,-3.643550063762993,-0.3422510533268597,1
605137,"Bell, Josh","MIN",2026,2026,-2.725739980508063,-2.4862431223114854,-0.23949685819657793,28,1.1605124378052591,-1.8772535291085286,-1.7695020310082161,28,-0.18056343105661088,-0.058933427139967035,-2.7234747472907737,-0.49858534577484875,0
683737,"Busch, Michael","CHC",2026,2026,-2.873029317729063,-2.3845621475544,-0.4884671701746626,27,0.8466503952913824,-1.643766961489684,-1.5874455813560988,25,-0.44816623519639953,-0.040300934978263175,-3.6794205088673615,-0.6612349852074941,2
592518,"Machado, Manny","SD",2026,2026,-2.885690090107224,-1.9605187809827136,-0.9251713091245107,32,0.8903065393953118,-0.9780391459691821,-1.8727861744088432,29,-0.5466793120100152,-0.37849199711449577,-4.13564138416251,-0.8252250382583184,3
686555,"Collins, Isaac","KC",2026,2026,-2.9775179529435487,-1.170690967452126,-1.8068269854914225,45,2.0993261477973646,-2.5334514552177136,-0.7365656600317768,33,-1.783703673845867,-0.023123311645556956,-3.6267150196277553,-0.3482421343918177,12
696100,"Goodman, Hunter","COL",2026,2026,-2.9964891553649107,-2.0452006258928908,-0.9512885294720197,33,1.2203629951372719,-1.6070777058553014,-1.658485915174861,27,-0.9266356730863382,-0.024652856385681595,-3.1385995373511024,-0.4308943677753995,6
656811,"O'Hearn, Ryan","PIT",2026,2026,-3.0823893247099834,-2.883379667859887,-0.19900965685009628,24,0.6913790509135194,-0.9386267645542643,-2.636131954219142,24,-0.19210293728111275,-0.006906719568983496,-3.081069481050886,-0.43946627961137247,0
681198,"Rumfield, TJ","COL",2026,2026,-3.117636461707799,-2.105308394381631,-1.0123280673261685,34,1.248467929682082,0,-3.3537763240637113,33,-0.25192681812698275,-0.7604012491991851,-3.6744937081426503,-2.87355394208645,1
670541,"Alvarez, Yordan","HOU",2026,2026,-3.647670942085472,-2.972241694817633,-0.675429247267839,31,0.8268075630773535,-0.865992014213558,-2.933057243681429,29,-0.03176600761094654,-0.6436632396568922,-3.9687350020271626,-2.3723158918805662,2
621493,"Ward, Taylor","BAL",2026,2026,-4.06974397674265,-2.795503458027581,-1.2742405187150696,51,1.9784043314583826,-2.426021260012585,-2.3478865294733775,45,-1.166673932845047,-0.10756658587002207,-6.719529428002841,-0.9465185004595376,6
689414,"Hicks, Liam","MIA",2026,2026,-4.50559835508496,-4.525339925329976,0.019741570245016132,26,1.4207254759075802,-3.476702849993969,-2.469362551243585,22,0.31024048127170395,-0.290498911026688,-1.2398929602297675,-0.3992670463838483,4