"last_name, first_name",player_id,team_id,team,position,age,competitive_runs,bolts,hp_to_1b,sprint_speed,runner_runs_tot,runner_runs_per_run,pos_group
"Bolte, Henry",703607,133,ATH,CF,22,100,64.0,4.16,30.6,0.8667455871192868,0.008667455871192869,OF
"Mateo, Jorge",622761,144,ATL,SS,31,51,28.0,4.12,30.3,1.2515732680877507,0.024540652315446092,IF
"Witt Jr., Bobby",677951,118,KC,SS,26,144,71.0,4.16,30.3,4.384254221165792,0.03044620986920689,IF
"Griffin, Konnor",804606,134,PIT,SS,20,108,48.0,4.27,29.9,4.839193663009572,0.044807348731570114,IF
"McCarthy, Jake",664983,115,COL,CF,28,168,63.0,4.18,29.9,2.111682978448357,0.012569541538383078,OF
"Acuña, Luisangel",682668,145,CWS,SS,24,88,38.0,4.21,29.8,1.1353966773913056,0.012902234970355746,IF
"Mitchell, Garrett",669003,158,MIL,CF,27,142,48.0,4.08,29.8,1.9733776298753067,0.01389702556250216,OF
"Buxton, Byron",621439,142,MIN,CF,32,98,33.0,4.14,29.8,0.2081822610485152,0.0021243087862093386,OF
"Turner, Trea",607208,143,PHI,SS,33,155,59.0,4.26,29.8,2.75591798385418,0.017780116024865678,IF
"Straw, Myles",664702,141,TOR,CF,31,72,26.0,4.16,29.7,0.7565265385640628,0.010507313035611983,OF
"Nuñez, Nasim",683083,120,WSH,2B,25,138,48.0,4.16,29.8,5.68525144583643,0.041197474245191525,IF
"Scott II, Victor",687363,138,STL,CF,25,70,29.0,4.16,29.7,1.158437448343714,0.0165491064049102,OF
"Carroll, Corbin",682998,109,AZ,RF,25,152,44.0,4.13,29.7,5.047477059018891,0.033207085914597964,OF
"Hill, Derek",656537,143,PHI,CF,30,43,12.0,4.27,29.6,1.013741142235299,0.02357537540082091,OF
"Crawford, Justin",702222,143,PHI,CF,22,134,53.0,4.16,29.6,0.717758684330857,0.005356408092021321,OF
"Crow-Armstrong, Pete",691718,112,CHC,CF,24,140,29.0,4.26,29.5,3.7198758358755777,0.026570541684825554,OF
"Simpson, Chandler",802415,139,TB,LF,25,223,79.0,3.98,29.5,6.172686974144408,0.027680210646387482,OF
"Mangum, Jake",663968,134,PIT,CF,30,148,37.0,4.04,29.5,1.4322323197643945,0.009677245403813477,OF
"Ewing, A.J.",805999,121,NYM,CF,21,97,29.0,4.15,29.4,0.2863937529801924,0.0029525129173215707,OF
"Tolbert, Tyler",686475,118,KC,SS,28,38,5.0,4.27,29.4,0.9995571762556948,0.026304136217255126,IF
"Hamilton, David",666152,158,MIL,3B,28,78,43.0,4.02,29.4,2.028290021829986,0.026003718228589563,IF
"Crews, Dylan",686611,120,WSH,RF,24,87,4.0,4.28,29.3,1.6814223656180047,0.019326693857678216,OF
"Lile, Daylen",695734,120,WSH,LF,23,151,23.0,4.21,29.3,0.5304909590636702,0.003513185159362054,OF
"Young, Jacob",696285,120,WSH,CF,26,121,20.0,4.3,29.3,2.156965539234646,0.017826161481278066,OF
"Smith, Cam",701358,117,HOU,RF,23,143,24.0,4.37,29.2,1.3862043962299782,0.009693737036573273,OF
"Peña, Jeremy",665161,117,HOU,SS,28,104,15.0,4.35,29.2,2.0365327710604797,0.019582045875581537,IF
"Walker, Jordan",691023,138,STL,RF,24,156,21.0,4.35,29.2,1.6076575544832736,0.010305497144123548,OF
"Thomas, Lane",657041,118,KC,CF,30,108,15.0,4.38,29.1,1.1815957751809942,0.010940701622046243,OF
"Rafaela, Ceddanne",678882,111,BOS,CF,25,179,21.0,4.11,29.1,1.7615605651559076,0.009841120475731328,OF
"Duran, Jarren",680776,111,BOS,LF,29,128,9.0,4.22,29.1,2.262303520558888,0.017674246254366314,OF
"Ortiz, Joey",687401,158,MIL,SS,27,107,10.0,4.33,29.1,-0.656079416388353,-0.006131583330732271,IF
"DeLuca, Jonny",676356,139,TB,RF,27,86,19.0,4.28,29.0,-0.0057115833050629,-6.641375936119651e-05,OF
"Duran, Ezequiel",677649,140,TEX,SS,27,146,12.0,4.26,29.0,0.96715512284965,0.006624350156504452,IF
"Beavers, Dylan",687637,110,BAL,RF,24,63,1.0,4.23,29.0,0.7308549285113828,0.01160087188113306,OF
"Taveras, Leody",665750,110,BAL,CF,27,113,30.0,4.28,29.0,2.378928740963404,0.021052466734189416,OF
"Merrill, Jackson",701538,135,SD,CF,23,135,11.0,4.24,28.9,4.103120099255894,0.030393482216710326,OF
"Tatis Jr., Fernando",665487,135,SD,RF,27,173,20.0,4.32,28.9,-0.4099549115226797,-0.0023696815694952585,OF
"Waldschmidt, Ryan",814439,109,AZ,CF,23,56,1.0,4.31,28.9,1.274005467477767,0.022750097633531554,OF
"Carter, Evan",694497,140,TEX,CF,23,91,28.0,4.16,28.9,3.2952236848348377,0.036211249283899315,OF
"Rodríguez, Julio",677594,136,SEA,CF,25,137,21.0,4.33,28.8,1.2010839740365875,0.008767036306836406,OF
"Gonzales, Nick",693304,134,PIT,3B,27,187,7.0,4.33,28.8,0.6703527838648178,0.003584774245266405,IF
"Keaschall, Luke",807712,142,MIN,2B,23,157,1.0,4.25,28.8,3.634384589788497,0.023148946431773867,IF
"Carrigg, Cole",694249,115,COL,CF,24,57,4.0,4.14,28.8,0.2619918482757131,0.004596348215363388,OF
"Gelof, Zack",680869,133,ATH,3B,26,93,6.0,4.36,28.8,2.0665375858743893,0.022220834256713864,IF
"Sanoja, Javier",691594,146,MIA,3B,23,142,17.0,4.23,28.7,0.6097548039338381,0.004294047915027029,IF
"Chourio, Jackson",694192,158,MIL,LF,22,118,27.0,4.22,28.7,1.3331057101344548,0.0112975060180886,OF
"Frelick, Sal",686217,158,MIL,RF,26,142,15.0,4.24,28.7,0.9493974537567976,0.006685897561667589,OF
"Peters, Tristan",671976,145,CWS,CF,26,131,5.0,4.26,28.6,2.0732621282046027,0.01582642845957712,OF
"Raley, Luke",670042,136,SEA,RF,31,78,,4.32,28.6,0.2516520472777727,0.003226308298432983,OF
"Turang, Brice",668930,158,MIL,2B,26,182,1.0,4.29,28.6,0.7332042118591201,0.004028594570654506,IF
"Trout, Mike",545361,108,LAA,CF,34,110,5.0,4.42,28.6,-0.6258181770807184,-0.005689256155279258,OF
"Peraza, Oswald",672724,108,LAA,2B,26,97,,4.39,28.6,1.6290110612313229,0.0167939284663023,IF
"McLain, Matt",680574,113,CIN,2B,26,73,,4.33,28.5,-0.992327111080897,-0.013593522069601328,IF
"Abrams, CJ",682928,120,WSH,SS,25,129,10.0,4.28,28.5,2.1354165326534824,0.01655361653219754,IF
"Stott, Bryson",681082,143,PHI,2B,28,131,2.0,4.26,28.5,5.023440635716369,0.038346875081804344,IF
"Benge, Carson",701807,121,NYM,RF,23,151,2.0,4.27,28.5,3.1687085749269475,0.02098482499951621,OF
"Steer, Spencer",668715,113,CIN,1B,28,121,1.0,4.44,28.5,2.0415604954574267,0.016872400788904354,IF
"De La Cruz, Elly",682829,113,CIN,SS,24,122,8.0,4.35,28.5,0.9628309630204324,0.00789205707393797,IF
"Volpe, Anthony",683011,147,NYY,SS,25,65,,4.33,28.5,-0.0857916029980545,-0.0013198708153546845,IF
"Langeliers, Shea",669127,133,ATH,C,28,121,,4.52,28.4,-0.2545256322173186,-0.002103517621630732,C
"Church, Nathan",701675,138,STL,CF,25,114,,4.26,28.4,0.4658675767253321,0.0040865576905730885,OF
"Langford, Wyatt",694671,140,TEX,LF,24,83,1.0,4.34,28.4,0.6609720640972747,0.007963518844545478,OF
"Cruz, Oneil",665833,134,PIT,CF,27,100,8.0,4.37,28.4,2.067138145214144,0.02067138145214144,OF
"Lopez, Otto",672640,146,MIA,SS,27,228,3.0,4.22,28.4,3.791980869036544,0.016631495039633966,IF
"Triolo, Jared",669707,134,PIT,SS,28,103,,4.42,28.4,1.1732578291154938,0.011390852709859163,IF
"Chisholm Jr., Jazz",665862,147,NYY,2B,28,94,7.0,4.24,28.4,4.1172868030422425,0.0438009234366196,IF
"Swanson, Dansby",621020,112,CHC,SS,32,146,1.0,4.33,28.4,4.204429860675354,0.02879746479914626,IF
"Hoerner, Nico",663538,112,CHC,2B,29,201,,4.36,28.3,3.587211965099906,0.017846825697014457,IF
"Vargas, Miguel",678246,145,CWS,3B,26,124,,4.39,28.3,0.8231634135858403,0.006638414625692261,IF
"Bazzana, Travis",683953,114,CLE,2B,23,108,3.0,4.24,28.3,3.228406719633033,0.02989265481141697,IF
"Vierling, Matt",663837,116,DET,CF,29,93,1.0,4.5,28.3,-0.1398013578754217,-0.001503240407262599,OF
"Moniak, Mickey",666160,115,COL,LF,28,73,1.0,4.37,28.3,1.0829983515490034,0.014835593856835663,OF
"Hernández, Teoscar",606192,119,LAD,LF,33,95,1.0,4.4,28.3,0.0991636900890581,0.0010438283167269274,OF
"Winn, Masyn",691026,138,STL,SS,24,137,3.0,4.35,28.3,1.5372853922181224,0.011221061257066588,IF
"Alexander, Blaze",677942,110,BAL,3B,27,86,3.0,4.43,28.3,1.972921997428167,0.02294095345846706,IF
"Pages, Andy",681624,119,LAD,CF,25,153,,4.38,28.3,0.3212689706387424,0.0020997971937172706,OF
"Henderson, Gunnar",683002,110,BAL,SS,25,169,2.0,4.25,28.3,1.7866109230269336,0.01057166226643156,IF
"McGonigle, Kevin",805808,116,DET,SS,21,155,3.0,4.35,28.2,4.049146061787818,0.026123522979276243,IF
"Edwards, Xavier",669364,146,MIA,2B,26,178,4.0,4.23,28.2,2.0067142821000568,0.01127367574213515,IF
"Keith, Colt",690993,116,DET,3B,24,109,1.0,4.32,28.2,2.013529487478741,0.018472747591548083,IF
"Pérez, Wenceel",672761,116,DET,RF,26,69,,4.28,28.2,1.2848781131599782,0.01862142192985476,OF
"Nimmo, Brandon",607043,140,TEX,RF,33,155,7.0,4.22,28.2,0.5365835959899203,0.003461829651547873,OF
"Loftin, Nick",679845,118,KC,3B,27,114,,4.53,28.2,0.5531040875501309,0.004851790241667814,IF
"Realmuto, J.T.",592663,143,PHI,C,35,105,,4.44,28.2,0.7086701018612092,0.006749239065344849,C
"Antonacci, Sam",803011,145,CWS,LF,23,146,,4.33,28.2,2.075124501628654,0.01421318151800448,OF
"Castro, Willi",650489,115,COL,2B,29,107,1.0,4.26,28.2,0.2156968302489934,0.0020158582266261065,IF
"Marsh, Brandon",669016,143,PHI,LF,28,125,,4.39,28.1,1.760922197738549,0.014087377581908391,OF
"Williamson, Ben",810938,139,TB,2B,25,116,,4.5,28.1,1.3049234361693605,0.011249339966977245,IF
"Abreu, Wilyer",677800,111,BOS,RF,27,135,3.0,4.29,28.1,-1.0827949640072785,-0.008020703437090953,OF
"Reynolds, Bryan",668804,134,PIT,LF,31,157,,4.38,28.1,0.9177273671405592,0.005845397242933498,OF
"Semien, Marcus",543760,121,NYM,2B,35,103,,4.42,28.1,-0.4006039207002889,-0.003889358453400863,IF
"Chapman, Matt",656305,137,SF,3B,33,133,,4.44,28.1,-0.6607236434067413,-0.004967846942907829,IF
"Caballero, José",676609,147,NYY,SS,29,116,,4.27,28.1,-0.5337478703992404,-0.004601274744821038,IF
"Adell, Jo",666176,108,LAA,RF,27,145,,4.53,28.1,0.0993873410855147,0.000685429938520791,OF
"Schmitt, Casey",669477,137,SF,LF,27,114,,4.53,28.0,0.4102342731594612,0.0035985462557847473,OF
"Durbin, Caleb",702332,111,BOS,3B,26,165,,4.42,28.0,0.999041927230204,0.006054799558970933,IF
"Laureano, Ramón",657656,135,SD,LF,31,59,,4.3,28.0,0.3408092906655945,0.00577642865534906,OF
"Tovar, Ezequiel",678662,115,COL,SS,24,112,,4.41,27.9,0.6120873641523812,0.0054650657513605466,IF
"Clement, Ernie",676391,141,TOR,2B,30,185,1.0,4.35,27.9,-0.2707735804461219,-0.0014636409753844425,IF
"Cowser, Colton",681297,110,BAL,CF,26,65,,4.23,27.9,1.283896514250578,0.019752254065393507,OF
"McKinstry, Zach",656716,116,DET,2B,31,107,,4.31,27.9,-2.242593144767769,-0.020958814437081953,IF
"Young, Cole",702284,136,SEA,2B,22,146,,4.3,27.9,-0.6940994228512946,-0.004754105635967771,IF
"Happ, Ian",664023,112,CHC,LF,31,138,,4.38,27.9,-0.6763476175477783,-0.004901069692375205,OF
"Myers, Dane",667472,113,CIN,CF,30,54,,4.42,27.9,1.842133445500963,0.03411358232409191,OF
"Clemens, Kody",665019,142,MIN,1B,30,108,1.0,4.32,27.9,0.8196502221664195,0.007589353908948328,IF
"Mayo, Coby",691723,110,BAL,3B,24,74,,4.48,27.9,0.9839731190902776,0.013296934041760508,IF
"Mullins, Cedric",656775,139,TB,CF,31,71,3.0,4.34,27.9,-0.8768138482984814,-0.012349490821105372,OF
"Walls, Taylor",670764,139,TB,SS,29,96,,4.42,27.9,2.339160516528405,0.02436625538050422,IF
"Riley, Austin",663586,144,ATL,3B,29,127,,4.55,27.8,1.0350386455329983,0.008149910594748018,IF
"Marsee, Jakob",805300,146,MIA,CF,25,110,,4.38,27.8,-0.3123160295206342,-0.0028392366320057656,OF
"Call, Alex",669743,119,LAD,LF,31,64,,4.35,27.8,-0.0142597118971812,-0.00022280799839345626,OF
"Jensen, Carter",695600,118,KC,C,22,112,,4.36,27.8,0.2221984057546351,0.0019839143370949564,C
"Suzuki, Seiya",673548,112,CHC,RF,31,117,,4.4,27.8,-2.428067785805122,-0.020752716117992495,OF
"Neto, Zach",687263,108,LAA,SS,25,119,,4.39,27.8,-1.1366625315983363,-0.009551785979817953,IF
"Lewis, Royce",668904,142,MIN,1B,27,91,,4.32,27.8,1.495740834714784,0.016436712469393232,IF
"Martin, Austin",668885,142,MIN,RF,27,124,,4.49,27.8,-0.1743686791757311,-0.0014061990256107346,OF
"Lopez, Nicky",670032,140,TEX,2B,31,86,,4.21,27.8,0.9931300590418372,0.011548023942346943,IF
"Tena, José",677588,120,WSH,DH,25,86,1.0,4.25,27.7,0.498164576861838,0.005792611358858581,DH
"Adames, Willy",642715,137,SF,SS,30,116,,4.43,27.7,-2.1090947251727914,-0.018181851079075786,IF
"Ramírez, José",608070,114,CLE,3B,33,110,,4.36,27.7,3.020593926679183,0.027459944787992574,IF
"Giménez, Andrés",665926,141,TOR,SS,27,115,1.0,4.3,27.7,-0.0503361092428961,-0.00043770529776431395,IF
"Freeman, Tyler",671289,115,COL,RF,27,107,,4.5,27.7,-2.4019949547772965,-0.02244855097922707,OF
"Martínez, Angel",682657,114,CLE,LF,24,96,,4.4,27.7,0.5406632235381519,0.0056319085785224154,OF
"Garcia, Maikel",672580,118,KC,3B,26,117,,4.5,27.7,0.4888293926067688,0.004178028996639049,IF
"Ohtani, Shohei",660271,119,LAD,DH,31,134,,4.23,27.6,0.6150709885911624,0.00459008200441166,DH
"Harris II, Michael",671739,144,ATL,CF,25,165,1.0,4.28,27.6,-2.0272410764357205,-0.012286309554155881,OF
"Schneemann, Daniel",682177,114,CLE,3B,29,87,,4.42,27.6,-0.8510066508732048,-0.009781685642220745,IF
"Wetherholt, JJ",802139,138,STL,2B,23,164,,4.24,27.6,3.372144127773254,0.020561854437641792,IF
"Collins, Isaac",686555,118,KC,LF,28,120,1.0,4.45,27.5,-2.9775179529435487,-0.024812649607862905,OF
"Altuve, Jose",514888,117,HOU,2B,36,138,8.0,4.36,27.5,-1.5812492460529437,-0.011458327869948867,IF
"Bellinger, Cody",641355,147,NYY,LF,30,132,,4.2,27.5,-0.4700383704129898,-0.003560896745552953,OF
"Kiner-Falefa, Isiah",643396,111,BOS,2B,31,57,,4.43,27.4,1.577262706025179,0.027671275544301384,IF
"Dingler, Dillon",693307,116,DET,C,27,145,,4.51,27.4,0.5026978929898924,0.0034668820206199477,C
"Ward, Taylor",621493,110,BAL,LF,32,155,,4.5,27.4,-4.06974397674265,-0.026256412753178388,OF
"Andujar, Miguel",609280,135,SD,DH,31,124,,4.46,27.3,-0.9850446242174608,-0.007943908259818232,DH
"Rushing, Dalton",687221,119,LAD,C,25,65,,4.45,27.3,0.6386719511286153,0.00982572232505562,C
"Rocchio, Brayan",677587,114,CLE,SS,25,155,,4.5,27.3,-0.8765276601876305,-0.005655017162500842,IF
"Goodman, Hunter",696100,115,COL,C,26,94,,4.55,27.3,-2.9964891553649107,-0.03187754420600969,C
"Varsho, Daulton",662139,141,TOR,CF,29,128,,4.31,27.3,0.2256984124869434,0.0017632688475542452,OF
"Gilbert, Drew",687551,137,SF,CF,25,92,,4.35,27.3,-0.3068507940909903,-0.0033353347183803293,OF
"Lee, Jung Hoo",808982,137,SF,RF,27,201,,4.32,27.3,0.6043076534870504,0.003006505738741544,OF
"Wood, James",695578,120,WSH,RF,23,146,4.0,4.28,27.3,1.2033366533393597,0.008242031872187396,OF
"Acuña Jr., Ronald",660670,144,ATL,RF,28,62,1.0,4.42,27.3,0.7214799871124814,0.011636773985685184,OF
"Meidroth, Chase",805367,145,CWS,2B,24,176,,4.44,27.3,0.6509655833272215,0.003698668087086486,IF
"Contreras, Willson",575929,111,BOS,1B,34,117,,4.59,27.2,-2.204715509039011,-0.018843722299478727,IF
"Yelich, Christian",592885,158,MIL,DH,34,125,,4.45,27.2,0.6272650508498188,0.00501812040679855,DH
"Harper, Bryce",547180,143,PHI,1B,33,146,,4.48,27.2,-1.5452256439579262,-0.010583737287383056,IF
"Burger, Jake",669394,140,TEX,1B,30,132,,4.49,27.2,-0.2965846772277779,-0.002246853615361954,IF
"Yastrzemski, Mike",573262,144,ATL,LF,35,87,,4.41,27.1,0.7503229619634896,0.008624401861649306,OF
"Ramos, Heliot",671218,137,SF,LF,26,119,,4.52,27.2,0.5977349593318642,0.00502298285152827,OF
"Soderstrom, Tyler",691016,133,ATH,LF,24,151,,4.41,27.1,-0.3800765363301132,-0.002517063154504061,OF
"Vargas, Ildemaro",545121,109,AZ,1B,34,135,1.0,4.43,27.1,0.8252796242414094,0.006113182401788218,IF
"Albies, Ozzie",645277,144,ATL,2B,29,164,,4.29,27.0,-0.5961491958059707,-0.003635056071987626,IF
"Bogaerts, Xander",593428,135,SD,SS,33,164,,4.48,27.0,0.9251572335356112,0.005641202643509824,IF
"Karros, Kyle",691720,115,COL,3B,23,131,,4.6,27.0,1.2013125751215423,0.009170325000927805,IF
"Muncy, Max",571970,119,LAD,3B,35,105,,4.43,27.0,0.7214923565042971,0.006871355776231401,IF
"Perdomo, Geraldo",672695,109,AZ,SS,26,167,,4.53,27.0,-0.5784755685560876,-0.0034639255602160936,IF
"Caglianone, Jac",695506,118,KC,RF,23,152,,4.44,27.0,1.0827991320370285,0.007123678500243608,OF
"Mead, Curtis",678554,111,BOS,3B,25,111,,4.67,27.0,-1.2571937002816909,-0.011326069371907124,IF
"Massey, Michael",686681,118,KC,2B,28,110,,4.49,27.0,-0.9432805617010284,-0.008575277833645712,IF
"Murakami, Munetaka",808959,145,CWS,1B,26,80,,4.38,27.0,-1.969246186728256,-0.0246155773341032,IF
"Monasterio, Andruw",655316,111,BOS,SS,29,63,,4.54,27.0,-1.3129731575662769,-0.020840843770893284,IF
"Fortes, Nick",663743,139,TB,C,29,119,,4.51,27.0,-0.8456339839881784,-0.007106167932673767,C
"Arozarena, Randy",668227,136,SEA,LF,31,156,,4.43,27.0,2.2318623634693417,0.01430681002223937,OF
"Kwan, Steven",680757,114,CLE,LF,28,157,,4.32,26.9,0.2983889759515249,0.001900566725805891,OF
"Lowe, Brandon",664040,134,PIT,2B,31,129,,4.33,26.9,0.1249354204420205,0.0009684916313334922,IF
"Bauers, Jake",641343,158,MIL,1B,30,135,,4.48,26.9,2.3658447299505085,0.017524775777411173,IF
"Palacios, Richie",680700,139,TB,2B,29,90,,4.4,26.9,0.37217534538441,0.004135281615382333,IF
"Dubón, Mauricio",643289,144,ATL,LF,31,157,,4.4,26.8,0.6507885738439164,0.004145150151872079,OF
"O'Hearn, Ryan",656811,134,PIT,RF,32,128,,4.57,26.8,-3.0823893247099834,-0.024081166599296745,OF
"Baty, Brett",683146,121,NYM,3B,26,127,,4.42,26.8,1.154926221334979,0.009093907254606133,IF
"Springer, George",543807,141,TOR,DH,36,110,,4.64,26.8,-1.0986575157516882,-0.00998779559774262,DH
"Rice, Ben",700250,147,NYY,1B,27,141,,4.56,26.8,-0.9189459765045772,-0.006517347351096292,IF
"Larnach, Trevor",663616,142,MIN,LF,29,120,,4.61,26.8,0.3237424517053728,0.00269785376421144,OF
"Greene, Riley",682985,116,DET,LF,25,129,,4.72,26.7,-0.3583696008848949,-0.0027780589215883325,OF
"Arraez, Luis",650333,137,SF,2B,29,189,,4.55,26.7,1.4694015139589318,0.007774611184967893,IF
"Judge, Aaron",592450,147,NYY,RF,34,76,1.0,4.84,26.7,-0.286578198320994,-0.0037707657673815,OF
"Julien, Edouard",666397,115,COL,2B,27,93,,4.54,26.7,-0.5739862331879803,-0.0061718949805159165,IF
"Stewart, Sal",701398,113,CIN,1B,22,141,,4.68,26.7,-1.1140470467829977,-0.007901042884985799,IF
"Butler, Lawrence",671732,133,ATH,RF,25,111,,4.5,26.7,-1.206348925937127,-0.010868008341775919,OF
"Grisham, Trent",663757,147,NYY,CF,29,113,,4.53,26.7,-2.124955274800473,-0.01880491393628737,OF
"Marte, Ketel",606466,109,AZ,2B,32,153,1.0,4.49,26.6,0.3289929174916788,0.0021502805064815608,IF
"DeLauter, Chase",800050,114,CLE,RF,24,146,,4.5,26.6,0.7262257401203696,0.004974148904934038,OF
"Kurtz, Nick",701762,133,ATH,1B,23,102,,4.47,26.6,-0.3238090956422338,-0.003174598976884645,IF
"Sheets, Gavin",657757,135,SD,1B,30,125,,4.51,26.6,-0.9824432942166984,-0.007859546353733588,IF
"Benintendi, Andrew",643217,145,CWS,DH,31,99,,4.48,26.6,-0.8301890370484346,-0.008385747848974086,DH
"Betts, Mookie",605141,119,LAD,SS,33,81,,4.6,26.5,-0.3731201447225294,-0.004606421539784314,IF
"Montgomery, Colson",695657,145,CWS,SS,24,92,,4.66,26.5,-2.4122582741895897,-0.02622019863249554,IF
"Lee, Brooks",686797,142,MIN,3B,25,152,,4.46,26.4,0.4712111055274803,0.0031000730626807916,IF
"Torkelson, Spencer",679529,116,DET,1B,26,93,1.0,4.73,26.4,-0.8214140797570277,-0.008832409459752987,IF
"Caminero, Junior",691406,139,TB,3B,22,170,,4.62,26.4,-1.1154820408764377,-0.006561659063979045,IF
"Okamoto, Kazuma",672960,141,TOR,3B,30,128,,4.49,26.3,-1.6447063833082909,-0.012849268619596023,IF
"Tucker, Kyle",663656,119,LAD,RF,29,117,,4.55,26.3,0.658970840138478,0.005632229402892974,OF
"Guerrero Jr., Vladimir",665489,141,TOR,1B,27,168,,4.58,26.2,-0.8147168838636762,-0.004849505261093311,IF
"Bregman, Alex",608324,112,CHC,3B,32,154,,4.66,26.2,-0.1525840786724676,-0.000990805705665374,IF
"Bell, Josh",605137,142,MIN,DH,33,138,,4.71,26.1,-2.725739980508063,-0.019751738989188864,DH
"Eldridge, Bryce",805811,137,SF,DH,21,77,,4.52,26.1,-2.34835772931592,-0.030498152328778182,DH
"Johnston, Troy",687859,115,COL,RF,29,122,,4.5,26.1,-0.5795367669612698,-0.004750301368534998,OF
"Díaz, Yandy",650490,139,TB,DH,34,186,,4.66,26.1,-1.3337020158163388,-0.0071704409452491335,DH
"Devers, Rafael",646240,137,SF,1B,29,147,1.0,4.61,26.1,-0.4758821232306149,-0.0032372933553103055,IF
"Bichette, Bo",666182,121,NYM,3B,28,165,,4.7,26.0,-1.975670830537876,-0.011973762609320461,IF
"Moreno, Gabriel",672515,109,AZ,C,26,127,,4.49,26.0,-0.2161273799290938,-0.001701790393142471,C
"Baldwin, Drake",686948,144,ATL,C,25,124,1.0,4.44,26.0,-0.4541256333042712,-0.003662303494389284,C
"Herrera, Iván",671056,138,STL,DH,26,174,,4.73,25.9,-2.4334122398401394,-0.013985127815173215,DH
"Busch, Michael",683737,112,CHC,1B,28,152,,4.65,25.9,-2.873029317729063,-0.01890150866927015,IF
"Soto, Juan",665742,121,NYM,LF,27,106,,4.48,25.9,-1.191067156176792,-0.011236482605441434,OF
"Contreras, William",661388,158,MIL,C,28,150,,4.59,25.9,-2.340472201441111,-0.015603148009607408,C
"Walker, Christian",572233,117,HOU,1B,35,149,,4.7,25.8,-0.077726768243693,-0.0005216561627093489,IF
"Jung, Josh",673962,140,TEX,3B,28,159,,4.73,25.8,-1.600046387950917,-0.010063184829879982,IF
"Schanuel, Nolan",694384,108,LAA,1B,24,144,,4.59,25.8,-0.6253844584255701,-0.004342947627955348,IF
"Hicks, Liam",689414,146,MIA,DH,27,155,,4.64,25.8,-4.50559835508496,-0.029068376484419095,DH
"Kelly, Carson",608348,112,CHC,C,31,105,,4.81,25.8,-0.6265998877634185,-0.005967617978699224,C
"Pasquantino, Vinnie",686469,118,KC,1B,28,93,,4.75,25.7,-1.3629375658483167,-0.014655242643530287,IF
"Aranda, Jonathan",666018,139,TB,1B,28,124,,4.56,25.6,-2.4239421543369546,-0.01954792059949157,IF
"Burleson, Alec",676475,138,STL,1B,27,162,,4.48,25.5,-0.2732926211737761,-0.0016869914887270132,IF
"Olson, Matt",621566,144,ATL,1B,32,146,,4.76,25.4,-0.4642589930341286,-0.003179856116672114,IF
"Freeman, Freddie",518692,119,LAD,1B,36,158,,4.72,25.3,-1.3709107768310047,-0.008676650486272182,IF
"Arenado, Nolan",571448,109,AZ,3B,35,126,,4.76,25.3,-1.198808947969863,-0.009514356729919547,IF
"Alonso, Pete",624413,110,BAL,1B,31,123,,4.82,25.3,-1.8036329869048664,-0.014663682820364768,IF
"Pederson, Joc",592626,140,TEX,DH,34,92,,4.59,25.2,-0.323310528307945,-0.0035142448729124456,DH
"Machado, Manny",592518,135,SD,3B,33,117,,4.77,25.1,-2.885690090107224,-0.02466401786416431,IF
"Paredes, Isaac",670623,117,HOU,3B,27,101,,4.96,25.0,-0.9262198024030678,-0.00917049309309968,IF
"Rumfield, TJ",681198,115,COL,1B,26,150,,4.69,25.0,-3.117636461707799,-0.020784243078051993,IF
"Alvarez, Yordan",670541,117,HOU,DH,29,93,,4.75,24.9,-3.647670942085472,-0.03922226819446744,DH
"France, Ty",664034,135,SD,1B,31,90,,4.9,24.8,-2.4384980056317174,-0.02709442228479686,IF
"Horwitz, Spencer",687462,134,PIT,1B,28,100,,4.75,24.9,-1.615467939949366,-0.016154679399493662,IF
"Naylor, Josh",647304,136,SEA,1B,29,149,,4.75,24.6,-1.11371282877546,-0.007474582743459464,IF
