"last_name, first_name",player_id,team_id,team,position,age,competitive_runs,bolts,hp_to_1b,sprint_speed,entity_name,team_name,start_year,end_year,runner_runs_tot,runner_runs_XB,runner_runs_SBX,N_runner_moved,runner_runs_XB_swipe,runner_runs_XB_snipe,runner_runs_XB_freeze,N_runner_moved_XB,runner_runs_SB2,runner_runs_SB3,simple_stolen_on_running_act_SB2,simple_stolen_on_running_act_SB3,N_runner_moved_SBX,runner_runs_per_run
"Bolte, Henry",703607,133,ATH,CF,22,100,64.0,4.16,30.6,"Bolte, Henry",ATH,2026,2026,0.8667455871192868,0.499686261566009,0.3670593255532778,32,1.3970542689327587,0.0,-0.8973680073667496,16,0.9081759360524436,-0.5411166104991657,6.637315745278402,-1.5713308853836994,16,0.008667455871192869
"Mateo, Jorge",622761,144,ATL,SS,31,51,28.0,4.12,30.3,"Mateo, Jorge",ATL,2026,2026,1.2515732680877507,0.4985749331159877,0.7529983349717629,32,1.4518548384997574,-0.8005070960478038,-0.1527728093359654,21,0.4049927920141381,0.3480055429576249,3.880988961503606,1.680050723174865,11,0.024540652315446092
"Witt Jr., Bobby",677951,118,KC,SS,26,144,71.0,4.16,30.3,"Witt Jr., Bobby",KC,2026,2026,4.384254221165792,1.6837778594098023,2.700476361755989,71,3.0174928619926966,-0.793909248615667,-0.5398057539672272,39,1.6051924573887155,1.0952839043672733,11.671960985797451,5.12330425047928,32,0.03044620986920689
"Griffin, Konnor",804606,134,PIT,SS,20,108,48.0,4.27,29.9,"Griffin, Konnor",PIT,2026,2026,4.839193663009572,2.5311375612071565,2.308056101802416,41,3.013100049353093,0.0,-0.4819624881459368,25,2.156229514581625,0.1518265872207907,10.69672074553698,0.6492180407083428,16,0.044807348731570114
"McCarthy, Jake",664983,115,COL,CF,28,168,63.0,4.18,29.9,"McCarthy, Jake",COL,2026,2026,2.111682978448357,2.3955493916029127,-0.2838664131545556,63,4.927666645206626,-2.3026869492883284,-0.2294303043153836,41,-0.1966141249766098,-0.0872522881779453,5.0960562381678,0.6221628950301676,22,0.012569541538383078
"Acuña, Luisangel",682668,145,CWS,SS,24,88,38.0,4.21,29.8,"Acuña, Luisangel",CWS,2026,2026,1.1353966773913056,0.2255734641979593,0.909823213193346,30,1.2984646144720269,-0.9272877588799284,-0.1456033913941389,12,0.1337453906280027,0.776077822565343,4.196552159376175,3.63714378865606,18,0.012902234970355746
"Mitchell, Garrett",669003,158,MIL,CF,27,142,48.0,4.08,29.8,"Mitchell, Garrett",MIL,2026,2026,1.9733776298753067,1.9670633354311675,0.0063142944441392,43,2.602905579679529,0.0,-0.6358422442483609,35,0.0925402912946868,-0.0862259968505473,1.2118706537558277,-0.6682041418583206,8,0.01389702556250216
"Buxton, Byron",621439,142,MIN,CF,32,98,33.0,4.14,29.8,"Buxton, Byron",MIN,2026,2026,0.2081822610485152,-0.5492760302085853,0.7574582912571005,34,2.333172851722089,-2.342818718415696,-0.5396301635149783,30,0.8241388701668161,-0.0666805789097154,2.6412096386593147,-0.5474823800435971,4,0.0021243087862093386
"Turner, Trea",607208,143,PHI,SS,33,155,59.0,4.26,29.8,"Turner, Trea",PHI,2026,2026,2.75591798385418,0.7961059539907578,1.959812029863422,49,1.9822053455155737,0.0,-1.186099391524816,32,1.4454226666164476,0.514389363246975,6.422291260698944,2.28702691645271,17,0.017780116024865678
"Straw, Myles",664702,141,TOR,CF,31,72,26.0,4.16,29.7,"Straw, Myles",TOR,2026,2026,0.7565265385640628,0.558976283534258,0.1975502550298048,22,1.757898452779603,-0.7549125990650656,-0.4440095701802795,17,0.4980782304987313,-0.3005279754689264,1.385013268590392,-0.351120218478886,5,0.010507313035611983
"Nuñez, Nasim",683083,120,WSH,2B,25,138,48.0,4.16,29.8,"Nuñez, Nasim",WSH,2026,2026,5.68525144583643,0.9767959113040056,4.708455534532424,54,2.3095036085580536,-0.7828933748042193,-0.5498143224498289,20,3.404859044181651,1.3035964903507742,18.22976282973394,6.36408647433599,34,0.041197474245191525
"Scott II, Victor",687363,138,STL,CF,25,70,29.0,4.16,29.7,"Scott II, Victor",STL,2026,2026,1.158437448343714,0.7804578287289775,0.3779796196147365,28,1.0025361780749849,0.0,-0.2220783493460073,16,0.2174447083534818,0.1605349112612546,3.614795953117313,0.7051829173651816,12,0.0165491064049102
"Carroll, Corbin",682998,109,AZ,RF,25,152,44.0,4.13,29.7,"Carroll, Corbin",AZ,2026,2026,5.047477059018891,3.9977193427446993,1.0497577162741918,67,5.345888702512723,-0.7632792285778593,-0.5848901311901651,51,0.2922480885637582,0.7575096277104337,3.2080794719675225,3.4957746715728955,16,0.033207085914597964
"Hill, Derek",656537,143,PHI,CF,30,43,12.0,4.27,29.6,"Hill, Derek",PHI,2026,2026,1.013741142235299,0.2683732804318316,0.7453678618034674,26,1.460301515067763,-0.8744330948703398,-0.3174951397655913,12,0.3820530501400867,0.3633148116633808,4.782816059927589,1.649644626999183,14,0.02357537540082091
"Crawford, Justin",702222,143,PHI,CF,22,134,53.0,4.16,29.6,"Crawford, Justin",PHI,2026,2026,0.717758684330857,0.3166335394709438,0.4011251448599132,31,1.4524082530237603,0.0,-1.135774713552816,19,0.4153744067872824,-0.0142492619273694,3.9446116892129184,-0.4445980881394412,12,0.005356408092021321
"Crow-Armstrong, Pete",691718,112,CHC,CF,24,140,29.0,4.26,29.5,"Crow-Armstrong, Pete",CHC,2026,2026,3.7198758358755777,2.158270001990701,1.5616058338848768,62,2.7544995877472958,0.0,-0.5962295857565943,33,1.2541018466937628,0.307503987191114,10.23887320462008,2.4044398941986747,29,0.026570541684825554
"Simpson, Chandler",802415,139,TB,LF,25,223,79.0,3.98,29.5,"Simpson, Chandler",TB,2026,2026,6.172686974144408,4.261432562966856,1.911254411177553,76,5.3167752073446986,-0.7758485777832864,-0.279494066594557,46,1.8883427701250128,0.022911641052541,11.754233881003612,2.142618202930394,30,0.027680210646387482
"Mangum, Jake",663968,134,PIT,CF,30,148,37.0,4.04,29.5,"Mangum, Jake",PIT,2026,2026,1.4322323197643945,1.5833690535198772,-0.1511367337554827,38,2.278379722818061,0.0,-0.6950106692981831,22,0.1722147439580278,-0.3233514777135104,3.649829217136768,-0.6016027527588497,16,0.009677245403813477
"Ewing, A.J.",805999,121,NYM,CF,21,97,29.0,4.15,29.4,"Ewing, A.J.",NYM,2026,2026,0.2863937529801924,0.5176928156634761,-0.2312990626832837,32,1.064549330549968,0.0,-0.5468565148864916,16,-0.3245895786407803,0.0932905159574957,2.328354579182966,0.3035373229245287,16,0.0029525129173215707
"Tolbert, Tyler",686475,118,KC,SS,28,38,5.0,4.27,29.4,"Tolbert, Tyler",KC,2026,2026,0.9995571762556948,-0.3528804817161645,1.352437657971859,24,0.7759387370789521,-0.7517603495050382,-0.3770588692900782,10,1.0006705962447673,0.351767061727092,6.73546128837404,1.7196102649165068,14,0.026304136217255126
"Hamilton, David",666152,158,MIL,3B,28,78,43.0,4.02,29.4,"Hamilton, David",MIL,2026,2026,2.028290021829986,0.8369892296023866,1.191300792227599,33,1.3067782491248925,0.0,-0.4697890195225058,17,0.628127161002404,0.5631736312251949,5.2690514922775,2.736875081354868,16,0.026003718228589563
"Crews, Dylan",686611,120,WSH,RF,24,87,4.0,4.28,29.3,"Crews, Dylan",WSH,2026,2026,1.6814223656180047,0.4965484382355699,1.184873927382435,24,1.2052280454371964,0.0,-0.7086796072016264,18,1.221144320834619,-0.036270393452184,4.7892888741915085,-0.3194655649951523,6,0.019326693857678216
"Lile, Daylen",695734,120,WSH,LF,23,151,23.0,4.21,29.3,"Lile, Daylen",WSH,2026,2026,0.5304909590636702,1.740840353504369,-1.210349394440699,51,3.0986729061862124,0.0,-1.3578325526818429,40,-0.6279793897775408,-0.5823700046631579,-0.6265281959136194,-1.8804703130506173,11,0.003513185159362054
"Young, Jacob",696285,120,WSH,CF,26,121,20.0,4.3,29.3,"Young, Jacob",WSH,2026,2026,2.156965539234646,1.885011268797221,0.2719542704374247,37,2.057248939334903,0.0,-0.172237670537682,25,-0.0951335599226525,0.3670878303600769,1.5604846326169226,1.6218319588366956,12,0.017826161481278066
"Smith, Cam",701358,117,HOU,RF,23,143,24.0,4.37,29.2,"Smith, Cam",HOU,2026,2026,1.3862043962299782,1.850260421411733,-0.4640560251817549,37,2.071780671049363,0.0,-0.2215202496376296,22,-0.4236527830236881,-0.0404032421580666,2.445229910546587,-0.4649038168283828,15,0.009693737036573273
"Peña, Jeremy",665161,117,HOU,SS,28,104,15.0,4.35,29.2,"Peña, Jeremy",HOU,2026,2026,2.0365327710604797,0.9235592359305448,1.1129735351299346,37,2.545351940053297,-0.9863296467611036,-0.635463057361649,27,0.8925082156860819,0.2204653194438527,3.432310085263809,0.5944210581305301,10,0.019582045875581537
"Walker, Jordan",691023,138,STL,RF,24,156,21.0,4.35,29.2,"Walker, Jordan",STL,2026,2026,1.6076575544832736,0.5958964098267782,1.0117611446564956,52,2.388596534173532,0.0,-1.7927001243467535,36,1.5970646957076968,-0.5853035510512015,8.202912608527873,-1.96050525277684,16,0.010305497144123548
"Thomas, Lane",657041,118,KC,CF,30,108,15.0,4.38,29.1,"Thomas, Lane",KC,2026,2026,1.1815957751809942,0.9714535263699886,0.2101422488110057,38,2.2402093622241672,-0.9105637805848088,-0.3581920552693699,30,0.237277631977733,-0.0271353831667272,2.4787947638905776,-0.2849826044625309,8,0.010940701622046243
"Rafaela, Ceddanne",678882,111,BOS,CF,25,179,21.0,4.11,29.1,"Rafaela, Ceddanne",BOS,2026,2026,1.7615605651559076,2.924347217859859,-1.1627866527039514,58,4.309251968737698,-0.7789636888618564,-0.6059410620159815,39,-0.7251901150581582,-0.4375965376457931,1.958010834208057,-1.1464825391703153,19,0.009841120475731328
"Duran, Jarren",680776,111,BOS,LF,29,128,9.0,4.22,29.1,"Duran, Jarren",BOS,2026,2026,2.262303520558888,1.488259670451534,0.7740438501073534,42,2.679589960372495,-0.7513828784699793,-0.4399474114509814,26,0.8338257123804742,-0.0597818622731206,5.58752829910227,-0.4511689392182532,16,0.017674246254366314
"Ortiz, Joey",687401,158,MIL,SS,27,107,10.0,4.33,29.1,"Ortiz, Joey",MIL,2026,2026,-0.656079416388353,-0.1338072280197793,-0.5222721883685737,26,0.6990456566454134,0.0,-0.8328528846651927,15,-0.6527476275022219,0.1304754391336488,0.3913065566791651,0.4107089518199842,11,-0.006131583330732271
"DeLuca, Jonny",676356,139,TB,RF,27,86,19.0,4.28,29.0,"DeLuca, Jonny",TB,2026,2026,-0.0057115833050629,1.0683149653855368,-1.0740265486905998,28,1.2806744653478104,0.0,-0.2123594999622731,16,-1.1497394468108066,0.0757128981202075,-0.5061986382306307,0.2839069645560374,12,-6.641375936119651e-05
"Duran, Ezequiel",677649,140,TEX,SS,27,146,12.0,4.26,29.0,"Duran, Ezequiel",TEX,2026,2026,0.96715512284965,0.528450248411855,0.438704874437795,39,1.9533827700821904,-0.8247168554215561,-0.6002156662487789,29,0.5427188619067805,-0.1040139874689855,3.4907865593863585,-0.7503646259248269,10,0.006624350156504452
"Beavers, Dylan",687637,110,BAL,RF,24,63,1.0,4.23,29.0,"Beavers, Dylan",BAL,2026,2026,0.7308549285113828,1.393981332148062,-0.6631264036366793,27,1.824468956640476,0.0,-0.4304876244924138,20,-0.7992323091865916,0.1361059055499122,-1.4175505897205665,0.5737197835331526,7,0.01160087188113306
"Taveras, Leody",665750,110,BAL,CF,27,113,30.0,4.28,29.0,"Taveras, Leody",BAL,2026,2026,2.378928740963404,2.098414771983595,0.2805139689798094,37,2.7875834771339685,0.0,-0.6891687051503732,29,0.0721764227837648,0.2083375461960448,1.1403810583855043,0.7846096004432175,8,0.021052466734189416
"Merrill, Jackson",701538,135,SD,CF,23,135,11.0,4.24,28.9,"Merrill, Jackson",SD,2026,2026,4.103120099255894,2.121506610269738,1.981613488986156,47,2.5716529843631406,0.0,-0.4501463740934018,29,1.9286577905462217,0.0529556984399347,9.957939379506518,0.0688781102553643,18,0.030393482216710326
"Tatis Jr., Fernando",665487,135,SD,RF,27,173,20.0,4.32,28.9,"Tatis Jr., Fernando",SD,2026,2026,-0.4099549115226797,0.3446185551404293,-0.754573466663109,68,2.3994843897216303,-1.5202691571031075,-0.5345966774780937,38,-0.0619678193565625,-0.6926056473065464,4.746912117037598,0.0763290497441544,30,-0.0023696815694952585
"Waldschmidt, Ryan",814439,109,AZ,CF,23,56,1.0,4.31,28.9,"Waldschmidt, Ryan",AZ,2026,2026,1.274005467477767,0.6286628324303452,0.645342635047422,26,1.0389435820507205,0.0,-0.4102807496203757,19,0.6984019196808335,-0.0530592846334114,3.747538328020097,-0.3469489398778863,7,0.022750097633531554
"Carter, Evan",694497,140,TEX,CF,23,91,28.0,4.16,28.9,"Carter, Evan",TEX,2026,2026,3.2952236848348377,1.0384429960960542,2.256780688738784,38,1.7610029091358943,0.0,-0.72255991303984,23,1.7149809424637004,0.5417997462750834,7.66393703658334,2.545133666254649,15,0.036211249283899315
"Rodríguez, Julio",677594,136,SEA,CF,25,137,21.0,4.33,28.8,"Rodríguez, Julio",SEA,2026,2026,1.2010839740365875,0.3755857056044081,0.8254982684321793,46,1.8079337708822996,-0.7809964403522249,-0.6513516249256665,31,0.7721095382668438,0.0533887301653351,4.522170113770672,1.396447325541939,15,0.008767036306836406
"Gonzales, Nick",693304,134,PIT,3B,27,187,7.0,4.33,28.8,"Gonzales, Nick",PIT,2026,2026,0.6703527838648178,0.8142975476943115,-0.1439447638294937,36,2.54335544043046,-0.7936101398826652,-0.9354477528534834,32,-0.0635297003142647,-0.0804150635152289,-1.7859130034907325,-0.6505278139392228,4,0.003584774245266405
"Keaschall, Luke",807712,142,MIN,2B,23,157,1.0,4.25,28.8,"Keaschall, Luke",MIN,2026,2026,3.634384589788497,2.836653313566888,0.7977312762216089,48,3.590634799458236,0.0,-0.7539814858913458,35,0.7465105607881186,0.0512207154334897,3.7652669034449313,0.0515244512347952,13,0.023148946431773867
"Carrigg, Cole",694249,115,COL,CF,24,57,4.0,4.14,28.8,"Carrigg, Cole",COL,2026,2026,0.2619918482757131,0.9294855934524672,-0.6674937451767541,23,1.526173080533966,0.0,-0.5966874870814987,19,-0.6425866099590449,-0.0249071352177093,-1.379664261087343,-0.2057584957949987,4,0.004596348215363388
"Gelof, Zack",680869,133,ATH,3B,26,93,6.0,4.36,28.8,"Gelof, Zack",ATH,2026,2026,2.0665375858743893,0.9244996906791624,1.1420378951952266,32,2.0326087756400635,-0.7595835222439729,-0.3485255627169275,26,1.0039583080946464,0.13807958710058,3.4393595973039197,0.5897447506487961,6,0.022220834256713864
"Sanoja, Javier",691594,146,MIA,3B,23,142,17.0,4.23,28.7,"Sanoja, Javier",MIA,2026,2026,0.6097548039338381,0.6642528142842165,-0.0544980103503784,37,1.9176700621427043,-0.7739199738303022,-0.4794972740281858,30,-0.4419084146584373,0.3874104043080591,-1.6853319243355256,1.647040935499503,7,0.004294047915027029
"Chourio, Jackson",694192,158,MIL,LF,22,118,27.0,4.22,28.7,"Chourio, Jackson",MIL,2026,2026,1.3331057101344548,0.2104011516546288,1.122704558479826,37,1.914010394152599,-0.7979939848312791,-0.9056152576666912,30,1.0275629838892628,0.0951415745905642,2.636097460258503,0.3154634319111168,7,0.0112975060180886
"Frelick, Sal",686217,158,MIL,RF,26,142,15.0,4.24,28.7,"Frelick, Sal",MIL,2026,2026,0.9493974537567976,1.330212169979467,-0.3808147162226692,26,1.770396524442375,0.0,-0.4401843544629085,20,-0.498983345274935,0.1181686290522661,-1.6728761782623784,0.4340576943594217,6,0.006685897561667589
"Peters, Tristan",671976,145,CWS,CF,26,131,5.0,4.26,28.6,"Peters, Tristan",CWS,2026,2026,2.0732621282046027,2.2590233430878355,-0.185761214883233,34,2.447203814015806,0.0,-0.1881804709279693,27,0.785248107650671,-0.9710093225339036,1.8344155852036597,-2.55618915042449,7,0.01582642845957712
"Raley, Luke",670042,136,SEA,RF,31,78,,4.32,28.6,"Raley, Luke",SEA,2026,2026,0.2516520472777727,1.0879883530637104,-0.8363363057859378,22,1.828261551449433,0.0,-0.7402731983857226,19,-0.7728857281833852,-0.0634505776025525,-2.929335549226659,-0.4157786427537911,3,0.003226308298432983
"Turang, Brice",668930,158,MIL,2B,26,182,1.0,4.29,28.6,"Turang, Brice",MIL,2026,2026,0.7332042118591201,0.660983608146801,0.072220603712319,52,2.607834170616856,-0.7614627606731385,-1.185387801796915,40,-0.2407333760688113,0.3129539797811301,0.1046176179962793,1.1034116049928515,12,0.004028594570654506
"Trout, Mike",545361,108,LAA,CF,34,110,5.0,4.42,28.6,"Trout, Mike",LAA,2026,2026,-0.6258181770807184,-1.4788002209328326,0.8529820438521142,32,1.5707220257074537,-1.6429784859767924,-1.4065437606634934,26,0.7422337155538373,0.1107483282982765,1.3514449474143884,0.1271362215515244,6,-0.005689256155279258
"Peraza, Oswald",672724,108,LAA,2B,26,97,,4.39,28.6,"Peraza, Oswald",LAA,2026,2026,1.6290110612313229,0.906004725719767,0.7230063355115557,32,1.5611846059223888,0.0,-0.6551798802026216,18,0.1426327863160286,0.5803735491955271,2.794725783696762,2.6680248933464727,14,0.0167939284663023
"McLain, Matt",680574,113,CIN,2B,26,73,,4.33,28.5,"McLain, Matt",CIN,2026,2026,-0.992327111080897,-1.8715326060916144,0.8792054950107177,32,0.8592358574046507,-1.622670153636092,-1.108098309860173,20,0.3231618757856651,0.5560436192250523,2.0354084704947177,2.536128582748571,12,-0.013593522069601328
"Abrams, CJ",682928,120,WSH,SS,25,129,10.0,4.28,28.5,"Abrams, CJ",WSH,2026,2026,2.1354165326534824,0.5363230506986967,1.5990934819547855,59,3.0330617981536063,-0.8377701082351038,-1.658968639219805,40,1.4870063650901582,0.1120871168646271,8.784018799278224,0.3393239604741485,19,0.01655361653219754
"Stott, Bryson",681082,143,PHI,2B,28,131,2.0,4.26,28.5,"Stott, Bryson",PHI,2026,2026,5.023440635716369,2.4632002997477858,2.560240335968584,48,3.3608386471909504,0.0,-0.8976383474431654,34,2.1919342986097723,0.3683060373588117,9.192813430937704,1.5382679207013483,14,0.038346875081804344
"Benge, Carson",701807,121,NYM,RF,23,151,2.0,4.27,28.5,"Benge, Carson",NYM,2026,2026,3.1687085749269475,1.3147891901700417,1.8539193847569055,42,2.367694463706533,0.0,-1.0529052735364912,28,1.743449939860494,0.1104694448964117,6.665747446050736,0.3732813679195891,14,0.02098482499951621
"Steer, Spencer",668715,113,CIN,1B,28,121,1.0,4.44,28.5,"Steer, Spencer",CIN,2026,2026,2.0415604954574267,1.5143062458503371,0.5272542496070894,28,1.918548662277154,0.0,-0.4042424164268169,26,0.452802552164576,0.0744516974425128,-0.7477507816797709,-0.2464583593499323,2,0.016872400788904354
"De La Cruz, Elly",682829,113,CIN,SS,24,122,8.0,4.35,28.5,"De La Cruz, Elly",CIN,2026,2026,0.9628309630204324,1.4017336892256995,-0.4389027262052671,52,3.0943722044153392,-0.7507139980284593,-0.9419245171611806,33,-0.5548741472112274,0.1159714210059602,2.377876011585284,0.4460326988377622,19,0.00789205707393797
"Volpe, Anthony",683011,147,NYY,SS,25,65,,4.33,28.5,"Volpe, Anthony",NYY,2026,2026,-0.0857916029980545,1.0945165987020284,-1.180308201700083,30,2.0762388526805737,-0.7663786864869729,-0.215343567491572,19,-1.342840209658055,0.1625320079579723,-1.4664922117513055,0.6700090161177282,11,-0.0013198708153546845
"Langeliers, Shea",669127,133,ATH,C,28,121,,4.52,28.4,"Langeliers, Shea",ATH,2026,2026,-0.2545256322173186,-0.0464688175127919,-0.2080568147045266,29,1.4713220843289612,0.0,-1.517790901841753,26,-0.2842225398610594,0.0761657251565328,-2.17573662059238,-0.2049845427962042,3,-0.002103517621630732
"Church, Nathan",701675,138,STL,CF,25,114,,4.26,28.4,"Church, Nathan",STL,2026,2026,0.4658675767253321,0.4211744571081472,0.0446931196171849,30,1.579771636284273,-0.7625825502797698,-0.3960146288963558,23,0.0898139467523633,-0.0451208271351784,1.6295682282208388,-0.3988699505378248,7,0.0040865576905730885
"Langford, Wyatt",694671,140,TEX,LF,24,83,1.0,4.34,28.4,"Langford, Wyatt",TEX,2026,2026,0.6609720640972747,-0.1630646401219746,0.8240367042192493,26,1.3248232186403042,-0.7902353665762555,-0.6976524921860232,18,1.31109919897219,-0.4870624947529411,5.321295476641681,-1.3136020764186909,8,0.007963518844545478
"Cruz, Oneil",665833,134,PIT,CF,27,100,8.0,4.37,28.4,"Cruz, Oneil",PIT,2026,2026,2.067138145214144,0.2212657950154117,1.8458723501987324,46,2.1466070545163736,-1.51712907929861,-0.4082121802023515,23,1.7289209175342366,0.1169514326644952,11.410894673737149,0.3265879952318971,23,0.02067138145214144
"Lopez, Otto",672640,146,MIA,SS,27,228,3.0,4.22,28.4,"Lopez, Otto",MIA,2026,2026,3.791980869036544,1.8061828962235664,1.985797972812977,81,4.196633965012405,-1.6332120985037508,-0.757238970285088,56,1.511153767293564,0.4746442055194131,9.79353934416,2.0131246341373266,25,0.016631495039633966
"Triolo, Jared",669707,134,PIT,SS,28,103,,4.42,28.4,"Triolo, Jared",PIT,2026,2026,1.1732578291154938,0.6078557118729929,0.5654021172425009,23,1.170056548603366,0.0,-0.5622008367303732,16,0.4434952613719707,0.1219068558705304,2.0020027555623385,0.517740601390383,7,0.011390852709859163
"Chisholm Jr., Jazz",665862,147,NYY,2B,28,94,7.0,4.24,28.4,"Chisholm Jr., Jazz",NYY,2026,2026,4.1172868030422425,1.5070733155128948,2.610213487529348,52,2.079292827650027,0.0,-0.572219512137132,24,0.7771277406050197,1.833085746924328,6.504861158632635,8.90589230404244,28,0.0438009234366196
"Swanson, Dansby",621020,112,CHC,SS,32,146,1.0,4.33,28.4,"Swanson, Dansby",CHC,2026,2026,4.204429860675354,2.1830238488679887,2.0214060118073656,51,3.505579785565252,-0.7607358713760749,-0.5618200653211874,40,1.89061560967474,0.1307904021326246,7.594156452777328,0.3193900873201696,11,0.02879746479914626
"Hoerner, Nico",663538,112,CHC,2B,29,201,,4.36,28.3,"Hoerner, Nico",CHC,2026,2026,3.587211965099906,1.1769612864672323,2.4102506786326736,55,2.882980777937453,-0.7863368027965094,-0.9196826886737104,38,2.115773334340181,0.2944773442924924,8.789099264042468,0.9218446729567908,17,0.017846825697014457
"Vargas, Miguel",678246,145,CWS,3B,26,124,,4.39,28.3,"Vargas, Miguel",CWS,2026,2026,0.8231634135858403,0.5178305039997217,0.3053329095861186,53,2.865682853767032,-1.5931957236606171,-0.7546566261066929,44,0.2127202489080753,0.0926126606780431,1.3155620503096703,0.1902141626066336,9,0.006638414625692261
"Bazzana, Travis",683953,114,CLE,2B,23,108,3.0,4.24,28.3,"Bazzana, Travis",CLE,2026,2026,3.228406719633033,2.144037272861363,1.0843694467716702,39,2.704235224551113,0.0,-0.5601979516897506,22,0.2230183317930348,0.8613511149786354,2.5531109111500827,4.0364489339814025,17,0.02989265481141697
"Vierling, Matt",663837,116,DET,CF,29,93,1.0,4.5,28.3,"Vierling, Matt",DET,2026,2026,-0.1398013578754217,0.1252269701577648,-0.2650283280331866,29,1.3329157851938505,-0.9079965785081652,-0.2996922365279204,23,-0.2191756133542964,-0.0458527146788907,0.1422709176811506,-0.4775524441861574,6,-0.001503240407262599
"Moniak, Mickey",666160,115,COL,LF,28,73,1.0,4.37,28.3,"Moniak, Mickey",COL,2026,2026,1.0829983515490034,1.5389005770946789,-0.4559022255456755,25,2.2700892754764728,0.0,-0.731188698381794,23,-0.426311272554117,-0.0295909529915583,-2.1498648871702977,-0.2321703877525159,2,0.014835593856835663
"Hernández, Teoscar",606192,119,LAD,LF,33,95,1.0,4.4,28.3,"Hernández, Teoscar",LAD,2026,2026,0.0991636900890581,0.2429254125352257,-0.1437617224461675,26,2.0070004968921884,-0.8023643338024302,-0.9617107505545324,26,-0.0970250382864628,-0.0467366841597047,-2.051038147324265,-0.4118118844417311,0,0.0010438283167269274
"Winn, Masyn",691026,138,STL,SS,24,137,3.0,4.35,28.3,"Winn, Masyn",STL,2026,2026,1.5372853922181224,0.8785840886959039,0.6587013035222186,30,1.6392061951861996,0.0,-0.7606221064902959,25,0.5578886613100598,0.1008126422121589,0.2105933538999308,0.2684334884186279,5,0.011221061257066588
"Alexander, Blaze",677942,110,BAL,3B,27,86,3.0,4.43,28.3,"Alexander, Blaze",BAL,2026,2026,1.972921997428167,1.5638108207336952,0.4091111766944719,35,2.161378330489458,0.0,-0.5975675097557629,25,0.4796087828915599,-0.0704976061970881,3.155599938341308,-0.5926958487612912,10,0.02294095345846706
"Pages, Andy",681624,119,LAD,CF,25,153,,4.38,28.3,"Pages, Andy",LAD,2026,2026,0.3212689706387424,0.9211879517436076,-0.5999189811048653,54,2.7894866825075555,-0.7686074607985285,-1.0996912699654195,39,-0.9369873681588096,0.337068387053944,-1.3273935467588915,1.44536200942248,15,0.0020997971937172706
"Henderson, Gunnar",683002,110,BAL,SS,25,169,2.0,4.25,28.3,"Henderson, Gunnar",BAL,2026,2026,1.7866109230269336,2.7172461850618848,-0.9306352620349512,42,3.23440700005934,0.0,-0.5171608149974554,32,-1.0440474917704856,0.1134122297355348,-3.191579216995137,0.2986425596285004,10,0.01057166226643156
"McGonigle, Kevin",805808,116,DET,SS,21,155,3.0,4.35,28.2,"McGonigle, Kevin",DET,2026,2026,4.049146061787818,2.7980085747822825,1.2511374870055352,62,5.18155106490818,-0.7548271163113343,-1.6287153738145643,53,1.393160426779508,-0.1420229397739726,2.944402237392836,-0.9499790422268544,9,0.026123522979276243
"Edwards, Xavier",669364,146,MIA,2B,26,178,4.0,4.23,28.2,"Edwards, Xavier",MIA,2026,2026,2.0067142821000568,0.7878542423034878,1.218860039796569,55,3.116628710030164,-1.518834292567587,-0.8099401751590884,40,1.3378025883200155,-0.1189425485234465,6.370500574178656,-0.8251981826361644,15,0.01127367574213515
"Keith, Colt",690993,116,DET,3B,24,109,1.0,4.32,28.2,"Keith, Colt",DET,2026,2026,2.013529487478741,1.6038809192434254,0.4096485682353158,32,2.123192386164403,0.0,-0.5193114669209773,29,0.4586902666671121,-0.0490416984317962,0.596797780411749,-0.3123679440659417,3,0.018472747591548083
"Pérez, Wenceel",672761,116,DET,RF,26,69,,4.28,28.2,"Pérez, Wenceel",DET,2026,2026,1.2848781131599782,1.5642736327805782,-0.2793955196205999,21,1.629436889006766,0.0,-0.0651632562261877,16,0.071198549110006,-0.3505940687306058,0.9107667586012343,-0.8906710049073878,5,0.01862142192985476
"Nimmo, Brandon",607043,140,TEX,RF,33,155,7.0,4.22,28.2,"Nimmo, Brandon",TEX,2026,2026,0.5365835959899203,0.8777437116845944,-0.3411601156946741,35,2.066870372703056,0.0,-1.1891266610184617,31,-0.1737176595551302,-0.1674424561395438,-2.276087397873906,-0.9834086410497516,4,0.003461829651547873
"Loftin, Nick",679845,118,KC,3B,27,114,,4.53,28.2,"Loftin, Nick",KC,2026,2026,0.5531040875501309,0.3573638411011451,0.1957402464489856,35,1.9118779080745123,-0.780310817403035,-0.7742032495703322,33,0.2966752488351901,-0.1009350023862044,0.550085039570978,-0.7349452687206257,2,0.004851790241667814
"Realmuto, J.T.",592663,143,PHI,C,35,105,,4.44,28.2,"Realmuto, J.T.",PHI,2026,2026,0.7086701018612092,0.841890120666468,-0.1332200188052588,22,1.383227624469409,0.0,-0.541337503802941,19,-0.1407205578809379,0.0075005390756791,-0.8692001022286195,-0.3281657659796842,3,0.006749239065344849
"Antonacci, Sam",803011,145,CWS,LF,23,146,,4.33,28.2,"Antonacci, Sam",CWS,2026,2026,2.075124501628654,0.8321836064561251,1.2429408951725287,48,2.8246069016681443,-0.8158933243374968,-1.1765299708745227,31,1.1315127712714854,0.1114281239010431,6.465684536387527,0.3012505806487528,17,0.01421318151800448
"Castro, Willi",650489,115,COL,2B,29,107,1.0,4.26,28.2,"Castro, Willi",COL,2026,2026,0.2156968302489934,-0.757426414947499,0.9731232451964924,33,1.307167122421719,-0.8524482209087915,-1.2121453164604266,24,0.7981154342531777,0.1750078109433149,3.4558965151129404,0.5476028243498459,9,0.0020158582266261065
"Marsh, Brandon",669016,143,PHI,LF,28,125,,4.39,28.1,"Marsh, Brandon",PHI,2026,2026,1.760922197738549,0.93426413644231,0.826658061296239,34,1.6417796426973714,0.0,-0.7075155062550617,25,0.9859101933807172,-0.159252132084479,3.5105875481967965,-1.017238017335749,9,0.014087377581908391
"Williamson, Ben",810938,139,TB,2B,25,116,,4.5,28.1,"Williamson, Ben",TB,2026,2026,1.3049234361693605,0.761806416248491,0.5431170199208695,24,1.2738343411520432,0.0,-0.5120279249035522,17,0.617131240529607,-0.0740142206087374,3.3142940068495697,-0.4643135302149419,7,0.011249339966977245
"Abreu, Wilyer",677800,111,BOS,RF,27,135,3.0,4.29,28.1,"Abreu, Wilyer",BOS,2026,2026,-1.0827949640072785,-0.3151224661523599,-0.7676724978549185,32,1.3905179074125178,-0.7541244491671099,-0.951515924397768,21,-0.8865666102275794,0.118894112372661,-1.4117452329018905,0.3820542410309937,11,-0.008020703437090953
"Reynolds, Bryan",668804,134,PIT,LF,31,157,,4.38,28.1,"Reynolds, Bryan",PIT,2026,2026,0.9177273671405592,0.2872392077517571,0.630488159388802,50,2.302678856808088,-0.7504509385734378,-1.2649887104828927,45,0.7441278432084233,-0.1136396838196212,0.2795221949878558,-0.7738023252441265,5,0.005845397242933498
"Semien, Marcus",543760,121,NYM,2B,35,103,,4.42,28.1,"Semien, Marcus",NYM,2026,2026,-0.4006039207002889,0.7830987958620901,-1.183702716562379,23,1.5514014471630573,0.0,-0.7683026513009672,18,-1.128013984217927,-0.0556887323444519,-3.3159769607802536,-0.3829138886897001,5,-0.003889358453400863
"Chapman, Matt",656305,137,SF,3B,33,133,,4.44,28.1,"Chapman, Matt",SF,2026,2026,-0.6607236434067413,0.0926014445091457,-0.753325087915887,31,1.4722812844567963,0.0,-1.379679839947651,30,-0.6800071073354629,-0.0733179805804241,-4.230658585338243,-0.4504401829109176,1,-0.004967846942907829
"Caballero, José",676609,147,NYY,SS,29,116,,4.27,28.1,"Caballero, José",NYY,2026,2026,-0.5337478703992404,1.4060668132265297,-1.93981468362577,53,1.7277485580653344,0.0,-0.3216817448388047,23,-0.3251260798860522,-1.6146886037397183,5.5690246017010905,-2.293124133453902,30,-0.004601274744821038
"Adell, Jo",666176,108,LAA,RF,27,145,,4.53,28.1,"Adell, Jo",LAA,2026,2026,0.0993873410855147,0.1756625841188807,-0.0762752430333659,29,1.584999130083684,0.0,-1.4093365459648042,27,0.0039949175634243,-0.0802701605967904,-2.3593458073689715,-0.5662409785226985,2,0.000685429938520791
"Schmitt, Casey",669477,137,SF,LF,27,114,,4.53,28.0,"Schmitt, Casey",SF,2026,2026,0.4102342731594612,-0.4799120517506677,0.8901463249101289,34,1.363903362555544,-0.7507462495659789,-1.0930691647402326,25,0.9836076254440886,-0.0934613005339595,4.608550308625151,-0.5698223975188086,9,0.0035985462557847473
"Durbin, Caleb",702332,111,BOS,3B,26,165,,4.42,28.0,"Durbin, Caleb",BOS,2026,2026,0.999041927230204,1.0796429544797426,-0.0806010272495385,49,2.2319103041897908,-0.8729135729537103,-0.2793537767563381,32,-0.9772217854505244,0.8966207582009869,-0.271478744086885,4.309889700317687,17,0.006054799558970933
"Laureano, Ramón",657656,135,SD,LF,31,59,,4.3,28.0,"Laureano, Ramón",SD,2026,2026,0.3408092906655945,0.1674381451475309,0.1733711455180636,23,0.6667890744150335,0.0,-0.4993509292675025,15,-0.1905308135570615,0.3639019590751254,0.2359966560870201,1.683223867204722,8,0.00577642865534906
"Tovar, Ezequiel",678662,115,COL,SS,24,112,,4.41,27.9,"Tovar, Ezequiel",COL,2026,2026,0.6120873641523812,0.1569206205571783,0.4551667435952028,23,0.7747782522271288,0.0,-0.6178576316699504,20,0.5300858159870491,-0.0749190723918462,1.2894128983194,-0.5883836589640322,3,0.0054650657513605466
"Clement, Ernie",676391,141,TOR,2B,30,185,1.0,4.35,27.9,"Clement, Ernie",TOR,2026,2026,-0.2707735804461219,-0.5679018284987924,0.2971282480526706,39,2.1211010638143613,-1.5106952226085544,-1.1783076697045989,35,0.4239006486544232,-0.1267724006017527,-0.7139286990315328,-0.8392018517508443,4,-0.0014636409753844425
"Cowser, Colton",681297,110,BAL,CF,26,65,,4.23,27.9,"Cowser, Colton",BAL,2026,2026,1.283896514250578,0.7430233651956514,0.5408731490549266,23,1.0877226524336567,0.0,-0.3446992872380052,13,0.9869419065705158,-0.4460687575155893,4.57095905253214,-1.211783999643549,10,0.019752254065393507
"McKinstry, Zach",656716,116,DET,2B,31,107,,4.31,27.9,"McKinstry, Zach",DET,2026,2026,-2.242593144767769,0.1253207091950959,-2.367913853962865,31,2.107432877677787,-1.538506314911742,-0.4436058535709496,23,-1.9087781054740045,-0.4591357484888608,-5.465142998010687,-1.242719169327781,8,-0.020958814437081953
"Young, Cole",702284,136,SEA,2B,22,146,,4.3,27.9,"Young, Cole",SEA,2026,2026,-0.6940994228512946,0.5404013506958997,-1.2345007735471942,41,2.2239347739537725,-0.7948773291492526,-0.8886560941086202,36,-1.1598019777793862,-0.0746987957678077,-5.018990957688049,-0.5085699243029592,5,-0.004754105635967771
"Happ, Ian",664023,112,CHC,LF,31,138,,4.38,27.9,"Happ, Ian",CHC,2026,2026,-0.6763476175477783,-0.4704910198486486,-0.2058565976991296,35,1.992283619474815,-0.7815294495264817,-1.6812451897969811,32,-0.1660326987463242,-0.0398238989528056,-2.037836209440131,-0.4782319368329942,3,-0.004901069692375205
"Myers, Dane",667472,113,CIN,CF,30,54,,4.42,27.9,"Myers, Dane",CIN,2026,2026,1.842133445500963,0.4712613916067651,1.370872053894198,22,0.895065477647231,0.0,-0.4238040860404657,14,1.4548673601754127,-0.0839953062812148,6.296093498784922,-0.5232024208123506,8,0.03411358232409191
"Clemens, Kody",665019,142,MIN,1B,30,108,1.0,4.32,27.9,"Clemens, Kody",MIN,2026,2026,0.8196502221664195,0.593881678803088,0.2257685433633315,45,2.6828543987584696,-1.540236098273672,-0.5487366216817094,36,-0.0876903252575372,0.313458868620869,0.1834488811040791,1.127390779341145,9,0.007589353908948328
"Mayo, Coby",691723,110,BAL,3B,24,74,,4.48,27.9,"Mayo, Coby",BAL,2026,2026,0.9839731190902776,0.8615174325214703,0.1224556865688074,22,1.199530893249641,0.0,-0.3380134607281704,18,0.1930408579849698,-0.0705851714161624,0.8916247402534356,-0.4979550127010544,4,0.013296934041760508
"Mullins, Cedric",656775,139,TB,CF,31,71,3.0,4.34,27.9,"Mullins, Cedric",TB,2026,2026,-0.8768138482984814,0.0898081682709004,-0.9666220165693818,24,0.587235478236586,0.0,-0.4974273099656854,9,-0.9157646995577324,-0.0508573170116496,1.2454830008198534,-0.4501388063650778,15,-0.012349490821105372
"Walls, Taylor",670764,139,TB,SS,29,96,,4.42,27.9,"Walls, Taylor",TB,2026,2026,2.339160516528405,0.6564368251850283,1.6827236913433767,53,2.818933266801382,-1.554667223316906,-0.6078292182994468,37,0.7604747612752518,0.9222489300681248,4.897400821299664,4.450760115207317,16,0.02436625538050422
"Riley, Austin",663586,144,ATL,3B,29,127,,4.55,27.8,"Riley, Austin",ATL,2026,2026,1.0350386455329983,0.0654874590192227,0.9695511865137756,38,1.8683750217724415,-0.7848574743696966,-1.018030088383523,32,1.048873728302401,-0.0793225417886255,3.20159951942371,-0.6308014910762985,6,0.008149910594748018
"Marsee, Jakob",805300,146,MIA,CF,25,110,,4.38,27.8,"Marsee, Jakob",MIA,2026,2026,-0.3123160295206342,1.0384197386494358,-1.35073576817007,48,2.039765725675362,0.0,-1.0013459870259267,30,-1.3503073637578424,-0.0004284044122278,-2.8419491992861325,2.339110162935492,18,-0.0028392366320057656
"Call, Alex",669743,119,LAD,LF,31,64,,4.35,27.8,"Call, Alex",LAD,2026,2026,-0.0142597118971812,0.796927097036948,-0.8111868089341292,21,1.0255570666930014,0.0,-0.2286299696560535,18,-0.3715301921996969,-0.4396566167344323,-1.425398869067814,-1.246447555766161,3,-0.00022280799839345626
"Jensen, Carter",695600,118,KC,C,22,112,,4.36,27.8,"Jensen, Carter",KC,2026,2026,0.2221984057546351,0.3588335495152872,-0.136635143760652,33,2.0372917375973887,-0.8064993737314982,-0.8719588143506031,32,-0.2147990217619984,0.0781638780013462,-3.077322784765319,0.227988043427023,1,0.0019839143370949564
"Suzuki, Seiya",673548,112,CHC,RF,31,117,,4.4,27.8,"Suzuki, Seiya",CHC,2026,2026,-2.428067785805122,-2.215261290322048,-0.2128064954830737,24,0.6451402668216838,-0.7964973203497075,-2.0639042367940243,24,-0.1516899106654575,-0.0611165848176161,-3.000226305351576,-0.5261965172650611,0,-0.020752716117992495
"Neto, Zach",687263,108,LAA,SS,25,119,,4.39,27.8,"Neto, Zach",LAA,2026,2026,-1.1366625315983363,-0.670734650584051,-0.4659278810142853,64,2.05054507416752,-1.534929592236317,-1.1863501325152537,41,-1.1253136956134266,0.6593858145991419,0.3233709783937253,2.9930627260704505,23,-0.009551785979817953
"Lewis, Royce",668904,142,MIN,1B,27,91,,4.32,27.8,"Lewis, Royce",MIN,2026,2026,1.495740834714784,0.9436349133482912,0.552105921366493,31,1.3150506035262086,0.0,-0.3714156901779174,21,0.2546079650516738,0.2974979563148193,2.7186453296363235,1.3694983287999591,10,0.016436712469393232
"Martin, Austin",668885,142,MIN,RF,27,124,,4.49,27.8,"Martin, Austin",MIN,2026,2026,-0.1743686791757311,-0.3615024737517942,0.187133794576063,36,1.7914092490669986,-1.5151965402073777,-0.6377151826114161,24,0.252150953795284,-0.0650171592192207,3.006938348897831,-0.6030977344381393,12,-0.0014061990256107346
"Lopez, Nicky",670032,140,TEX,2B,31,86,,4.21,27.8,"Lopez, Nicky",TEX,2026,2026,0.9931300590418372,1.3575089437771577,-0.3643788847353201,21,1.689556695195637,0.0,-0.332047751418479,15,-0.5295710380600639,0.1651921533247434,-1.0799605699465564,0.7495233374444833,6,0.011548023942346943
"Tena, José",677588,120,WSH,DH,25,86,1.0,4.25,27.7,"Tena, José",WSH,2026,2026,0.498164576861838,1.2722465447959146,-0.7740819679340766,26,1.7873555090739082,0.0,-0.5151089642779939,20,-0.7410780956708413,-0.0330038722632354,-1.2207373704502924,-0.3257858308411558,6,0.005792611358858581
"Adames, Willy",642715,137,SF,SS,30,116,,4.43,27.7,"Adames, Willy",SF,2026,2026,-2.1090947251727914,-1.7058946554191912,-0.4032000697536003,38,1.3316239356975708,-1.737172209185848,-1.300346381930914,33,-0.3521831258803892,-0.0510169438732114,-1.7693360411189671,-0.4837103865585743,5,-0.018181851079075786
"Ramírez, José",608070,114,CLE,3B,33,110,,4.36,27.7,"Ramírez, José",CLE,2026,2026,3.020593926679183,0.9089903584528728,2.11160356822631,56,2.2351737289427898,-0.7645676249565739,-0.5616157455333419,34,1.2208706638577191,0.8907329043685903,8.003776479013982,4.290952158091186,22,0.027459944787992574
"Giménez, Andrés",665926,141,TOR,SS,27,115,1.0,4.3,27.7,"Giménez, Andrés",TOR,2026,2026,-0.0503361092428961,-0.9865011752409008,0.9361650659980046,25,0.7664814442794252,-0.8985012148087786,-0.8544814047115477,16,0.5976839653426951,0.3384811006553093,2.9001066832909013,1.521626438079876,9,-0.00043770529776431395
"Freeman, Tyler",671289,115,COL,RF,27,107,,4.5,27.7,"Freeman, Tyler",COL,2026,2026,-2.4019949547772965,-1.1737397099781497,-1.2282552447991473,23,0.726624999758916,-0.8755164740802303,-1.0248482356568347,15,-1.1465472264371146,-0.081708018362032,-2.2920956022342747,-0.5643550885204062,8,-0.02244855097922707
"Martínez, Angel",682657,114,CLE,LF,24,96,,4.4,27.7,"Martínez, Angel",CLE,2026,2026,0.5406632235381519,0.4832917563919311,0.0573714671462207,31,1.4710256180024843,-0.7612032707329744,-0.2265305908775786,20,-0.318255661468641,0.3756271286148618,1.2163548248491842,1.6512110185481812,11,0.0056319085785224154
"Garcia, Maikel",672580,118,KC,3B,26,117,,4.5,27.7,"Garcia, Maikel",KC,2026,2026,0.4888293926067688,1.5131254291060192,-1.0242960364992504,43,1.9784795659838648,0.0,-0.4653541368778462,34,-1.367283763148014,0.3429877266487633,-3.95069100325436,1.3757102414659637,9,0.004178028996639049
"Ohtani, Shohei",660271,119,LAD,DH,31,134,,4.23,27.6,"Ohtani, Shohei",LAD,2026,2026,0.6150709885911624,0.4927334452374318,0.1223375433537305,44,2.6032260251230017,-0.7513983769457093,-1.3590942029398598,36,0.2521144794944201,-0.1297769361406895,-0.0212116836317782,-0.8956940364409539,8,0.00459008200441166
"Harris II, Michael",671739,144,ATL,CF,25,165,1.0,4.28,27.6,"Harris II, Michael",ATL,2026,2026,-2.0272410764357205,-1.3599588827873648,-0.6672821936483558,33,1.5053225525100162,-1.6162612782993668,-1.2490201569980135,25,-0.8100847287393087,0.1428025350909526,-2.687711776694217,0.4021809253215648,8,-0.012286309554155881
"Schneemann, Daniel",682177,114,CLE,3B,29,87,,4.42,27.6,"Schneemann, Daniel",CLE,2026,2026,-0.8510066508732048,-0.5940935069946598,-0.2569131438785449,27,1.475595796828418,-1.5829348042110636,-0.486754499612014,21,-0.3802632352653478,0.1233500913868026,-0.6827519854799864,0.5302541841820806,6,-0.009781685642220745
"Wetherholt, JJ",802139,138,STL,2B,23,164,,4.24,27.6,"Wetherholt, JJ",STL,2026,2026,3.372144127773254,1.4068084802845735,1.96533564748868,47,2.9476137320417366,0.0,-1.5408052517571638,36,1.8834531141495348,0.0818825333391453,6.202125324442269,0.1393240871974347,11,0.020561854437641792
"Collins, Isaac",686555,118,KC,LF,28,120,1.0,4.45,27.5,"Collins, Isaac",KC,2026,2026,-2.9775179529435487,-1.170690967452126,-1.8068269854914225,45,2.0993261477973646,-2.5334514552177136,-0.7365656600317768,33,-1.783703673845867,-0.0231233116455569,-3.6267150196277553,-0.3482421343918177,12,-0.024812649607862905
"Altuve, Jose",514888,117,HOU,2B,36,138,8.0,4.36,27.5,"Altuve, Jose",HOU,2026,2026,-1.5812492460529437,-0.3803597321675867,-1.2008895138853568,26,1.3022178550674723,-0.7547772573507362,-0.9278003298843231,21,-1.1697246287822756,-0.0311648851030809,-3.9316689939976976,-0.3809879370560819,5,-0.011458327869948867
"Bellinger, Cody",641355,147,NYY,LF,30,132,,4.2,27.5,"Bellinger, Cody",NYY,2026,2026,-0.4700383704129898,1.4760142036213384,-1.946052574034328,50,3.743627244507129,-1.52537393736164,-0.7422391035241502,39,-2.1547655334873825,0.2087129594530559,-5.448903746209332,0.2933675791416477,11,-0.003560896745552953
"Kiner-Falefa, Isiah",643396,111,BOS,2B,31,57,,4.43,27.4,"Kiner-Falefa, Isiah",BOS,2026,2026,1.577262706025179,1.0297838758340008,0.5474788301911783,22,1.3086931366132015,0.0,-0.2789092607792011,12,0.8321110747713387,-0.2846322445801605,3.998134720350383,-0.2250111698940812,10,0.027671275544301384
"Dingler, Dillon",693307,116,DET,C,27,145,,4.51,27.4,"Dingler, Dillon",DET,2026,2026,0.5026978929898924,0.7608930097750127,-0.2581951167851203,40,2.639380379670114,-0.9386267645542644,-0.9398606053408364,40,-0.2396752483296319,-0.0185198684554884,-3.823627201778519,-0.39853531869615,0,0.0034668820206199477
"Ward, Taylor",621493,110,BAL,LF,32,155,,4.5,27.4,"Ward, Taylor",BAL,2026,2026,-4.06974397674265,-2.795503458027581,-1.2742405187150696,51,1.9784043314583823,-2.426021260012585,-2.347886529473377,45,-1.166673932845047,-0.107566585870022,-6.719529428002841,-0.9465185004595376,6,-0.026256412753178388
"Andujar, Miguel",609280,135,SD,DH,31,124,,4.46,27.3,"Andujar, Miguel",SD,2026,2026,-0.9850446242174608,0.0499931101392736,-1.0350377343567343,25,1.1423350025158556,0.0,-1.0923418923765824,20,-0.9668073698728252,-0.068230364483909,-2.0387118377946645,-0.5605416859167565,5,-0.007943908259818232
"Rushing, Dalton",687221,119,LAD,C,25,65,,4.45,27.3,"Rushing, Dalton",LAD,2026,2026,0.6386719511286153,0.6960261098099287,-0.0573541586813134,23,1.485851595907958,0.0,-0.7898254860980288,23,-0.0518836373357424,-0.0054705213455709,-1.4223544900134455,-0.2767065661618286,0,0.00982572232505562
"Rocchio, Brayan",677587,114,CLE,SS,25,155,,4.5,27.3,"Rocchio, Brayan",CLE,2026,2026,-0.8765276601876305,0.6001897482636135,-1.476717408451244,41,1.8664149190875263,-0.7604135862906188,-0.5058115845332943,27,-1.1241067555730644,-0.352610652878179,-1.8406523712367635,-1.0214806335193964,14,-0.005655017162500842
"Goodman, Hunter",696100,115,COL,C,26,94,,4.55,27.3,"Goodman, Hunter",COL,2026,2026,-2.9964891553649107,-2.0452006258928908,-0.9512885294720196,33,1.220362995137272,-1.6070777058553014,-1.658485915174861,27,-0.9266356730863382,-0.0246528563856815,-3.1385995373511024,-0.4308943677753995,6,-0.03187754420600969
"Varsho, Daulton",662139,141,TOR,CF,29,128,,4.31,27.3,"Varsho, Daulton",TOR,2026,2026,0.2256984124869434,-0.256187055369978,0.4818854678569215,32,1.5408579083150806,-0.7551380523304196,-1.0419069113546389,28,0.5874703470975536,-0.1055848792406319,1.6899582231837182,-0.7222884197834007,4,0.0017632688475542452
"Gilbert, Drew",687551,137,SF,CF,25,92,,4.35,27.3,"Gilbert, Drew",SF,2026,2026,-0.3068507940909903,0.7370785836436795,-1.04392937773467,25,1.328116344808464,0.0,-0.5910377611647847,23,-1.0021005071980855,-0.0418288705365835,-4.533481867395255,-0.3083922766951457,2,-0.0033353347183803293
"Lee, Jung Hoo",808982,137,SF,RF,27,201,,4.32,27.3,"Lee, Jung Hoo",SF,2026,2026,0.6043076534870504,-0.3120054237049389,0.9163130771919894,46,2.420617955207608,-1.5543256858031969,-1.1782976931093494,41,0.9085504562930172,0.0077626208989722,2.22669153068508,-0.623296210149937,5,0.003006505738741544
"Wood, James",695578,120,WSH,RF,23,146,4.0,4.28,27.3,"Wood, James",WSH,2026,2026,1.2033366533393597,0.2513110160411186,0.9520256372982407,59,2.8461516769168878,-0.7595507995235179,-1.8352898613522493,43,0.858588870033031,0.0934367672652099,4.379889502988959,0.1024831308303469,16,0.008242031872187396
"Acuña Jr., Ronald",660670,144,ATL,RF,28,62,1.0,4.42,27.3,"Acuña Jr., Ronald",ATL,2026,2026,0.7214799871124814,0.6672252841112434,0.054254703001238,40,1.0404956817123527,0.0,-0.3732703976011088,22,-0.4272117375013122,0.4814664405025504,2.7251297045578857,2.1608172480070515,18,0.011636773985685184
"Meidroth, Chase",805367,145,CWS,2B,24,176,,4.44,27.3,"Meidroth, Chase",CWS,2026,2026,0.6509655833272215,0.7013090527614145,-0.050343469434193,30,2.0496974424833088,0.0,-1.348388389721895,28,0.1288199343640592,-0.1791634037982523,-2.875626260307563,-1.222899389541679,2,0.003698668087086486
"Contreras, Willson",575929,111,BOS,1B,34,117,,4.59,27.2,"Contreras, Willson",BOS,2026,2026,-2.204715509039011,-1.049092759170693,-1.1556227498683185,37,1.9422156547822784,-1.5364978561443068,-1.4548105578086648,31,-1.0779119771608845,-0.0777107727074338,-4.427681801003801,-0.583248933783119,6,-0.018843722299478727
"Yelich, Christian",592885,158,MIL,DH,34,125,,4.45,27.2,"Yelich, Christian",MIL,2026,2026,0.6272650508498188,-0.0690341799322032,0.696299230782022,30,1.3974373191146223,-0.8911882827125905,-0.5752832163342348,25,0.3819230387267,0.3143761920553215,0.1203599024848176,1.2629966927159937,5,0.00501812040679855
"Harper, Bryce",547180,143,PHI,1B,33,146,,4.48,27.2,"Harper, Bryce",PHI,2026,2026,-1.5452256439579262,-0.3010239039579174,-1.2442017400000087,48,2.647824368990245,-1.753938738995232,-1.1949095339529303,40,-1.1249147377998816,-0.1192870022001263,-4.620768301914493,0.4025495649319087,8,-0.010583737287383056
"Burger, Jake",669394,140,TEX,1B,30,132,,4.49,27.2,"Burger, Jake",TEX,2026,2026,-0.2965846772277779,-0.2180391354204437,-0.0785455418073341,21,0.7451584720216351,0.0,-0.9631976074420788,20,-0.042412853793834,-0.0361326880135001,-1.6990618614567616,-0.287620536681116,1,-0.002246853615361954
"Yastrzemski, Mike",573262,144,ATL,LF,35,87,,4.41,27.1,"Yastrzemski, Mike",ATL,2026,2026,0.7503229619634896,0.809908790203256,-0.0595858282397664,23,1.7044938748260503,0.0,-0.8945850846227947,23,0.0045586961853674,-0.0641445244251338,-1.7319579826764393,-0.4624091451661759,0,0.008624401861649306
"Ramos, Heliot",671218,137,SF,LF,26,119,,4.52,27.2,"Ramos, Heliot",SF,2026,2026,0.5977349593318642,0.6084020579734875,-0.0106670986416233,26,1.3580054087371616,0.0,-0.7496033507636742,25,-0.1554835002120293,0.144816401570406,-2.092741530788594,0.4900163850836765,1,0.00502298285152827
"Soderstrom, Tyler",691016,133,ATH,LF,24,151,,4.41,27.1,"Soderstrom, Tyler",ATH,2026,2026,-0.3800765363301132,-0.2792724370933024,-0.1008040992368107,37,2.06916107394793,-1.5545412320704282,-0.793892278970804,36,-0.0517823944923965,-0.0490217047444143,-2.273199333630384,-0.5994034289387465,1,-0.002517063154504061
"Vargas, Ildemaro",545121,109,AZ,1B,34,135,1.0,4.43,27.1,"Vargas, Ildemaro",AZ,2026,2026,0.8252796242414094,0.634875209321561,0.1904044149198483,25,1.6272061014109025,0.0,-0.992330892089342,23,0.3083536914184216,-0.1179492764985731,-0.8557107613027174,-0.8227318450873666,2,0.006113182401788218
"Albies, Ozzie",645277,144,ATL,2B,29,164,,4.29,27.0,"Albies, Ozzie",ATL,2026,2026,-0.5961491958059707,0.9902200048285263,-1.5863692006344972,39,2.336956676150955,0.0,-1.3467366713224287,36,-1.50373219990545,-0.0826370007290466,-6.25566308390818,-0.5955792747758606,3,-0.003635056071987626
"Bogaerts, Xander",593428,135,SD,SS,33,164,,4.48,27.0,"Bogaerts, Xander",SD,2026,2026,0.9251572335356112,-0.4184923457585424,1.3436495792941534,30,1.2216847116449834,-0.7889238241807808,-0.8512532332227448,16,1.0312520400101428,0.3123975392840108,4.861042325616616,1.3347447235056211,14,0.005641202643509824
"Karros, Kyle",691720,115,COL,3B,23,131,,4.6,27.0,"Karros, Kyle",COL,2026,2026,1.2013125751215423,0.7409064232844024,0.4604061518371401,41,2.672357020505004,-0.8238548440073128,-1.1075957532132878,37,0.2146323990597506,0.2457737527773896,-1.3099024113570883,0.953791482214694,4,0.009170325000927805
"Muncy, Max",571970,119,LAD,3B,35,105,,4.43,27.0,"Muncy, Max",LAD,2026,2026,0.7214923565042971,0.6104831976338835,0.1110091588704136,28,1.8626809761334409,0.0,-1.252197778499557,27,0.1069174773309399,0.0040916815394736,-0.7907840566755613,-0.231618061769621,1,0.006871355776231401
"Perdomo, Geraldo",672695,109,AZ,SS,26,167,,4.53,27.0,"Perdomo, Geraldo",AZ,2026,2026,-0.5784755685560876,-0.1215093364243393,-0.4569662321317483,60,2.420348336384757,-1.8236983606862949,-0.7181593121228014,38,0.0951502402299146,-0.5521164723616621,4.451121656457509,-1.8213253531465223,22,-0.0034639255602160936
"Caglianone, Jac",695506,118,KC,RF,23,152,,4.44,27.0,"Caglianone, Jac",KC,2026,2026,1.0827991320370285,1.1682662037995777,-0.0854670717625492,38,2.6805046853859023,-0.7750737694543404,-0.7371647121319842,34,-0.0208760200771128,-0.0645910516854363,-0.7468681835215785,-0.4528853836741937,4,0.007123678500243608
"Mead, Curtis",678554,111,BOS,3B,25,111,,4.67,27.0,"Mead, Curtis",BOS,2026,2026,-1.2571937002816909,-0.6217271492524258,-0.6354665510292652,29,1.579609699017822,-0.788496152758687,-1.4128406955115609,25,-0.5905158026997263,-0.0449507483295388,-2.160521383970205,-0.4292962405391043,4,-0.011326069371907124
"Massey, Michael",686681,118,KC,2B,28,110,,4.49,27.0,"Massey, Michael",KC,2026,2026,-0.9432805617010284,-0.9697906659497888,0.0265101042487604,26,1.496139515733154,-1.6589739114518751,-0.8069562702310674,25,-0.1109798661009616,0.1374899703497221,-1.7525865288672513,0.5903975076256985,1,-0.008575277833645712
"Murakami, Munetaka",808959,145,CWS,1B,26,80,,4.38,27.0,"Murakami, Munetaka",CWS,2026,2026,-1.969246186728256,-0.1660321953403712,-1.8032139913878849,24,0.9866148943822998,0.0,-1.152647089722671,19,-1.7054811443421452,-0.0977328470457393,-5.640640413749729,-0.704413932469365,5,-0.0246155773341032
"Monasterio, Andruw",655316,111,BOS,SS,29,63,,4.54,27.0,"Monasterio, Andruw",BOS,2026,2026,-1.3129731575662769,0.0367231913876191,-1.349696348953896,28,1.2293314529636274,-0.7970452852666869,-0.3955629763093213,24,-0.7987875695893639,-0.5509087793645322,-2.205599249141853,-1.6180104691561426,4,-0.020840843770893284
"Fortes, Nick",663743,139,TB,C,29,119,,4.51,27.0,"Fortes, Nick",TB,2026,2026,-0.8456339839881784,-0.7563761824066053,-0.089257801581573,24,0.9858556189274132,0.0,-1.7422318013340183,23,-0.0294578400727807,-0.0597999615087923,-1.211497873461984,-0.3669581300025388,1,-0.007106167932673767
"Arozarena, Randy",668227,136,SEA,LF,31,156,,4.43,27.0,"Arozarena, Randy",SEA,2026,2026,2.2318623634693417,0.6907216357796807,1.5411407276896611,50,2.1359276941333367,0.0,-1.4452060583536563,30,1.2838894103452596,0.2572513173444006,6.526344922417594,0.9031878317271516,20,0.01430681002223937
"Kwan, Steven",680757,114,CLE,LF,28,157,,4.32,26.9,"Kwan, Steven",CLE,2026,2026,0.2983889759515249,0.1570498859812073,0.1413390899703176,33,1.9315782199617344,-0.7731376402633837,-1.0013906937171442,27,0.2416427352340416,-0.1003036452637237,-0.4527909927667364,-0.8310771060474875,6,0.001900566725805891
"Lowe, Brandon",664040,134,PIT,2B,31,129,,4.33,26.9,"Lowe, Brandon",PIT,2026,2026,0.1249354204420205,0.3040402717161958,-0.1791048512741752,35,1.5092523037329104,0.0,-1.205212032016714,34,-0.0600587735180923,-0.1190460777560828,-2.9106317987710173,-0.880510318308457,1,0.0009684916313334922
"Bauers, Jake",641343,158,MIL,1B,30,135,,4.48,26.9,"Bauers, Jake",MIL,2026,2026,2.3658447299505085,2.003445588952679,0.3623991409978293,47,3.078440917377268,0.0,-1.074995328424588,38,0.4422518290857532,-0.079852688087924,1.8331331227582743,0.6552079923313915,9,0.017524775777411173
"Palacios, Richie",680700,139,TB,2B,29,90,,4.4,26.9,"Palacios, Richie",TB,2026,2026,0.37217534538441,0.7644657375426853,-0.3922903921582753,29,1.2017941680905582,0.0,-0.4373284305478728,17,0.086946957531014,-0.4792373496892891,2.627929472859536,-1.2449909967951402,12,0.004135281615382333
"Dubón, Mauricio",643289,144,ATL,LF,31,157,,4.4,26.8,"Dubón, Mauricio",ATL,2026,2026,0.6507885738439164,1.2000014392335383,-0.5492128653896221,30,2.0669503855072437,0.0,-0.8669489462737049,28,-0.491353251455417,-0.0578596139342047,-3.3696215336451045,-0.4893908665483587,2,0.004145150151872079
"O'Hearn, Ryan",656811,134,PIT,RF,32,128,,4.57,26.8,"O'Hearn, Ryan",PIT,2026,2026,-3.0823893247099834,-2.883379667859887,-0.1990096568500962,24,0.6913790509135194,-0.9386267645542644,-2.636131954219142,24,-0.1921029372811127,-0.0069067195689834,-3.081069481050886,-0.4394662796113724,0,-0.024081166599296745
"Baty, Brett",683146,121,NYM,3B,26,127,,4.42,26.8,"Baty, Brett",NYM,2026,2026,1.154926221334979,0.9653656875474104,0.1895605337875686,31,1.6133242458487906,0.0,-0.6479585583013805,25,0.2330162699654462,-0.0434557361778776,0.32440374517454,-0.3510664825628773,6,0.009093907254606133
"Springer, George",543807,141,TOR,DH,36,110,,4.64,26.8,"Springer, George",TOR,2026,2026,-1.0986575157516882,-0.6239769485512355,-0.4746805672004527,30,1.078653152794782,-0.817517605413485,-0.8851124959325325,24,-0.1363319618539157,-0.3383486053465371,-1.3649672273642497,-0.5518838141759842,6,-0.00998779559774262
"Rice, Ben",700250,147,NYY,1B,27,141,,4.56,26.8,"Rice, Ben",NYY,2026,2026,-0.9189459765045772,-1.135489735421376,0.2165437589167986,31,1.4643922197879338,-0.8758799043464418,-1.7240020508628682,29,0.310394499786963,-0.0938507408701644,-1.1430790763214955,-0.6973453163732152,2,-0.006517347351096292
"Larnach, Trevor",663616,142,MIN,LF,29,120,,4.61,26.8,"Larnach, Trevor",MIN,2026,2026,0.3237424517053728,1.4652152827991107,-1.141472831093738,38,2.335596258122113,0.0,-0.8703809753230014,35,-0.9237977245660992,-0.2176751065276377,-4.213905217081329,-1.309720436665819,3,0.00269785376421144
"Greene, Riley",682985,116,DET,LF,25,129,,4.72,26.7,"Greene, Riley",DET,2026,2026,-0.3583696008848949,-0.0140594236906288,-0.3443101771942661,39,1.8485426232895064,-0.8034141822351188,-1.0591878647450166,35,-0.4540697943674874,0.1097596171732216,-3.769994395634413,0.3268293369687594,4,-0.0027780589215883325
"Arraez, Luis",650333,137,SF,2B,29,189,,4.55,26.7,"Arraez, Luis",SF,2026,2026,1.4694015139589318,0.5713056827971216,0.8980958311618101,57,3.535344013286035,-1.5382709997529886,-1.4257673307359258,48,1.4619610146908022,-0.5638651835289926,3.3661455187467566,-1.758068228595504,9,0.007774611184967893
"Judge, Aaron",592450,147,NYY,RF,34,76,1.0,4.84,26.7,"Judge, Aaron",NYY,2026,2026,-0.286578198320994,0.2793135061639882,-0.5658917044849823,22,0.7921606657006595,0.0,-0.5128471595366714,15,-0.5814512135417876,0.0155595090568056,-0.2411606687896,-0.1318205726466486,7,-0.0037707657673815
"Julien, Edouard",666397,115,COL,2B,27,93,,4.54,26.7,"Julien, Edouard",COL,2026,2026,-0.5739862331879803,-0.0291894037100889,-0.5447968294778913,27,1.7175892754779245,-0.8736639111035048,-0.8731147680845082,22,-0.47778587543608,-0.0670109540418111,-2.445297031693141,-0.461919101901954,5,-0.0061718949805159165
"Stewart, Sal",701398,113,CIN,1B,22,141,,4.68,26.7,"Stewart, Sal",CIN,2026,2026,-1.1140470467829977,-2.362690804093956,1.2486437573109583,40,0.7825857371340725,-1.7402163290663826,-1.405060212161645,26,1.1397124897550386,0.1089312675559196,4.62274754347732,1.37111014779779,14,-0.007901042884985799
"Butler, Lawrence",671732,133,ATH,RF,25,111,,4.5,26.7,"Butler, Lawrence",ATH,2026,2026,-1.206348925937127,-0.5881647830776865,-0.6181841428594405,30,1.3398128807015228,-0.7613230710240557,-1.166654592755154,23,-0.4354765042346088,-0.1827076386248319,-0.9361660061319934,-0.1503775725844337,7,-0.010868008341775919
"Grisham, Trent",663757,147,NYY,CF,29,113,,4.53,26.7,"Grisham, Trent",NYY,2026,2026,-2.124955274800473,-2.5834526690878423,0.4584973942873696,28,1.5465952926448658,-2.3485541304829773,-1.7814938312497304,22,0.483048248761036,-0.0245508544736665,0.6815245417514655,-0.4330077229203254,6,-0.01880491393628737
"Marte, Ketel",606466,109,AZ,2B,32,153,1.0,4.49,26.6,"Marte, Ketel",AZ,2026,2026,0.3289929174916788,0.1301551158228369,0.1988378016688418,38,1.4060558289977427,0.0,-1.275900713174906,35,-0.0019399417231704,0.2007777433920121,-2.840236573815203,0.3783763130981069,3,0.0021502805064815608
"DeLauter, Chase",800050,114,CLE,RF,24,146,,4.5,26.6,"DeLauter, Chase",CLE,2026,2026,0.7262257401203696,0.9356446688384435,-0.2094189287180739,38,2.438454413367352,-0.7597274029764558,-0.7430823415524523,33,0.3145288211378343,-0.5239477498559081,-1.5563382606008829,-1.679971836065152,5,0.004974148904934038
"Kurtz, Nick",701762,133,ATH,1B,23,102,,4.47,26.6,"Kurtz, Nick",ATH,2026,2026,-0.3238090956422338,-0.718451534433001,0.3946424387907672,35,1.4869897202785916,-0.9334535071826392,-1.2719877475289532,28,0.3177169384191901,0.076925500371577,-0.1777209713111349,-0.0401015234244774,7,-0.003174598976884645
"Sheets, Gavin",657757,135,SD,1B,30,125,,4.51,26.6,"Sheets, Gavin",SD,2026,2026,-0.9824432942166984,-1.2670536843485745,0.2846103901318761,23,0.9968065807049488,-0.9386267645542644,-1.3252335004992593,21,0.3195508277548053,-0.034940437622929,0.1610963694196333,-0.3957896431414881,2,-0.007859546353733588
"Benintendi, Andrew",643217,145,CWS,DH,31,99,,4.48,26.6,"Benintendi, Andrew",CWS,2026,2026,-0.8301890370484346,-0.7909907356431819,-0.0391983014052527,23,1.393042478210072,-0.8759477873527776,-1.3080854265004762,23,-0.1200649106436599,0.0808666092384072,-2.250366247148446,-0.1995644228042357,0,-0.008385747848974086
"Betts, Mookie",605141,119,LAD,SS,33,81,,4.6,26.5,"Betts, Mookie",LAD,2026,2026,-0.3731201447225294,0.3184305344699507,-0.6915506791924801,21,1.0210993751055983,0.0,-0.7026688406356477,18,-0.243648050573422,-0.4479026286190582,-2.294919041668007,-1.197703181296407,3,-0.004606421539784314
"Montgomery, Colson",695657,145,CWS,SS,24,92,,4.66,26.5,"Montgomery, Colson",CWS,2026,2026,-2.4122582741895897,-1.816766352868264,-0.5954919213213259,26,1.1469425965989242,-1.7897231088404597,-1.1739858406267285,25,-0.5890102246016181,-0.0064816967197078,-3.549301439264266,-0.3087703078796395,1,-0.02622019863249554
"Lee, Brooks",686797,142,MIN,3B,25,152,,4.46,26.4,"Lee, Brooks",MIN,2026,2026,0.4712111055274803,0.4996760224842165,-0.0284649169567362,33,1.2495849061009128,0.0,-0.7499088836166964,25,0.0380134360947828,-0.0664783530515189,0.4413793047318423,-0.6165870887888732,8,0.0031000730626807916
"Torkelson, Spencer",679529,116,DET,1B,26,93,1.0,4.73,26.4,"Torkelson, Spencer",DET,2026,2026,-0.8214140797570277,-0.1737703279516225,-0.6476437518054052,25,0.9478066141078144,0.0,-1.1215769420594377,24,-0.5818713452455477,-0.0657724065598575,-2.945564059216874,-0.5932613056487516,1,-0.008832409459752987
"Caminero, Junior",691406,139,TB,3B,22,170,,4.62,26.4,"Caminero, Junior",TB,2026,2026,-1.1154820408764377,-0.2880434283102785,-0.8274386125661591,24,1.06067598368265,0.0,-1.3487194119929289,23,-0.7610721885120593,-0.0663664240541001,-5.549866560746052,-0.6068437215728909,1,-0.006561659063979045
"Okamoto, Kazuma",672960,141,TOR,3B,30,128,,4.49,26.3,"Okamoto, Kazuma",TOR,2026,2026,-1.6447063833082909,-1.5442416881094283,-0.1004646951988626,26,1.142903031037238,-0.8649024163777533,-1.8222423027689127,25,-0.0571065832974977,-0.0433581119013649,-2.1210671603166538,-0.4327611941825552,1,-0.012849268619596023
"Tucker, Kyle",663656,119,LAD,RF,29,117,,4.55,26.3,"Tucker, Kyle",LAD,2026,2026,0.658970840138478,0.2133964670895586,0.4455743730489194,32,1.5056647201147653,0.0,-1.2922682530252068,28,0.3030935348150082,0.1424808382339112,-1.2252045244967555,0.6048122079558951,4,0.005632229402892974
"Guerrero Jr., Vladimir",665489,141,TOR,1B,27,168,,4.58,26.2,"Guerrero Jr., Vladimir",TOR,2026,2026,-0.8147168838636762,-0.7737739507356409,-0.0409429331280353,44,2.5094533920520865,-0.7706109213554042,-2.5126164214323228,38,0.0612371147625549,-0.1021800478905901,-1.1021335256387048,-0.756924404750829,6,-0.004849505261093311
"Bregman, Alex",608324,112,CHC,3B,32,154,,4.66,26.2,"Bregman, Alex",CHC,2026,2026,-0.1525840786724676,0.4000971336744991,-0.5526812123469668,24,1.774002330402492,0.0,-1.3739051967279925,22,-0.5005032396040441,-0.0521779727429225,-4.100429071354824,-0.5574732444692305,2,-0.000990805705665374
"Bell, Josh",605137,142,MIN,DH,33,138,,4.71,26.1,"Bell, Josh",MIN,2026,2026,-2.725739980508063,-2.4862431223114854,-0.2394968581965779,28,1.1605124378052591,-1.8772535291085288,-1.769502031008216,28,-0.1805634310566108,-0.058933427139967,-2.7234747472907737,-0.4985853457748487,0,-0.019751738989188864
"Eldridge, Bryce",805811,137,SF,DH,21,77,,4.52,26.1,"Eldridge, Bryce",SF,2026,2026,-2.34835772931592,-2.50362395056343,0.1552662212475104,21,0.3680488310573689,-0.8542687057880373,-2.0174040758327623,20,0.2300601289021753,-0.0747939076546649,-0.7211892714854462,-0.5709436998528792,1,-0.030498152328778182
"Johnston, Troy",687859,115,COL,RF,29,122,,4.5,26.1,"Johnston, Troy",COL,2026,2026,-0.5795367669612698,0.2598518611554403,-0.8393886281167101,40,1.903449412728271,-0.7582516827187632,-0.8853458688540675,33,-1.1752416137759454,0.335852985659236,-4.016665273251452,1.396877103892056,7,-0.004750301368534998
"Díaz, Yandy",650490,139,TB,DH,34,186,,4.66,26.1,"Díaz, Yandy",TB,2026,2026,-1.3337020158163388,-1.1433222571820665,-0.1903797586342726,35,2.1598278676143696,-0.7730884116597126,-2.530061713136724,33,-0.0670254964883873,-0.1233542621458854,-3.2090961132214995,-0.86422212709072,2,-0.0071704409452491335
"Devers, Rafael",646240,137,SF,1B,29,147,1.0,4.61,26.1,"Devers, Rafael",SF,2026,2026,-0.4758821232306149,-0.222649730771136,-0.2532323924594789,36,1.89446245036502,0.0,-2.1171121811361564,36,-0.1769054329460769,-0.0763269595134019,-3.072536321123584,-0.5839175058056717,0,-0.0032372933553103055
"Bichette, Bo",666182,121,NYM,3B,28,165,,4.7,26.0,"Bichette, Bo",NYM,2026,2026,-1.975670830537876,-1.326939530195152,-0.648731300342724,31,1.8875487474620152,-0.8925068144020936,-2.3219814632550744,29,-0.4822107397260329,-0.1665205606166912,-3.441256764789176,-1.145416045388639,2,-0.011973762609320461
"Moreno, Gabriel",672515,109,AZ,C,26,127,,4.49,26.0,"Moreno, Gabriel",AZ,2026,2026,-0.2161273799290938,-0.4521801173566802,0.2360527374275863,34,1.0904268298015802,0.0,-1.5426069471582609,29,0.2396380265261947,-0.0035852890986082,0.3942923305597369,-0.477436615164039,5,-0.001701790393142471
"Baldwin, Drake",686948,144,ATL,C,25,124,1.0,4.44,26.0,"Baldwin, Drake",ATL,2026,2026,-0.4541256333042712,-0.5576122897753735,0.1034866564711022,21,1.2675731933117909,0.0,-1.8251854830871648,19,0.1773585803863344,-0.0738719239152322,-1.5447776507211748,-0.521692748439315,2,-0.003662303494389284
"Herrera, Iván",671056,138,STL,DH,26,174,,4.73,25.9,"Herrera, Iván",STL,2026,2026,-2.4334122398401394,-3.487135115200064,1.0537228753599244,37,1.2327244599142742,-2.748941715833542,-1.9709178592807963,31,1.0991300228378065,-0.0454071474778826,2.222463473698552,-0.6395968698827368,6,-0.013985127815173215
"Busch, Michael",683737,112,CHC,1B,28,152,,4.65,25.9,"Busch, Michael",CHC,2026,2026,-2.873029317729063,-2.3845621475544,-0.4884671701746626,27,0.8466503952913824,-1.643766961489684,-1.5874455813560988,25,-0.4481662351963995,-0.0403009349782631,-3.6794205088673615,-0.6612349852074941,2,-0.01890150866927015
"Soto, Juan",665742,121,NYM,LF,27,106,,4.48,25.9,"Soto, Juan",NYM,2026,2026,-1.191067156176792,-0.6074745762830491,-0.5835925798937429,27,1.4000299086745969,-0.7824332651677162,-1.2250712197899298,22,-0.716268929270362,0.1326763493766192,-3.353658448979684,0.5150310412292147,5,-0.011236482605441434
"Contreras, William",661388,158,MIL,C,28,150,,4.59,25.9,"Contreras, William",MIL,2026,2026,-2.340472201441111,-1.1872346859584972,-1.1532375154826138,22,0.9603070524605714,0.0,-2.1475417384190685,19,-1.028161219967399,-0.1250762955152143,-6.362952137855561,-0.8371337828808684,3,-0.015603148009607408
"Walker, Christian",572233,117,HOU,1B,35,149,,4.7,25.8,"Walker, Christian",HOU,2026,2026,-0.077726768243693,0.1534806845739547,-0.2312074528176477,31,1.3429589130931516,-0.7515719592010688,-0.437906269318128,31,-0.1110502939025601,-0.1201571589150876,-2.942740396046848,-0.7896591017618766,0,-0.0005216561627093489
"Jung, Josh",673962,140,TEX,3B,28,159,,4.73,25.8,"Jung, Josh",TEX,2026,2026,-1.600046387950917,-1.4339165472016386,-0.1661298407492784,34,1.0683841429708316,-0.7670998586001767,-1.735200831572293,33,-0.2516638052954128,0.0855339645461345,-3.831823633421335,0.2140269824049051,1,-0.010063184829879982
"Schanuel, Nolan",694384,108,LAA,1B,24,144,,4.59,25.8,"Schanuel, Nolan",LAA,2026,2026,-0.6253844584255701,-0.5559528303716788,-0.0694316280538913,32,2.318348357969612,-0.8148028457225664,-2.059498342618725,31,-0.0759443881539763,0.006512760100085,-2.9799236320202693,-0.299812489562316,1,-0.004342947627955348
"Hicks, Liam",689414,146,MIA,DH,27,155,,4.64,25.8,"Hicks, Liam",MIA,2026,2026,-4.50559835508496,-4.525339925329976,0.0197415702450161,26,1.4207254759075802,-3.476702849993969,-2.469362551243585,22,0.3102404812717039,-0.290498911026688,-1.2398929602297677,-0.3992670463838483,4,-0.029068376484419095
"Kelly, Carson",608348,112,CHC,C,31,105,,4.81,25.8,"Kelly, Carson",CHC,2026,2026,-0.6265998877634185,-0.4639806349578176,-0.1626192528056008,21,0.576969062019867,0.0,-1.0409496969776848,21,-0.1520334093269812,-0.0105858434786196,-2.8040334939749063,-0.3579174993427149,0,-0.005967617978699224
"Pasquantino, Vinnie",686469,118,KC,1B,28,93,,4.75,25.7,"Pasquantino, Vinnie",KC,2026,2026,-1.3629375658483167,-1.5051539273076089,0.142216361459292,27,0.8446737345909164,-0.9566627430697872,-1.3931649188287376,25,0.1374493580845405,0.0047670033747515,-0.98278993116879,-0.2926466796536754,2,-0.014655242643530287
"Aranda, Jonathan",666018,139,TB,1B,28,124,,4.56,25.6,"Aranda, Jonathan",TB,2026,2026,-2.4239421543369546,-2.103257417174256,-0.3206847371626982,25,0.957766987153742,-0.8583281327343844,-2.2026962715936134,25,-0.2112219142499089,-0.1094628229127895,-3.7938498758718615,-0.7654519248726495,0,-0.01954792059949157
"Burleson, Alec",676475,138,STL,1B,27,162,,4.48,25.5,"Burleson, Alec",STL,2026,2026,-0.2732926211737761,-0.2285117087118574,-0.0447809124619186,42,1.7311292584879263,0.0,-1.959640967199784,38,0.0656017039816031,-0.1103826164435216,-0.4143607034214586,-0.8327028309889866,4,-0.0016869914887270132
"Olson, Matt",621566,144,ATL,1B,32,146,,4.76,25.4,"Olson, Matt",ATL,2026,2026,-0.4642589930341286,-0.327906264738264,-0.1363527282958646,40,1.9819294190478405,-0.9713049661354412,-1.3385307176506631,39,-0.001077870852675,-0.1352748574431896,-2.1269172719879226,-0.9253526991847408,1,-0.003179856116672114
"Freeman, Freddie",518692,119,LAD,1B,36,158,,4.72,25.3,"Freeman, Freddie",LAD,2026,2026,-1.3709107768310047,-1.7191972498378312,0.3482864730068263,46,1.775006313103689,-1.7494024294400004,-1.74480113350152,43,0.4540981758194177,-0.1058117028125914,-0.603433004976318,-0.8408211396325311,3,-0.008676650486272182
"Arenado, Nolan",571448,109,AZ,3B,35,126,,4.76,25.3,"Arenado, Nolan",AZ,2026,2026,-1.198808947969863,-1.441259695551445,0.2424507475815821,28,1.1320860411266898,-0.9180864682949664,-1.6552592683831682,26,0.2459803652180505,-0.0035296176364685,-0.0516381015149612,-0.373830336338589,2,-0.009514356729919547
"Alonso, Pete",624413,110,BAL,1B,31,123,,4.82,25.3,"Alonso, Pete",BAL,2026,2026,-1.8036329869048664,-1.5298315184108042,-0.2738014684940623,30,1.2071987705805038,-0.8288645651203285,-1.9081657238709804,26,-0.1689654688723733,-0.104835999621689,-2.434323476760072,-0.8265019848495527,4,-0.014663682820364768
"Pederson, Joc",592626,140,TEX,DH,34,92,,4.59,25.2,"Pederson, Joc",TEX,2026,2026,-0.323310528307945,-0.4788417470521078,0.1555312187441627,23,1.295783616061593,-0.8552177035364178,-0.9194076595772832,21,0.1994360010494477,-0.0439047823052849,-0.7485965334524176,-0.3053727334513337,2,-0.0035142448729124456
"Machado, Manny",592518,135,SD,3B,33,117,,4.77,25.1,"Machado, Manny",SD,2026,2026,-2.885690090107224,-1.9605187809827136,-0.9251713091245108,32,0.8903065393953118,-0.978039145969182,-1.8727861744088432,29,-0.5466793120100152,-0.3784919971144957,-4.13564138416251,-0.8252250382583184,3,-0.02466401786416431
"Paredes, Isaac",670623,117,HOU,3B,27,101,,4.96,25.0,"Paredes, Isaac",HOU,2026,2026,-0.9262198024030678,-0.6765195049763391,-0.2497002974267287,24,0.7594134544189218,0.0,-1.4359329593952614,24,-0.2104380618446931,-0.0392622355820356,-3.27979833870831,-0.5304538932795143,0,-0.00917049309309968
"Rumfield, TJ",681198,115,COL,1B,26,150,,4.69,25.0,"Rumfield, TJ",COL,2026,2026,-3.117636461707799,-2.105308394381631,-1.0123280673261683,34,1.248467929682082,0.0,-3.3537763240637117,33,-0.2519268181269827,-0.7604012491991851,-3.6744937081426494,-2.87355394208645,1,-0.020784243078051993
"Alvarez, Yordan",670541,117,HOU,DH,29,93,,4.75,24.9,"Alvarez, Yordan",HOU,2026,2026,-3.647670942085472,-2.972241694817633,-0.675429247267839,31,0.8268075630773535,-0.865992014213558,-2.933057243681429,29,-0.0317660076109465,-0.6436632396568922,-3.9687350020271626,-2.3723158918805662,2,-0.03922226819446744
"France, Ty",664034,135,SD,1B,31,90,,4.9,24.8,"France, Ty",SD,2026,2026,-2.4384980056317174,-1.801556868239101,-0.6369411373926163,21,0.5875411089841263,-1.594049812094585,-0.7950481651286425,20,-0.5823734824306827,-0.0545676549619333,-3.643550063762993,-0.3422510533268597,1,-0.02709442228479686
"Horwitz, Spencer",687462,134,PIT,1B,28,100,,4.75,24.9,"Horwitz, Spencer",PIT,2026,2026,-1.615467939949366,-1.4276464929471997,-0.1878214470021665,22,1.124986839416786,-0.8071136346541143,-1.745519697709872,21,-0.1495055169917069,-0.0383159300104594,-3.039909043086934,-0.3464346631710279,1,-0.016154679399493662
"Naylor, Josh",647304,136,SEA,1B,29,149,,4.75,24.6,"Naylor, Josh",SEA,2026,2026,-1.11371282877546,-3.826195072800848,2.7124822440253875,45,0.706743264431182,-2.6133985621918834,-1.9195397750401464,26,2.487391983746239,0.2250902602791498,11.005650852172844,0.6571480833590779,19,-0.007474582743459464
