"last_name, first_name","player_id","team_id","team","position","age","competitive_runs","bolts","hp_to_1b","sprint_speed"
"Bolte, Henry",703607,133,"ATH","CF",22,"100","64","4.16","30.6"
"Cauley, Cam",695508,140,"TEX","CF",23,"18","11","4.13","30.4"
"Mateo, Jorge",622761,144,"ATL","SS",31,"51","28","4.12","30.3"
"White, Eli",642201,144,"ATL","RF",32,"75","39","4.22","30.3"
"Witt Jr., Bobby",677951,118,"KC","SS",26,"144","71","4.16","30.3"
"Troy, Tommy",694371,109,"AZ","LF",24,"54","29","4.16","30.1"
"Griffin, Konnor",804606,134,"PIT","SS",20,"108","48","4.27","29.9"
"McCarthy, Jake",664983,115,"COL","CF",28,"168","63","4.18","29.9"
"Acuña, Luisangel",682668,145,"CWS","SS",24,"88","38","4.21","29.8"
"Siri, Jose",642350,108,"LAA","CF",30,"46","17","4.21","29.8"
"Mitchell, Garrett",669003,158,"MIL","CF",27,"142","48","4.08","29.8"
"Buxton, Byron",621439,142,"MIN","CF",32,"98","33","4.14","29.8"
"Turner, Trea",607208,143,"PHI","SS",33,"155","59","4.26","29.8"
"Straw, Myles",664702,141,"TOR","CF",31,"72","26","4.16","29.7"
"Nuñez, Nasim",683083,120,"WSH","2B",25,"138","48","4.16","29.8"
"Scott II, Victor",687363,138,"STL","CF",25,"70","29","4.16","29.7"
"Carroll, Corbin",682998,109,"AZ","RF",25,"152","44","4.13","29.7"
"Hill, Derek",656537,143,"PHI","CF",30,"43","12","4.27","29.6"
"Crawford, Justin",702222,143,"PHI","CF",22,"134","53","4.16","29.6"
"Dunn, Blake",694362,113,"CIN","CF",27,"58","27","4.21","29.6"
"Teodosio, Bryce",669326,108,"LAA","LF",27,"17","4","4.22","29.6"
"Fernandez, Jose",699912,109,"AZ","1B",22,"61","9","4.34","29.5"
"Crow-Armstrong, Pete",691718,112,"CHC","CF",24,"140","29","4.26","29.5"
"Simpson, Chandler",802415,139,"TB","LF",25,"223","79","3.98","29.5"
"Ruiz, Esteury",665923,146,"MIA","LF",27,"35","12",,"29.5"
"Cook, Billy",695257,134,"PIT","CF",27,"20","4",,"29.5"
"Eaton, Nate",681987,111,"BOS","LF",29,"14","6",,"29.5"
"Mangum, Jake",663968,134,"PIT","CF",30,"148","37","4.04","29.5"
"Ewing, A.J.",805999,121,"NYM","CF",21,"97","29","4.15","29.4"
"Tolbert, Tyler",686475,118,"KC","SS",28,"38","5","4.27","29.4"
"Bowen, Jase",687749,135,"SD","RF",25,"20","8",,"29.4"
"Hamilton, David",666152,158,"MIL","3B",28,"78","43","4.02","29.4"
"Crews, Dylan",686611,120,"WSH","RF",24,"87","4","4.28","29.3"
"Lile, Daylen",695734,120,"WSH","LF",23,"151","23","4.21","29.3"
"Young, Jacob",696285,120,"WSH","CF",26,"121","20","4.30","29.3"
"Smith, Cam",701358,117,"HOU","RF",23,"143","24","4.37","29.2"
"Taylor, Samad",669392,135,"SD","LF",27,"29","2","4.24","29.2"
"Peña, Jeremy",665161,117,"HOU","SS",28,"104","15","4.35","29.2"
"Lockridge, Brandon",663604,158,"MIL","LF",29,"43","7","4.30","29.2"
"Marte, Noelvi",682622,113,"CIN","RF",24,"66","6","4.36","29.2"
"Walker, Jordan",691023,138,"STL","RF",24,"156","21","4.35","29.2"
"Thomas, Lane",657041,118,"KC","CF",30,"108","15","4.38","29.1"
"Robert Jr., Luis",673357,121,"NYM","CF",28,"50","4","4.34","29.1"
"Rafaela, Ceddanne",678882,111,"BOS","CF",25,"179","21","4.11","29.1"
"Duran, Jarren",680776,111,"BOS","LF",29,"128","9","4.22","29.1"
"Ortiz, Joey",687401,158,"MIL","SS",27,"107","10","4.33","29.1"
"Hicklen, Brewer",676551,144,"ATL","RF",30,"14","1",,"29.0"
"Malgeri, Ben",701162,116,"DET","RF",26,"20","2","4.26","29.0"
"Shaw, Matt",807713,112,"CHC","RF",24,"52","4","4.31","29.0"
"Taylor, Tyrone",621438,121,"NYM","LF",32,"54","3","4.46","29.0"
"Cheng, Tsung-Che",691907,111,"BOS","SS",24,"14","1",,"29.0"
"DeLuca, Jonny",676356,139,"TB","RF",27,"86","19","4.28","29.0"
"Duran, Ezequiel",677649,140,"TEX","SS",27,"146","12","4.26","29.0"
"Beavers, Dylan",687637,110,"BAL","RF",24,"63","1","4.23","29.0"
"Taveras, Leody",665750,110,"BAL","CF",27,"113","30","4.28","29.0"
"Merrill, Jackson",701538,135,"SD","CF",23,"135","11","4.24","28.9"
"Tatis Jr., Fernando",665487,135,"SD","RF",27,"173","20","4.32","28.9"
"Waldschmidt, Ryan",814439,109,"AZ","CF",23,"56","1","4.31","28.9"
"Wiemer, Joey",686894,120,"WSH","RF",27,"31","1","4.27","28.9"
"Carter, Evan",694497,140,"TEX","CF",23,"91","28","4.16","28.9"
"Jones, Spencer",682987,147,"NYY","CF",25,"20","5",,"28.8"
"Rodríguez, Julio",677594,136,"SEA","CF",25,"137","21","4.33","28.8"
"Gonzales, Nick",693304,134,"PIT","3B",27,"187","7","4.33","28.8"
"Meckler, Wade",685133,108,"LAA","LF",26,"68","13","4.12","28.8"
"Lawlar, Jordan",691783,109,"AZ","CF",23,"10","3",,"28.8"
"Keaschall, Luke",807712,142,"MIN","2B",23,"157","1","4.25","28.8"
"Carrigg, Cole",694249,115,"COL","CF",24,"57","4","4.14","28.8"
"Benson, Will",666181,113,"CIN","RF",28,"24","6",,"28.8"
"Kim, Hyeseong",808975,119,"LAD","SS",27,"52",,"4.09","28.8"
"Gelof, Zack",680869,133,"ATH","3B",26,"93","6","4.36","28.8"
"Pratt, Cooper",806198,158,"MIL","SS",21,"46","1","4.41","28.7"
"Doyle, Brenton",686668,115,"COL","CF",28,"42","7","4.33","28.7"
"Sanoja, Javier",691594,146,"MIA","3B",23,"142","17","4.23","28.7"
"Chourio, Jackson",694192,158,"MIL","LF",22,"118","27","4.22","28.7"
"Perkins, Blake",663368,158,"MIL","CF",29,"51","3","4.29","28.7"
"Domínguez, Jasson",691176,147,"NYY","RF",23,"64","10","4.26","28.7"
"Matthews, Brice",694728,117,"HOU","CF",24,"66","1","4.35","28.6"
"Frelick, Sal",686217,158,"MIL","RF",26,"142","15","4.24","28.7"
"Sosa, Edmundo",624641,143,"PHI","LF",30,"65","12","4.40","28.6"
"Peters, Tristan",671976,145,"CWS","CF",26,"131","5","4.26","28.6"
"Raley, Luke",670042,136,"SEA","RF",31,"78",,"4.32","28.6"
"Arroyo, Edwin",695490,113,"CIN","2B",22,"35",,"4.32","28.6"
"Turang, Brice",668930,158,"MIL","2B",26,"182","1","4.29","28.6"
"Harris, Dustin",687957,117,"HOU","LF",26,"23",,"4.19","28.6"
"Hernández, Heriberto",681715,146,"MIA","LF",26,"84",,"4.37","28.6"
"Robles, Victor",645302,136,"SEA","RF",29,"41","7","4.37","28.6"
"Trout, Mike",545361,108,"LAA","CF",34,"110","5","4.42","28.6"
"Peraza, Oswald",672724,108,"LAA","2B",26,"97",,"4.39","28.6"
"McLain, Matt",680574,113,"CIN","2B",26,"73",,"4.33","28.5"
"Koss, Christian",683766,137,"SF","3B",28,"19",,,"28.5"
"Abrams, CJ",682928,120,"WSH","SS",25,"129","10","4.28","28.5"
"Jones, Jahmai",663330,111,"BOS","DH",28,"32",,"4.37","28.5"
"Stott, Bryson",681082,143,"PHI","2B",28,"131","2","4.26","28.5"
"Benge, Carson",701807,121,"NYM","RF",23,"151","2","4.27","28.5"
"Steer, Spencer",668715,113,"CIN","1B",28,"121","1","4.44","28.5"
"De La Cruz, Elly",682829,113,"CIN","SS",24,"122","8","4.35","28.5"
"Osuna, Alejandro",696030,140,"TEX","LF",23,"92",,"4.21","28.5"
"Vilade, Ryan",668723,139,"TB","RF",27,"61",,"4.47","28.5"
"Clarke, Denzel",672016,133,"ATH","CF",26,"21","4","4.31","28.5"
"Halpin, Petey",690984,114,"CLE","CF",24,"30",,"4.34","28.5"
"Volpe, Anthony",683011,147,"NYY","SS",25,"65",,"4.33","28.5"
"Montgomery, Braden",695731,145,"CWS","RF",23,"71",,"4.32","28.4"
"Rosario, Amed",642708,147,"NYY","3B",30,"51","3","4.42","28.4"
"Langeliers, Shea",669127,133,"ATH","C",28,"121",,"4.52","28.4"
"Church, Nathan",701675,138,"STL","CF",25,"114",,"4.26","28.4"
"Barrosa, Jorge",678489,109,"AZ","CF",25,"44","2",,"28.4"
"Spence, Lucas",828599,117,"HOU","CF",23,"14",,,"28.4"
"Langford, Wyatt",694671,140,"TEX","LF",24,"83","1","4.34","28.4"
"Cruz, Oneil",665833,134,"PIT","CF",27,"100","8","4.37","28.4"
"Lopez, Otto",672640,146,"MIA","SS",27,"228","3","4.22","28.4"
"Triolo, Jared",669707,134,"PIT","SS",28,"103",,"4.42","28.4"
"Holliday, Jackson",702616,110,"BAL","2B",22,"57","2","4.29","28.4"
"Chisholm Jr., Jazz",665862,147,"NYY","2B",28,"94","7","4.24","28.4"
"Swanson, Dansby",621020,112,"CHC","SS",32,"146","1","4.33","28.4"
"Lara, Luis",800325,158,"MIL","RF",21,"28","1",,"28.3"
"Hoerner, Nico",663538,112,"CHC","2B",29,"201",,"4.36","28.3"
"Rodriguez, Jesus",683679,137,"SF","C",24,"26",,"4.43","28.3"
"Loperfido, Joey",694388,117,"HOU","LF",27,"42","1","4.28","28.3"
"Fraley, Jake",641584,139,"TB","RF",31,"28","1","4.27","28.3"
"Workman, Gage",669398,116,"DET","3B",26,"11",,,"28.3"
"Reyes, Felix",694025,143,"PHI","LF",25,"12",,,"28.3"
"Cronenworth, Jake",630105,135,"SD","2B",32,"80","1","4.30","28.3"
"Vargas, Miguel",678246,145,"CWS","3B",26,"124",,"4.39","28.3"
"Bazzana, Travis",683953,114,"CLE","2B",23,"108","3","4.24","28.3"
"Vierling, Matt",663837,116,"DET","CF",29,"93","1","4.50","28.3"
"Moniak, Mickey",666160,115,"COL","LF",28,"73","1","4.37","28.3"
"Hernández, Teoscar",606192,119,"LAD","LF",33,"95","1","4.40","28.3"
"Winn, Masyn",691026,138,"STL","SS",24,"137","3","4.35","28.3"
"Fulford, Braxton",690924,115,"COL","C",27,"17","1",,"28.3"
"Alexander, Blaze",677942,110,"BAL","3B",27,"86","3","4.43","28.3"
"Haase, Eric",606992,137,"SF","C",33,"21",,"4.48","28.3"
"Meadows, Parker",678009,116,"DET","CF",26,"16",,,"28.3"
"Pages, Andy",681624,119,"LAD","CF",25,"153",,"4.38","28.3"
"Henderson, Gunnar",683002,110,"BAL","SS",25,"169","2","4.25","28.3"
"Watson, Kahlil",696135,114,"CLE","RF",23,"27",,"4.30","28.3"
"McGonigle, Kevin",805808,116,"DET","SS",21,"155","3","4.35","28.2"
"Edwards, Xavier",669364,146,"MIA","2B",26,"178","4","4.23","28.2"
"Keith, Colt",690993,116,"DET","3B",24,"109","1","4.32","28.2"
"Pérez, Wenceel",672761,116,"DET","RF",26,"69",,"4.28","28.2"
"Johnson, Bryce",669369,135,"SD","RF",30,"20","1",,"28.2"
"Lee, Hao-Yu",701678,116,"DET","2B",23,"67",,"4.42","28.2"
"Nimmo, Brandon",607043,140,"TEX","RF",33,"155","7","4.22","28.2"
"Ramírez, Pedro",699393,112,"CHC","2B",22,"50","2","4.25","28.2"
"Loftin, Nick",679845,118,"KC","3B",27,"114",,"4.53","28.2"
"Realmuto, J.T.",592663,143,"PHI","C",35,"105",,"4.44","28.2"
"Antonacci, Sam",803011,145,"CWS","LF",23,"146",,"4.33","28.2"
"Sullivan, Brett",664954,115,"COL","C",32,"48",,"4.35","28.2"
"Caissie, Owen",683357,146,"MIA","RF",23,"65",,"4.29","28.2"
"Shewmake, Braden",669699,158,"MIL","SS",28,"32",,"4.43","28.2"
"Thomas, Colby",687515,133,"ATH","RF",25,"34",,"4.33","28.2"
"Haggerty, Sam",664059,140,"TEX","",32,"16","1",,"28.2"
"Castro, Willi",650489,115,"COL","2B",29,"107","1","4.26","28.2"
"Beck, Jordan",687597,115,"COL","LF",25,"28",,"4.41","28.2"
"Marsh, Brandon",669016,143,"PHI","LF",28,"125",,"4.39","28.1"
"Williamson, Ben",810938,139,"TB","2B",25,"116",,"4.50","28.1"
"Abreu, Wilyer",677800,111,"BOS","RF",27,"135","3","4.29","28.1"
"Norby, Connor",681393,146,"MIA","1B",26,"74",,"4.50","28.1"
"Reynolds, Bryan",668804,134,"PIT","LF",31,"157",,"4.38","28.1"
"Semien, Marcus",543760,121,"NYM","2B",35,"103",,"4.42","28.1"
"Chapman, Matt",656305,137,"SF","3B",33,"133",,"4.44","28.1"
"Caballero, José",676609,147,"NYY","SS",29,"116",,"4.27","28.1"
"Adell, Jo",666176,108,"LAA","RF",27,"145",,"4.53","28.1"
"O'Neill, Tyler",641933,110,"BAL","RF",31,"53",,"4.49","28.1"
"Sogard, Nick",686765,111,"BOS","2B",28,"21",,,"28.1"
"Black, Tyler",672012,158,"MIL","DH",25,"14",,,"28.0"
"Nishida, Rikuu",807747,145,"CWS","RF",25,"13","2",,"28.0"
"Schmitt, Casey",669477,137,"SF","LF",27,"114",,"4.53","28.0"
"Lowe, Josh",666139,108,"LAA","LF",28,"48","2","4.30","28.0"
"Durbin, Caleb",702332,111,"BOS","3B",26,"165",,"4.42","28.0"
"Outman, James",681546,116,"DET","CF",29,"55","1","4.28","28.0"
"Valdez, Esmerlyn",699013,134,"PIT","RF",22,"41",,"4.54","28.0"
"Callihan, Tyler",682997,134,"PIT","RF",26,"28",,,"28.0"
"Cole, Zach",805904,117,"HOU","LF",25,"15","1",,"28.0"
"Laureano, Ramón",657656,135,"SD","LF",31,"59",,"4.30","28.0"
"House, Brady",691781,120,"WSH","3B",23,"73",,"4.45","28.0"
"Tovar, Ezequiel",678662,115,"COL","SS",24,"112",,"4.41","27.9"
"Meyers, Jake",676694,117,"HOU","CF",30,"52",,"4.49","27.9"
"Slater, Austin",596103,139,"TB","RF",33,"26",,"4.43","27.9"
"Jarvis, Jim",805347,144,"ATL","SS",25,"44",,"4.32","27.9"
"Jiménez, Leo",677870,146,"MIA","3B",25,"49",,"4.46","27.9"
"Clement, Ernie",676391,141,"TOR","2B",30,"185","1","4.35","27.9"
"Mesa Jr., Victor",683748,139,"TB","RF",24,"35",,"4.32","27.9"
"Cowser, Colton",681297,110,"BAL","CF",26,"65",,"4.23","27.9"
"Davis, Henry",680779,134,"PIT","C",26,"67",,"4.51","27.9"
"Garcia, Jhostynxon",691373,134,"PIT","CF",23,"17",,,"27.9"
"McKinstry, Zach",656716,116,"DET","2B",31,"107",,"4.31","27.9"
"Young, Cole",702284,136,"SEA","2B",22,"146",,"4.30","27.9"
"Happ, Ian",664023,112,"CHC","LF",31,"138",,"4.38","27.9"
"Myers, Dane",667472,113,"CIN","CF",30,"54",,"4.42","27.9"
"Clemens, Kody",665019,142,"MIN","1B",30,"108","1","4.32","27.9"
"Story, Trevor",596115,111,"BOS","SS",33,"64",,"4.41","27.9"
"Mayo, Coby",691723,110,"BAL","3B",24,"74",,"4.48","27.9"
"Kreidler, Ryan",668952,142,"MIN","SS",28,"87",,"4.43","27.9"
"Muncy, Max",691777,133,"ATH","3B",23,"53",,"4.47","27.9"
"Guzman, Denzer",694203,108,"LAA","3B",22,"56",,"4.47","27.9"
"Mullins, Cedric",656775,139,"TB","CF",31,"71","3","4.34","27.9"
"Walls, Taylor",670764,139,"TB","SS",29,"96",,"4.42","27.9"
"Saggese, Thomas",695336,138,"STL","LF",24,"28",,"4.32","27.9"
"Riley, Austin",663586,144,"ATL","3B",29,"127",,"4.55","27.8"
"Dezenzo, Zach",701305,117,"HOU","LF",26,"34",,"4.52","27.8"
"Marsee, Jakob",805300,146,"MIA","CF",25,"110",,"4.38","27.8"
"Call, Alex",669743,119,"LAD","LF",31,"64",,"4.35","27.8"
"Jensen, Carter",695600,118,"KC","C",22,"112",,"4.36","27.8"
"Suzuki, Seiya",673548,112,"CHC","RF",31,"117",,"4.40","27.8"
"Kuroda-Grauer, Joshua",811965,133,"ATH","3B",23,"37",,"4.44","27.8"
"Williams, Carson",700246,139,"TB","SS",23,"10",,,"27.8"
"Thomas, Alek",677950,109,"AZ","CF",26,"39",,"4.29","27.8"
"Neto, Zach",687263,108,"LAA","SS",25,"119",,"4.39","27.8"
"Lewis, Royce",668904,142,"MIN","1B",27,"91",,"4.32","27.8"
"Schuemann, Max",680474,147,"NYY","LF",29,"36",,,"27.8"
"Martin, Austin",668885,142,"MIN","RF",27,"124",,"4.49","27.8"
"Lopez, Nicky",670032,140,"TEX","2B",31,"86",,"4.21","27.8"
"Tena, José",677588,120,"WSH","DH",25,"86","1","4.25","27.7"
"Adames, Willy",642715,137,"SF","SS",30,"116",,"4.43","27.7"
"Smith, Josh",669701,140,"TEX","2B",28,"52",,"4.40","27.7"
"India, Jonathan",663697,118,"KC","2B",29,"14",,,"27.7"
"Jackson, Alex",656577,142,"MIN","C",30,"25",,"4.51","27.7"
"Ramírez, José",608070,114,"CLE","3B",33,"110",,"4.36","27.7"
"McCutchen, Andrew",457705,140,"TEX","",39,"20",,"4.51","27.7"
"Wilson, Weston",642215,136,"SEA","3B",31,"26",,"4.51","27.7"
"Hernaiz, Darell",687231,133,"ATH","SS",24,"40",,"4.33","27.7"
"Giménez, Andrés",665926,141,"TOR","SS",27,"115","1","4.30","27.7"
"Velázquez, Nelson",676369,138,"STL","LF",27,"29",,"4.46","27.7"
"Freeman, Tyler",671289,115,"COL","RF",27,"107",,"4.50","27.7"
"Young, Jared",676724,121,"NYM","1B",30,"79",,"4.36","27.7"
"Martínez, Angel",682657,114,"CLE","LF",24,"96",,"4.40","27.7"
"Garcia, Maikel",672580,118,"KC","3B",26,"117",,"4.50","27.7"
"Yorke, Nick",694377,134,"PIT","3B",24,"36",,"4.53","27.7"
"Williams, Alika",675961,133,"ATH","SS",27,"39",,"4.46","27.6"
"Ohtani, Shohei",660271,119,"LAD","DH",31,"134",,"4.23","27.6"
"Thompson, Sterlin",694514,115,"COL","DH",25,"30",,"4.43","27.6"
"Harris II, Michael",671739,144,"ATL","CF",25,"165","1","4.28","27.6"
"Schneemann, Daniel",682177,114,"CLE","3B",29,"87",,"4.42","27.6"
"Pereira, Everson",677592,145,"CWS","RF",25,"27",,"4.40","27.6"
"Rooker, Brent",667670,133,"ATH","DH",31,"47",,"4.57","27.6"
"Torres, Bryan",663494,138,"STL","LF",28,"30",,"4.35","27.6"
"Wetherholt, JJ",802139,138,"STL","2B",23,"164",,"4.24","27.6"
"Edman, Tommy",669242,119,"LAD","2B",31,"51",,"4.37","27.6"
"Millas, Drew",686452,120,"WSH","C",28,"57",,"4.41","27.6"
"Foscue, Justin",679822,140,"TEX","2B",27,"40",,"4.48","27.6"
"Bleday, JJ",668709,113,"CIN","LF",28,"82",,"4.41","27.5"
"Kim, Ha-Seong",673490,144,"ATL","SS",30,"21",,"4.53","27.5"
"Collins, Isaac",686555,118,"KC","LF",28,"120","1","4.45","27.5"
"Nootbaar, Lars",663457,138,"STL","LF",28,"59",,"4.30","27.5"
"Altuve, Jose",514888,117,"HOU","2B",36,"138","8","4.36","27.5"
"Bellinger, Cody",641355,147,"NYY","LF",30,"132",,"4.20","27.5"
"Bader, Harrison",664056,137,"SF","CF",32,"38",,"4.44","27.5"
"Durán, Rodolfo",660710,135,"SD","C",28,"35",,"4.47","27.5"
"Kiner-Falefa, Isiah",643396,111,"BOS","2B",31,"57",,"4.43","27.4"
"Wong, Connor",657136,111,"BOS","C",30,"69",,"4.48","27.4"
"Dingler, Dillon",693307,116,"DET","C",27,"145",,"4.51","27.4"
"Anthony, Roman",701350,111,"BOS","LF",22,"46",,"4.42","27.4"
"Ward, Taylor",621493,110,"BAL","LF",32,"155",,"4.50","27.4"
"Rivas, Leo",660844,136,"SEA","3B",28,"33",,,"27.4"
"Mayer, Marcelo",691785,111,"BOS","2B",23,"92",,"4.45","27.4"
"Isbel, Kyle",664728,118,"KC","CF",29,"64",,"4.48","27.4"
"Tawa, Tim",694374,109,"AZ","LF",27,"55",,"4.48","27.4"
"Naylor, Bo",666310,114,"CLE","C",26,"25",,"4.41","27.3"
"Ramírez, Agustín",682663,146,"MIA","C",24,"50",,"4.67","27.3"
"Fermín, José",665877,138,"STL","3B",27,"79",,"4.44","27.3"
"Andujar, Miguel",609280,135,"SD","DH",31,"124",,"4.46","27.3"
"Rushing, Dalton",687221,119,"LAD","C",25,"65",,"4.45","27.3"
"Rincones Jr., Gabriel",687282,143,"PHI","RF",25,"28",,"4.45","27.3"
"Rocchio, Brayan",677587,114,"CLE","SS",25,"155",,"4.50","27.3"
"Goodman, Hunter",696100,115,"COL","C",26,"94",,"4.55","27.3"
"Varsho, Daulton",662139,141,"TOR","CF",29,"128",,"4.31","27.3"
"Gilbert, Drew",687551,137,"SF","CF",25,"92",,"4.35","27.3"
"Lee, Jung Hoo",808982,137,"SF","RF",27,"201",,"4.32","27.3"
"Feduccia, Hunter",676439,139,"TB","C",29,"48",,"4.52","27.3"
"Wood, James",695578,120,"WSH","RF",23,"146","4","4.28","27.3"
"Acuña Jr., Ronald",660670,144,"ATL","RF",28,"62","1","4.42","27.3"
"Hays, Austin",669720,145,"CWS","LF",30,"19",,"4.50","27.3"
"O'Hoppe, Logan",681351,108,"LAA","C",26,"76",,"4.53","27.3"
"Meidroth, Chase",805367,145,"CWS","2B",24,"176",,"4.44","27.3"
"Contreras, Willson",575929,111,"BOS","1B",34,"117",,"4.59","27.2"
"Short, Zack",670097,121,"NYM","SS",31,"10",,,"27.2"
"Delgado, Raynel",669384,117,"HOU","3B",26,"16",,"4.42","27.2"
"Yelich, Christian",592885,158,"MIL","DH",34,"125",,"4.45","27.2"
"Castellanos, Nick",592206,135,"SD","RF",34,"31",,"4.46","27.2"
"Grichuk, Randal",545341,145,"CWS","LF",34,"57",,"4.58","27.2"
"Piñango, Yohendrick",682818,141,"TOR","LF",24,"63",,"4.49","27.2"
"Fermin, Freddy",666023,135,"SD","C",31,"52",,"4.56","27.2"
"Harper, Bryce",547180,143,"PHI","1B",33,"146",,"4.48","27.2"
"Burger, Jake",669394,140,"TEX","1B",30,"132",,"4.49","27.2"
"Trammell, Taylor",666211,117,"HOU","CF",28,"42",,"4.32","27.2"
"Correa, Carlos",621043,117,"HOU","SS",31,"58",,"4.61","27.2"
"Melendez, MJ",669004,121,"NYM","DH",27,"29",,,"27.2"
"Smith, Will",669257,119,"LAD","C",31,"50",,"4.59","27.2"
"Song, Sung-Mun",823550,135,"SD","2B",29,"45",,"4.33","27.2"
"Bericoto, Victor",682674,137,"SF","LF",24,"25",,"4.66","27.1"
"Yastrzemski, Mike",573262,144,"ATL","LF",35,"87",,"4.41","27.1"
"Ramos, Heliot",671218,137,"SF","LF",26,"119",,"4.52","27.2"
"Soderstrom, Tyler",691016,133,"ATH","LF",24,"151",,"4.41","27.1"
"Báez, Javier",595879,116,"DET","SS",33,"43",,"4.48","27.1"
"Jackson, Jeremiah",669236,110,"BAL","2B",26,"92",,"4.66","27.1"
"Vargas, Ildemaro",545121,109,"AZ","1B",34,"135","1","4.43","27.1"
"Emerson, Colt",806068,136,"SEA","SS",20,"66",,"4.34","27.1"
"Roden, Alan",702176,142,"MIN","RF",26,"13",,,"27.1"
"Wilson, Jacob",805779,133,"ATH","SS",24,"126","1","4.49","27.1"
"White, Tommy",695720,133,"ATH","3B",23,"26",,"4.61","27.1"
"Rengifo, Luis",650859,135,"SD","3B",29,"121",,"4.35","27.1"
"Lukes, Nathan",664770,141,"TOR","RF",31,"116",,"4.43","27.1"
"Susac, Daniel",691740,137,"SF","C",25,"40",,"4.58","27.0"
"Albies, Ozzie",645277,144,"ATL","2B",29,"164",,"4.29","27.0"
"Joe, Connor",656582,136,"SEA","RF",33,"12",,,"27.0"
"Bogaerts, Xander",593428,135,"SD","SS",33,"164",,"4.48","27.0"
"Karros, Kyle",691720,115,"COL","3B",23,"131",,"4.60","27.0"
"Muncy, Max",571970,119,"LAD","3B",35,"105",,"4.43","27.0"
"Rodríguez, Endy",682848,134,"PIT","C",26,"38",,,"27.0"
"Schneider, Davis",676914,141,"TOR","LF",27,"28",,"4.59","27.0"
"Vivas, Jorbit",678391,120,"WSH","3B",25,"96",,"4.50","27.0"
"Refsnyder, Rob",608701,136,"SEA","DH",35,"32",,"4.55","27.0"
"Perdomo, Geraldo",672695,109,"AZ","SS",26,"167",,"4.53","27.0"
"Caglianone, Jac",695506,118,"KC","RF",23,"152",,"4.44","27.0"
"Mead, Curtis",678554,111,"BOS","3B",25,"111",,"4.67","27.0"
"Massey, Michael",686681,118,"KC","2B",28,"110",,"4.49","27.0"
"Murakami, Munetaka",808959,145,"CWS","1B",26,"80",,"4.38","27.0"
"Teel, Kyle",691019,145,"CWS","C",24,"22",,,"27.0"
"Monasterio, Andruw",655316,111,"BOS","SS",29,"63",,"4.54","27.0"
"Fortes, Nick",663743,139,"TB","C",29,"119",,"4.51","27.0"
"Stephenson, Tyler",663886,113,"CIN","C",29,"66",,"4.60","26.9"
"Arozarena, Randy",668227,136,"SEA","LF",31,"156",,"4.43","27.0"
"Kwan, Steven",680757,114,"CLE","LF",28,"157",,"4.32","26.9"
"Murray, Tanner",695020,145,"CWS","LF",26,"11",,,"26.9"
"Lowe, Brandon",664040,134,"PIT","2B",31,"129",,"4.33","26.9"
"Hayes, Ke'Bryan",663647,113,"CIN","3B",29,"42",,"4.61","26.9"
"Morel, Christopher",666624,146,"MIA","1B",27,"19",,,"26.9"
"Jansen, Danny",643376,140,"TEX","C",31,"36",,"4.59","26.9"
"Bauers, Jake",641343,158,"MIL","1B",30,"135",,"4.48","26.9"
"Gonzalez, Romy",663853,111,"BOS","DH",29,"30",,"4.49","26.9"
"Carpenter, Kerry",681481,116,"DET","RF",28,"55",,"4.44","26.9"
"Freeland, Alex",690976,119,"LAD","2B",24,"77",,"4.52","26.9"
"Stubbs, Garrett",596117,143,"PHI","C",33,"11",,"4.36","26.9"
"Kelenic, Jarred",672284,140,"TEX","RF",26,"16",,,"26.9"
"Palacios, Richie",680700,139,"TB","2B",29,"90",,"4.40","26.9"
"Dubón, Mauricio",643289,144,"ATL","LF",31,"157",,"4.40","26.8"
"Allen, Nick",669397,117,"HOU","SS",27,"45",,"4.50","26.8"
"Crooks, Jimmy",699625,138,"STL","C",24,"18",,"4.47","26.8"
"O'Hearn, Ryan",656811,134,"PIT","RF",32,"128",,"4.57","26.8"
"Gasper, Mickey",681508,111,"BOS","DH",30,"44",,"4.43","26.8"
"Baty, Brett",683146,121,"NYM","3B",26,"127",,"4.42","26.8"
"Springer, George",543807,141,"TOR","DH",36,"110",,"4.64","26.8"
"Rice, Ben",700250,147,"NYY","1B",27,"141",,"4.56","26.8"
"Groover, LuJames",694410,109,"AZ","1B",24,"20",,"4.63","26.8"
"Madrigal, Nick",663611,108,"LAA","2B",29,"26",,"4.37","26.8"
"Friedl, TJ",670770,113,"CIN","CF",30,"63",,"4.42","26.8"
"Larnach, Trevor",663616,142,"MIN","LF",29,"120",,"4.61","26.8"
"Urías, Ramón",602104,138,"STL","3B",32,"22",,"4.66","26.7"
"Ward, Ryan",669899,119,"LAD","LF",28,"19",,,"26.7"
"Greene, Riley",682985,116,"DET","LF",25,"129",,"4.72","26.7"
"Arias, Gabriel",672356,114,"CLE","3B",26,"37",,"4.63","26.7"
"Sosa, Lenyn",672820,141,"TOR","2B",26,"40",,"4.72","26.7"
"Arraez, Luis",650333,137,"SF","2B",29,"189",,"4.55","26.7"
"Judge, Aaron",592450,147,"NYY","RF",34,"76","1","4.84","26.7"
"Julien, Edouard",666397,115,"COL","2B",27,"93",,"4.54","26.7"
"Stewart, Sal",701398,113,"CIN","1B",22,"141",,"4.68","26.7"
"Grissom, Vaughn",687093,108,"LAA","2B",25,"99",,"4.62","26.7"
"Stowers, Kyle",669065,146,"MIA","1B",28,"96",,"4.52","26.7"
"Bart, Joey",663698,144,"ATL","C",29,"38",,"4.68","26.7"
"Butler, Lawrence",671732,133,"ATH","RF",25,"111",,"4.50","26.7"
"Encarnacion, Jerar",666464,137,"SF","RF",28,"14",,,"26.7"
"Kepler, Max",596146,109,"AZ","LF",33,"24",,,"26.7"
"Grisham, Trent",663757,147,"NYY","CF",29,"113",,"4.53","26.7"
"Gonzalez, Jacob",694378,134,"PIT","1B",24,"36",,"4.55","26.7"
"Marte, Ketel",606466,109,"AZ","2B",32,"153","1","4.49","26.6"
"DeLauter, Chase",800050,114,"CLE","RF",24,"146",,"4.50","26.6"
"Kurtz, Nick",701762,133,"ATH","1B",23,"102",,"4.47","26.6"
"Lindor, Francisco",596019,121,"NYM","SS",32,"70",,"4.52","26.6"
"Sheets, Gavin",657757,135,"SD","1B",30,"125",,"4.51","26.6"
"Benintendi, Andrew",643217,145,"CWS","DH",31,"99",,"4.48","26.6"
"Torrens, Luis",620443,121,"NYM","C",30,"89",,"4.62","26.6"
"Betts, Mookie",605141,119,"LAD","SS",33,"81",,"4.60","26.5"
"Montgomery, Colson",695657,145,"CWS","SS",24,"92",,"4.66","26.5"
"Brito, Juan",682877,114,"CLE","2B",24,"24",,,"26.5"
"García, Adolis",666969,143,"PHI","RF",33,"68",,"4.50","26.5"
"Bohm, Alec",664761,143,"PHI","3B",29,"173",,"4.69","26.5"
"García Jr., Luis",671277,120,"WSH","1B",26,"139",,"4.35","26.5"
"Pauley, Graham",688363,146,"MIA","3B",25,"40",,"4.60","26.5"
"Jeffers, Ryan",680777,142,"MIN","C",29,"64",,"4.64","26.5"
"Conine, Griffin",665052,146,"MIA","RF",28,"44",,"4.48","26.5"
"Espinal, Santiago",669289,119,"LAD","3B",31,"23",,"4.44","26.4"
"Walton, Donovan",622268,133,"ATH","2B",32,"59",,"4.48","26.4"
"Moncada, Yoán",660162,108,"LAA","3B",31,"27",,"4.39","26.4"
"Lee, Brooks",686797,142,"MIN","3B",25,"152",,"4.46","26.4"
"Torkelson, Spencer",679529,116,"DET","1B",26,"93","1","4.73","26.4"
"Caminero, Junior",691406,139,"TB","3B",22,"170",,"4.62","26.4"
"Sánchez, Jesús",660821,141,"TOR","RF",28,"78",,"4.56","26.4"
"Wagaman, Eric",676572,121,"NYM","",28,"13",,"4.66","26.3"
"Okamoto, Kazuma",672960,141,"TOR","3B",30,"128",,"4.49","26.3"
"Rogers, Jake",668670,116,"DET","C",31,"27",,,"26.3"
"Del Castillo, Adrian",680728,109,"AZ","DH",26,"44",,"4.54","26.3"
"Tucker, Kyle",663656,119,"LAD","RF",29,"117",,"4.55","26.3"
"Rojas, Josh",668942,118,"KC","3B",32,"24",,"4.45","26.3"
"Fry, David",681807,114,"CLE","LF",30,"52",,"4.82","26.3"
"Yoshida, Masataka",807799,111,"BOS","DH",32,"99",,"4.41","26.2"
"Gray, Tristan",656484,142,"MIN","SS",30,"49",,"4.61","26.2"
"Mack, Joe",691788,146,"MIA","C",23,"65",,"4.57","26.2"
"Frazier, Adam",624428,108,"LAA","2B",34,"31",,"4.64","26.2"
"Escarra, J.C.",641555,147,"NYY","C",31,"41",,"4.57","26.2"
"Rutschman, Adley",668939,110,"BAL","C",28,"95",,"4.50","26.2"
"Guerrero Jr., Vladimir",665489,141,"TOR","1B",27,"168",,"4.58","26.2"
"Polanco, Jorge",593871,121,"NYM","DH",32,"31",,"4.32","26.2"
"Romo, Drew",691011,145,"CWS","C",24,"41",,"4.56","26.2"
"Bregman, Alex",608324,112,"CHC","3B",32,"154",,"4.66","26.2"
"Canzone, Dominic",686527,136,"SEA","DH",28,"95",,"4.50","26.1"
"Bell, Josh",605137,142,"MIN","DH",33,"138",,"4.71","26.1"
"Eldridge, Bryce",805811,137,"SF","DH",21,"77",,"4.52","26.1"
"Johnston, Troy",687859,115,"COL","RF",29,"122",,"4.50","26.1"
"Wagner, Will",695238,135,"SD","DH",27,"21",,"4.61","26.1"
"Crawford, J.P.",641487,136,"SEA","SS",31,"107",,"4.61","26.1"
"Smith, Dominic",642086,144,"ATL","DH",31,"89",,"4.52","26.1"
"Díaz, Yandy",650490,139,"TB","DH",34,"186",,"4.66","26.1"
"Devers, Rafael",646240,137,"SF","1B",29,"147","1","4.61","26.1"
"Marchán, Rafael",665561,143,"PHI","C",27,"25",,,"26.0"
"Bichette, Bo",666182,121,"NYM","3B",28,"165",,"4.70","26.0"
"Moreno, Gabriel",672515,109,"AZ","C",26,"127",,"4.49","26.0"
"Rojas, Miguel",500743,119,"LAD","2B",37,"73",,"4.59","26.0"
"Gurriel Jr., Lourdes",666971,109,"AZ","LF",32,"62",,"4.65","26.0"
"Baldwin, Drake",686948,144,"ATL","C",25,"124","1","4.44","26.0"
"McNeil, Jeff",643446,133,"ATH","2B",34,"113",,"4.38","26.0"
"Jiménez, Eloy",650391,141,"TOR","DH",29,"12",,,"26.0"
"Conforto, Michael",624424,112,"CHC","RF",33,"55",,"4.61","26.0"
"Cortes, Carlos",666126,133,"ATH","RF",29,"104",,"4.59","26.0"
"Wallner, Matt",670242,142,"MIN","RF",28,"35",,"4.43","26.0"
"Soler, Jorge",624585,108,"LAA","DH",34,"90",,"4.80","26.0"
"Suárez, Eugenio",553993,113,"CIN","DH",34,"68",,"4.74","25.9"
"Marte, Starling",516782,118,"KC","RF",37,"49",,"4.44","25.9"
"Encarnacion-Strand, Christian",687952,110,"BAL","3B",26,"10",,,"25.9"
"Locklear, Tyler",682988,109,"AZ","1B",25,"14",,"4.73","25.9"
"Herrera, Iván",671056,138,"STL","DH",26,"174",,"4.73","25.9"
"Schwarber, Kyle",656941,143,"PHI","DH",33,"79",,"4.55","25.9"
"Busch, Michael",683737,112,"CHC","1B",28,"152",,"4.65","25.9"
"Mauricio, Ronny",677595,121,"NYM","SS",25,"15",,,"25.9"
"Soto, Juan",665742,121,"NYM","LF",27,"106",,"4.48","25.9"
"Wells, Austin",669224,147,"NYY","C",26,"56",,"4.66","25.9"
"Contreras, William",661388,158,"MIL","C",28,"150",,"4.59","25.9"
"Walker, Christian",572233,117,"HOU","1B",35,"149",,"4.70","25.8"
"Jung, Josh",673962,140,"TEX","3B",28,"159",,"4.73","25.8"
"Diaz, Yainer",673237,117,"HOU","C",27,"96",,"4.51","25.8"
"Schanuel, Nolan",694384,108,"LAA","1B",24,"144",,"4.59","25.8"
"Cavanaugh, Drew",701852,137,"SF","C",24,"15",,,"25.8"
"McMahon, Ryan",641857,147,"NYY","3B",31,"64",,"4.61","25.8"
"Raleigh, Cal",663728,136,"SEA","C",29,"60",,"4.71","25.8"
"Heineman, Tyler",623168,108,"LAA","C",35,"44",,"4.55","25.8"
"Vaughn, Andrew",683734,158,"MIL","1B",28,"83",,"4.77","25.8"
"Hicks, Liam",689414,146,"MIA","DH",27,"155",,"4.64","25.8"
"Kelly, Carson",608348,112,"CHC","C",31,"105",,"4.81","25.8"
"Campusano, Luis",669134,135,"SD","C",27,"38",,"4.87","25.8"
"Lowe, Nathaniel",663993,113,"CIN","DH",30,"82",,"4.62","25.7"
"Pasquantino, Vinnie",686469,118,"KC","1B",28,"93",,"4.75","25.7"
"Vientos, Mark",668901,121,"NYM","1B",26,"79",,"4.76","25.7"
"Aranda, Jonathan",666018,139,"TB","1B",28,"124",,"4.56","25.6"
"Urías, Luis",649966,141,"TOR","2B",29,"16",,"4.69","25.6"
"Jordan, Blaze",691458,138,"STL","3B",23,"57",,"4.76","25.6"
"Valenzuela, Brandon",678218,141,"TOR","C",25,"52",,"4.72","25.6"
"Alvarez, Francisco",682626,121,"NYM","C",24,"91",,"4.72","25.5"
"Burleson, Alec",676475,138,"STL","1B",27,"162",,"4.48","25.5"
"Wade Jr., LaMonte",664774,117,"HOU","LF",32,"23",,"4.70","25.5"
"Sánchez, Ali",645305,147,"NYY","C",29,"15",,"4.93","25.5"
"Pagés, Pedro",686780,138,"STL","C",27,"47",,"4.79","25.5"
"Seigler, Anthony",678011,111,"BOS","2B",27,"43",,,"25.5"
"Valera, George",671655,114,"CLE","LF",25,"16",,,"25.5"
"Rivero, Sebastián",665861,108,"LAA","C",27,"16",,,"25.5"
"Arcia, Orlando",606115,142,"MIN","SS",31,"27",,"4.76","25.5"
"Manzardo, Kyle",700932,114,"CLE","1B",25,"83",,"4.64","25.4"
"Olson, Matt",621566,144,"ATL","1B",32,"146",,"4.76","25.4"
"Goldschmidt, Paul",502671,147,"NYY","1B",38,"101",,"4.73","25.4"
"Bailey, Patrick",672275,114,"CLE","C",27,"75",,"4.76","25.3"
"Freeman, Freddie",518692,119,"LAD","1B",36,"158",,"4.72","25.3"
"Narváez, Carlos",665966,111,"BOS","C",27,"44",,"4.90","25.3"
"Arenado, Nolan",571448,109,"AZ","3B",35,"126",,"4.76","25.3"
"Amaya, Miguel",665804,112,"CHC","C",27,"50",,"4.75","25.3"
"Alonso, Pete",624413,110,"BAL","1B",31,"123",,"4.82","25.3"
"Ruiz, Keibert",660688,120,"WSH","C",27,"94",,"4.81","25.2"
"McCann, James",543510,109,"AZ","C",36,"35",,"4.79","25.2"
"Torres, Gleyber",650402,116,"DET","2B",29,"82",,"4.83","25.2"
"Donovan, Brendan",680977,136,"SEA","3B",29,"35",,"4.58","25.2"
"Pederson, Joc",592626,140,"TEX","DH",34,"92",,"4.59","25.2"
"Gorman, Nolan",669357,138,"STL","3B",26,"52",,"4.55","25.2"
"Heim, Jonah",641680,133,"ATH","C",31,"76",,"4.85","25.1"
"Garver, Mitch",641598,136,"SEA","C",35,"32",,"4.79","25.1"
"Chaparro, Andrés",665953,120,"WSH","1B",27,"30",,"4.91","25.1"
"Machado, Manny",592518,135,"SD","3B",33,"117",,"4.77","25.1"
"Paredes, Isaac",670623,117,"HOU","3B",27,"101",,"4.96","25.0"
"Rumfield, TJ",681198,115,"COL","1B",26,"150",,"4.69","25.0"
"d'Arnaud, Travis",518595,108,"LAA","C",37,"12",,,"25.0"
"Seager, Corey",608369,140,"TEX","SS",32,"57",,"4.78","25.0"
"Basallo, Samuel",694212,110,"BAL","C",21,"92",,"4.86","25.0"
"Wynns, Austin",642851,140,"TEX","C",35,"18",,"4.92","24.9"
"Alvarez, Yordan",670541,117,"HOU","DH",29,"93",,"4.75","24.9"
"France, Ty",664034,135,"SD","1B",31,"90",,"4.90","24.8"
"Horwitz, Spencer",687462,134,"PIT","1B",28,"100",,"4.75","24.9"
"Hoskins, Rhys",656555,114,"CLE","1B",33,"69",,"4.94","24.8"
"Ozuna, Marcell",542303,134,"PIT","DH",35,"56",,"4.88","24.8"
"Pozo, Yohel",650968,110,"BAL","DH",29,"15",,,"24.7"
"Naylor, Josh",647304,136,"SEA","1B",29,"149",,"4.75","24.6"
"Smith, Pavin",656976,109,"AZ","1B",30,"26",,"4.79","24.6"
"Ballesteros, Moisés",694208,112,"CHC","DH",22,"54",,"4.75","24.6"
"Higashioka, Kyle",543309,140,"TEX","C",36,"45",,"4.89","24.6"
"Sánchez, Gary",596142,158,"MIL","C",33,"52",,"4.83","24.5"
"Hedges, Austin",595978,114,"CLE","C",33,"57",,"5.06","24.4"
"Díaz, Elias",553869,140,"TEX","C",35,"38",,"4.88","24.5"
"Valencia, Eduardo",680664,116,"DET","DH",26,"10",,,"24.4"
"Tromp, Chadwick",644433,110,"BAL","C",31,"18",,,"24.4"
"Pereda, Jhonny",640902,136,"SEA","C",30,"20",,,"24.4"
"Caratini, Victor",605170,142,"MIN","C",32,"89",,"4.96","24.4"
"Quero, Edgar",700337,145,"CWS","C",23,"56",,"4.88","24.3"
"Perez, Salvador",521692,118,"KC","DH",36,"133",,"4.97","23.9"
"Stanton, Giancarlo",519317,147,"NYY","DH",36,"25",,,"23.8"
"Trevino, Jose",624431,113,"CIN","C",33,"34",,"4.99","23.4"
"Vázquez, Christian",543877,117,"HOU","C",35,"67",,"5.06","23.4"
"Kirk, Alejandro",672386,141,"TOR","C",27,"48",,"4.89","23.0"
"León, Sandy",506702,144,"ATL","C",37,"11",,,"22.1"